nccr_bucket,composition_key,composition,paired_n,performance_retention_count,performance_retention_rate_pct,performance_retention_ci95_low,performance_retention_ci95_high,resource_saving_count,resource_saving_rate_pct,resource_saving_ci95_low,resource_saving_ci95_high,joint_success_count,joint_success_rate_pct,joint_success_ci95_low,joint_success_ci95_high
"(0.10, 0.18]",x,Balanced (CCR ~= IDR),488,90,18.442622950819672,14.959016393442623,21.92622950819672,481,98.56557377049181,97.3360655737705,99.59016393442623,90,18.442622950819672,15.163934426229508,21.92622950819672
"(0.10, 0.18]",y,Image-dominant (CCR < IDR),274,65,23.722627737226276,18.613138686131386,28.83211678832117,268,97.81021897810218,95.98540145985402,99.27007299270073,61,22.26277372262774,17.51824817518248,27.37226277372263
"(0.10, 0.18]",z,Data-dominant (CCR > IDR),475,69,14.526315789473685,11.368421052631579,17.68421052631579,471,99.15789473684211,98.3157894736842,99.78947368421052,69,14.526315789473685,11.368421052631579,17.894736842105264
"(0.18, 0.32]",x,Balanced (CCR ~= IDR),394,88,22.33502538071066,18.274111675126903,26.395939086294415,385,97.71573604060913,96.19289340101523,98.98477157360406,87,22.081218274111674,18.02030456852792,26.14213197969543
"(0.18, 0.32]",y,Image-dominant (CCR < IDR),238,89,37.39495798319328,31.092436974789916,43.69747899159664,225,94.53781512605042,91.59663865546219,97.05882352941177,84,35.294117647058826,29.41176470588235,41.186974789915816
"(0.18, 0.32]",z,Data-dominant (CCR > IDR),417,63,15.107913669064748,11.750599520383693,18.705035971223023,409,98.08153477218225,96.64268585131894,99.28057553956835,61,14.628297362110311,11.270983213429256,18.225419664268586
"(0.32, 0.56]",x,Balanced (CCR ~= IDR),285,136,47.719298245614034,42.10526315789474,53.333333333333336,272,95.43859649122807,92.98245614035088,97.54385964912281,127,44.56140350877193,38.94736842105263,50.526315789473685
"(0.32, 0.56]",y,Image-dominant (CCR < IDR),184,119,64.67391304347827,57.608695652173914,71.73913043478261,178,96.73913043478261,94.02173913043478,98.91304347826087,115,62.5,55.43478260869565,69.56521739130434
"(0.32, 0.56]",z,Data-dominant (CCR > IDR),469,146,31.13006396588486,26.865671641791046,35.39445628997868,460,98.08102345415779,96.80170575692964,99.14712153518124,144,30.70362473347548,26.439232409381663,34.9680170575693
"(0.56, 1.00]",x,Balanced (CCR ~= IDR),173,123,71.09826589595376,64.16184971098266,77.45664739884393,161,93.0635838150289,89.01734104046243,96.53179190751445,114,65.89595375722543,58.959537572254334,72.83236994219654
"(0.56, 1.00]",y,Image-dominant (CCR < IDR),154,128,83.11688311688312,76.62337662337663,88.96103896103897,140,90.9090909090909,86.36363636363636,94.8051948051948,115,74.67532467532467,67.53246753246754,81.16883116883118
"(0.56, 1.00]",z,Data-dominant (CCR > IDR),495,298,60.2020202020202,55.95959595959596,64.64646464646465,466,94.14141414141415,91.91919191919192,96.16161616161617,278,56.16161616161616,51.91919191919192,60.60606060606061
"(1.00, 1.78]",x,Balanced (CCR ~= IDR),108,98,90.74074074074075,85.18518518518519,95.37037037037037,100,92.5925925925926,87.03703703703704,97.22222222222223,90,83.33333333333333,75.92592592592592,89.81481481481481
"(1.00, 1.78]",y,Image-dominant (CCR < IDR),397,389,97.98488664987406,96.4735516372796,99.24433249370277,366,92.19143576826197,89.4206549118388,94.7103274559194,358,90.17632241813602,86.90176322418137,92.9471032745592
"(1.00, 1.78]",z,Data-dominant (CCR > IDR),490,432,88.16326530612245,85.3061224489796,91.0204081632653,462,94.28571428571429,92.24489795918367,96.3265306122449,408,83.26530612244898,79.79591836734694,86.53061224489795
"(1.78, 3.16]",x,Balanced (CCR ~= IDR),59,57,96.61016949152543,91.52542372881356,100.0,58,98.30508474576271,94.91525423728814,100.0,56,94.91525423728814,88.13559322033899,100.0
"(1.78, 3.16]",y,Image-dominant (CCR < IDR),186,185,99.46236559139786,98.38709677419355,100.0,182,97.84946236559139,95.6989247311828,99.46236559139786,181,97.31182795698925,94.6236559139785,99.46236559139786
"(1.78, 3.16]",z,Data-dominant (CCR > IDR),493,451,91.48073022312373,88.84381338742394,93.91480730223124,485,98.37728194726166,97.16024340770791,99.39148073022312,443,89.8580121703854,87.2210953346856,92.49492900608519
"(3.16, 5.62]",x,Balanced (CCR ~= IDR),31,30,96.7741935483871,90.3225806451613,100.0,31,100.0,100.0,100.0,30,96.7741935483871,90.3225806451613,100.0
"(3.16, 5.62]",y,Image-dominant (CCR < IDR),199,199,100.0,100.0,100.0,198,99.49748743718592,98.49246231155779,100.0,198,99.49748743718592,98.49246231155779,100.0
"(3.16, 5.62]",z,Data-dominant (CCR > IDR),493,436,88.43813387423936,85.59837728194726,91.27789046653145,493,100.0,100.0,100.0,436,88.43813387423936,85.59837728194726,91.07505070993915
"(5.62, 10.00]",x,Balanced (CCR ~= IDR),12,12,100.0,100.0,100.0,12,100.0,100.0,100.0,12,100.0,100.0,100.0
"(5.62, 10.00]",y,Image-dominant (CCR < IDR),254,253,99.60629921259843,98.81889763779527,100.0,254,100.0,100.0,100.0,253,99.60629921259843,98.81889763779527,100.0
"(5.62, 10.00]",z,Data-dominant (CCR > IDR),488,424,86.88524590163935,83.81147540983606,89.75409836065573,488,100.0,100.0,100.0,424,86.88524590163935,83.81147540983606,89.75409836065573
