nccr_bucket,composition_key,composition,paired_n,gain_g_over_d_pct,delta_m_g_over_n_pct,delta_u_g_over_n_pct
"(0.10, 0.18]",x,Balanced (CCR ~= IDR),488,-4.148560788640964,4.706637140903892,17.19576045483056
"(0.10, 0.18]",y,Image-dominant (CCR < IDR),274,-3.058813438484234,4.208758232355374,15.611116119064626
"(0.10, 0.18]",z,Data-dominant (CCR > IDR),475,-5.434093041310909,5.728830154046024,19.227490011066486
"(0.18, 0.32]",x,Balanced (CCR ~= IDR),394,-3.4916160589666134,4.1145024509273025,15.296055645898193
"(0.18, 0.32]",y,Image-dominant (CCR < IDR),238,-2.0771699056429425,3.774832712032967,14.068938686518395
"(0.18, 0.32]",z,Data-dominant (CCR > IDR),417,-5.540245353917339,5.314727197753383,17.46952165198828
"(0.32, 0.56]",x,Balanced (CCR ~= IDR),285,-0.899364721446784,3.8724581777443237,13.780537691072125
"(0.32, 0.56]",y,Image-dominant (CCR < IDR),184,2.076645377747765,4.135866077833615,12.614369382738133
"(0.32, 0.56]",z,Data-dominant (CCR > IDR),469,-4.598099600851002,5.2018922069991005,16.460441657132467
"(0.56, 1.00]",x,Balanced (CCR ~= IDR),173,4.96547647770231,5.365704520357127,14.262920734613571
"(0.56, 1.00]",y,Image-dominant (CCR < IDR),154,7.251603901911227,4.432146791723584,12.598010369448986
"(0.56, 1.00]",z,Data-dominant (CCR > IDR),495,0.6959994043711428,7.574644629169893,14.942789150074962
"(1.00, 1.78]",x,Balanced (CCR ~= IDR),108,16.191799422378384,7.527992102706071,15.610391293171501
"(1.00, 1.78]",y,Image-dominant (CCR < IDR),397,21.144575077232062,4.9626789282085895,14.707284721007147
"(1.00, 1.78]",z,Data-dominant (CCR > IDR),490,12.641270950781449,7.147441431181119,16.874171328109817
"(1.78, 3.16]",x,Balanced (CCR ~= IDR),59,23.433638521135972,10.66675524737005,21.860138163146726
"(1.78, 3.16]",y,Image-dominant (CCR < IDR),186,25.109190176020054,10.375436094420666,21.496990101774745
"(1.78, 3.16]",z,Data-dominant (CCR > IDR),493,16.86088404012804,11.726870915489915,21.322184534700632
"(3.16, 5.62]",x,Balanced (CCR ~= IDR),31,25.272697340953837,14.610660496405925,32.72009417810224
"(3.16, 5.62]",y,Image-dominant (CCR < IDR),199,29.602089425641466,12.817652993287751,28.921213025624507
"(3.16, 5.62]",z,Data-dominant (CCR > IDR),493,17.52198382321445,16.171226772729494,28.822590317578143
"(5.62, 10.00]",x,Balanced (CCR ~= IDR),12,32.15625138032407,11.126232967775257,35.45862022083559
"(5.62, 10.00]",y,Image-dominant (CCR < IDR),254,32.22749579280876,8.911946331565401,36.20000392214668
"(5.62, 10.00]",z,Data-dominant (CCR > IDR),488,16.74878730961042,17.11194647028039,38.41339382172294
