scenario,nccr_bucket,composition,paired_n,performance_retention_count,performance_retention_rate_pct,performance_retention_ci95_low_pct,performance_retention_ci95_high_pct,resource_saving_count,resource_saving_rate_pct,resource_saving_ci95_low_pct,resource_saving_ci95_high_pct,joint_success_count,joint_success_rate_pct,joint_success_ci95_low_pct,joint_success_ci95_high_pct
e01x,"(0.10, 0.18]",Balanced (CCR ~= IDR),284,50,17.6056338028169,13.61677438320988,22.45917850198809,279,98.23943661971832,95.9455257587323,99.24571831439681,50,17.6056338028169,13.61677438320988,22.45917850198809
e01y,"(0.10, 0.18]",Image-dominant (CCR < IDR),274,65,23.722627737226276,19.070856381274346,29.101051641138426,268,97.8102189781022,95.30568979221621,98.99264422256056,61,22.26277372262774,17.739554156646562,27.55301542256692
e01z,"(0.10, 0.18]",Data-dominant (CCR > IDR),475,69,14.526315789473685,11.641980840714403,17.979839819813005,471,99.1578947368421,97.8549782524851,99.67205365117573,69,14.526315789473685,11.641980840714403,17.979839819813005
e02x,"(0.18, 0.32]",Balanced (CCR ~= IDR),250,52,20.8,16.22930646183891,26.254510217539096,246,98.4,95.95895595167768,99.37608763455877,52,20.8,16.22930646183891,26.254510217539096
e02y,"(0.18, 0.32]",Image-dominant (CCR < IDR),238,89,37.39495798319328,31.493698822871234,43.69667371849468,225,94.53781512605042,90.88023203717762,96.78045164999612,84,35.294117647058826,29.500178577261664,41.555256054331906
e02z,"(0.18, 0.32]",Data-dominant (CCR > IDR),417,63,15.107913669064748,11.990002840316887,18.86284060481781,409,98.08153477218225,96.26049654783381,99.02476042295994,61,14.628297362110313,11.559405282133351,18.342961784240313
e03x,"(0.32, 0.56]",Balanced (CCR ~= IDR),270,133,49.25925925925926,43.348183028282584,55.19111852414772,257,95.18518518518519,91.93766972044799,97.16493558130311,124,45.925925925925924,40.08038587745259,51.88577266091412
e03y,"(0.32, 0.56]",Image-dominant (CCR < IDR),184,119,64.67391304347827,57.531693253499924,71.215932405566,178,96.73913043478261,93.06937906666766,98.49713229183864,115,62.5,55.31629835685029,69.17241979716884
e03z,"(0.32, 0.56]",Data-dominant (CCR > IDR),469,146,31.13006396588486,27.107032285065724,35.45971311127843,460,98.08102345415777,96.39356682216432,98.98721185720738,144,30.703624733475483,26.699789653027718,35.02100648673665
e04x,"(0.56, 1.00]",Balanced (CCR ~= IDR),269,198,73.60594795539033,68.03292337071682,78.51423072895129,249,92.56505576208178,88.79568846113285,95.13579412803242,182,67.65799256505576,61.85315361384283,72.96558370480652
e04y,"(0.56, 1.00]",Image-dominant (CCR < IDR),154,128,83.11688311688312,76.4114719310695,88.21027544097946,140,90.9090909090909,85.31934321432111,94.5075211864452,115,74.67532467532467,67.26392711633615,80.88561014126894
e04z,"(0.56, 1.00]",Data-dominant (CCR > IDR),495,298,60.2020202020202,55.827264627034346,64.41964340950472,466,94.14141414141413,91.71271070952429,95.89024782480806,278,56.16161616161616,51.7595720896922,60.46875850663336
e05x,"(1.00, 1.78]",Balanced (CCR ~= IDR),305,286,93.77049180327869,90.47605286359261,95.97603131159622,286,93.77049180327869,90.47605286359261,95.97603131159622,268,87.8688524590164,83.72616993321564,91.06945345430726
e05y,"(1.00, 1.78]",Image-dominant (CCR < IDR),397,389,97.98488664987406,96.07455106313714,98.97546370578905,366,92.19143576826197,89.12949809148219,94.44466187594634,358,90.17632241813602,86.8521934396283,92.7303648577141
e05z,"(1.00, 1.78]",Data-dominant (CCR > IDR),490,432,88.16326530612245,85.00177415146129,90.73101142188855,462,94.28571428571428,91.86520429680147,96.01722602093604,408,83.26530612244898,79.70405254885274,86.30901722898695
e06x,"(1.78, 3.16]",Balanced (CCR ~= IDR),286,279,97.55244755244755,95.03489287847081,98.80946900746964,280,97.9020979020979,95.49933014295353,99.03506381567769,273,95.45454545454545,92.37949085589358,97.32467859390248
e06y,"(1.78, 3.16]",Image-dominant (CCR < IDR),186,185,99.46236559139786,97.01787472015778,99.90503364133939,182,97.84946236559139,94.60176960216708,99.16060913884648,181,97.31182795698925,93.86242543992567,98.84644342759337
e06z,"(1.78, 3.16]",Data-dominant (CCR > IDR),493,451,91.48073022312373,88.68435262440848,93.635646345082,485,98.37728194726166,96.83094289183421,99.17551067405076,443,89.8580121703854,86.87747219817946,92.22218451333582
e07x,"(3.16, 5.62]",Balanced (CCR ~= IDR),284,278,97.88732394366197,95.46817373808504,99.02824373597015,283,99.64788732394366,98.03273246785605,99.93781800156881,277,97.53521126760563,95.0005411868704,98.80104968811087
e07y,"(3.16, 5.62]",Image-dominant (CCR < IDR),199,199,100.0,98.10610841168676,100.0,198,99.49748743718592,97.2088760393221,99.91124133305124,198,99.49748743718592,97.2088760393221,99.91124133305124
e07z,"(3.16, 5.62]",Data-dominant (CCR > IDR),493,436,88.43813387423936,85.3134880904294,90.96836914535761,493,100.0,99.22679582386016,100.0,436,88.43813387423936,85.3134880904294,90.96836914535761
e08x,"(5.62, 10.00]",Balanced (CCR ~= IDR),307,306,99.6742671009772,98.17823639428666,99.94247846498573,306,99.6742671009772,98.17823639428666,99.94247846498573,305,99.3485342019544,97.65613418960655,99.82116614599848
e08y,"(5.62, 10.00]",Image-dominant (CCR < IDR),254,253,99.60629921259843,97.80395290113117,99.93047009345155,254,100.0,98.51009301834924,99.99999999999999,253,99.60629921259843,97.80395290113117,99.93047009345155
e08z,"(5.62, 10.00]",Data-dominant (CCR > IDR),488,424,86.88524590163934,83.59997251445027,89.59432418595082,488,100.0,99.2189355272104,100.0,424,86.88524590163934,83.59997251445027,89.59432418595082
