bucket_label,composition_key,composition_label,experiment_key,scenario_key,paired_seed_count,nheft_win_rate_pct,source_run_dir,source_seed_csv,dheft_makespan_n,dheft_makespan_mean,dheft_makespan_sd,dheft_makespan_median,dheft_makespan_q1,dheft_makespan_q3,dheft_makespan_ci95_low,dheft_makespan_ci95_high,nheft_makespan_n,nheft_makespan_mean,nheft_makespan_sd,nheft_makespan_median,nheft_makespan_q1,nheft_makespan_q3,nheft_makespan_ci95_low,nheft_makespan_ci95_high,nheft_gain_over_dheft_pct_n,nheft_gain_over_dheft_pct_mean,nheft_gain_over_dheft_pct_sd,nheft_gain_over_dheft_pct_median,nheft_gain_over_dheft_pct_q1,nheft_gain_over_dheft_pct_q3,nheft_gain_over_dheft_pct_ci95_low,nheft_gain_over_dheft_pct_ci95_high,wilcoxon_nheft_vs_dheft_makespan_n,wilcoxon_nheft_vs_dheft_makespan_nonzero_n,wilcoxon_nheft_vs_dheft_makespan_positive_n,wilcoxon_nheft_vs_dheft_makespan_negative_n,wilcoxon_nheft_vs_dheft_makespan_zero_n,wilcoxon_nheft_vs_dheft_makespan_mean_difference,wilcoxon_nheft_vs_dheft_makespan_median_difference,wilcoxon_nheft_vs_dheft_makespan_statistic,wilcoxon_nheft_vs_dheft_makespan_p_raw,bucket_order,composition_order,wilcoxon_nheft_vs_dheft_makespan_p_holm,wilcoxon_nheft_vs_dheft_makespan_significant_holm
"(0.10, 0.18]",x,Balanced (CCR ~= IDR),e31,b31,480,56.666666666666664,experiments/three/e31/run_20260609_180314_151_500,experiments/three/e31/run_20260609_180314_151_500/e31_seed_metrics_with_b31_flag.csv,480,41.464278125,5.097001623395286,40.83395,37.859700000000004,44.60995,41.01504505208334,41.92072078645833,480,41.28958758229963,5.2889344480207825,40.73076202666027,37.43406788746179,44.62413085829959,40.818054277069585,41.77433332847668,480,0.4495615951546719,2.775987964730783,6.449186544655619e-05,-0.36940048088530075,1.5188285928877059,0.2026174113289692,0.6930528934041843,480,477,272,205,3,0.1746905427003779,2.8340309611962766e-05,44703.5,4.4483377615429676e-05,0,0,0.00026690026569257806,True
"(0.10, 0.18]",y,Image-dominant (CCR < IDR),e41,b41,273,58.24175824175825,experiments/three/e41/run_20260609_195049_151_500,experiments/three/e41/run_20260609_195049_151_500/e41_seed_metrics_with_b41_flag.csv,273,41.6098673992674,4.9084690617189795,41.0545,38.63230000000001,44.567600000000006,41.03150217032967,42.193883818681314,273,41.41223647868812,5.205344213101137,41.01781375656984,37.79704418604651,44.916659850660544,40.78358722964224,42.0351943502866,273,0.5198752202603675,3.3411205560842987,7.068241753893692e-05,-0.3681041158012038,2.047388316209533,0.12932017940676951,0.9183610201495481,273,272,159,113,1,0.19763092057927445,2.9175050300978e-05,14160.5,0.0006961465170817308,0,1,0.0020884395512451924,True
"(0.10, 0.18]",z,Data-dominant (CCR > IDR),e51,b51,458,48.90829694323144,experiments/three/e51/run_20260609_200845_151_500,experiments/three/e51/run_20260609_200845_151_500/e51_seed_metrics_with_b51_flag.csv,458,41.32417991266375,4.9458524568815365,40.596999999999994,37.93612500000001,44.1753,40.870487931222705,41.77221957969433,458,41.296645422904795,5.037953636023851,40.67958918827367,37.78044670796112,44.20922118422912,40.8299128925115,41.755920355004534,458,0.050987359909318956,2.9006332626090527,-7.89230541839972e-06,-0.7310761099772416,1.0327623487683177,-0.2098343789395972,0.3146824004032278,458,457,224,233,1,0.027534489758960678,-3.0782855837685474e-06,50425.0,0.5008629944103453,0,2,0.9409578319742649,False
"(0.18, 0.32]",x,Balanced (CCR ~= IDR),e32,b32,360,56.388888888888886,experiments/three/e32/run_20260609_180348_151_500,experiments/three/e32/run_20260609_180348_151_500/e32_seed_metrics_with_b32_flag.csv,360,42.03932833333333,4.785474501655154,41.27235,38.6741,44.614975,41.55893270138889,42.52799018055556,360,41.700108142512754,5.119926839825355,41.06508875315331,38.21594835177762,44.906578971083725,41.170288357315734,42.23087010687301,360,0.8380223235448252,3.8457911915066267,0.0035955200058221254,-0.6353364283253842,2.5640219340857415,0.4457202144181575,1.2345729090972253,360,360,203,157,0,0.3392201908205831,0.0017378865979438274,24538.5,5.716335293652794e-05,1,0,0.0002858167646826397,True
"(0.18, 0.32]",y,Image-dominant (CCR < IDR),e42,b42,244,65.1639344262295,experiments/three/e42/run_20260609_195057_151_500,experiments/three/e42/run_20260609_195057_151_500/e42_seed_metrics_with_b42_flag.csv,244,42.46671639344262,4.659790353191571,42.097,39.38205,45.08090000000001,41.87987803278688,43.06672768442623,244,41.81586818615499,5.06687340373001,41.48620041393605,38.26784547834988,45.05918869756592,41.19522670789769,42.476974885041805,244,1.5874208890213386,3.888680268557375,0.458645852092184,-0.167108405207923,3.5952063334319546,1.1161594038931038,2.0919286261484964,244,244,159,85,0,0.6508482072876369,0.1920469510286047,8283.0,1.575923165856188e-09,1,1,1.1031462160993315e-08,True
"(0.18, 0.32]",z,Data-dominant (CCR > IDR),e52,b52,389,47.30077120822622,experiments/three/e52/run_20260609_200913_151_500,experiments/three/e52/run_20260609_200913_151_500/e52_seed_metrics_with_b52_flag.csv,389,41.89182699228792,4.719496882915806,40.953799999999994,38.805499999999995,44.48030000000001,41.43521949871466,42.365294697943455,389,41.9555728586121,4.976738762256401,41.29604593783304,38.514024647122696,45.04339999999999,41.46559824755439,42.46071060559889,389,-0.1761605979972401,4.324968031025198,-5.4891697038060335e-05,-1.8940674698509268,1.7596965963570874,-0.6162472216297598,0.24674122649184385,389,389,184,205,0,-0.06374586632418221,-2.247557002732492e-05,36326.0,0.47047891598713243,1,2,0.9409578319742649,False
"(0.32, 0.56]",x,Balanced (CCR ~= IDR),e33,b33,293,72.6962457337884,experiments/three/e33/run_20260609_180417_151_500,experiments/three/e33/run_20260609_180417_151_500/e33_seed_metrics_with_b33_flag.csv,293,46.18853959044368,4.678915438330091,45.772499999999994,43.01260000000001,48.36589999999999,45.653711203071666,46.72667773890785,293,44.75132894652941,5.221486722752898,44.0405008356546,41.05198674388675,47.62745148755312,44.167324296589655,45.360465447517235,293,3.100382082546791,5.754831116889095,2.8800032242536253,-0.00010955301494093538,7.156954821555457,2.426531167165391,3.759939001770211,293,293,213,80,0,1.4372106439142789,1.3131514669073567,9066.0,8.644729328432927e-18,2,0,7.780256395589634e-17,True
"(0.32, 0.56]",y,Image-dominant (CCR < IDR),e43,b43,207,77.77777777777779,experiments/three/e43/run_20260609_195115_151_500,experiments/three/e43/run_20260609_195115_151_500/e43_seed_metrics_with_b43_flag.csv,207,47.16635362318841,4.971172318006537,46.7129,43.923350000000006,49.52395,46.49468153381642,47.858076123188404,207,44.91182074837484,5.462608777031878,44.11185847994176,41.1571508101885,47.78566763186117,44.160669901291804,45.6639549934008,207,4.63778630319159,7.629555189211668,4.046423537478708,8.832748649362335e-05,10.214087031066645,3.582225544188904,5.6735690712872975,207,206,161,45,1,2.254532874813568,2.0216242527754034,3343.0,1.3158249004665369e-17,2,1,1.0526599203732295e-16,True
"(0.32, 0.56]",z,Data-dominant (CCR > IDR),e53,b53,460,58.47826086956521,experiments/three/e53/run_20260609_200926_151_500,experiments/three/e53/run_20260609_200926_151_500/e53_seed_metrics_with_b53_flag.csv,460,45.39717608695653,4.638276434973069,44.69655,41.987849999999995,47.95870000000001,44.971368375000004,45.81954398913043,460,44.97852411109155,4.972531607535241,44.351129741408876,41.37814663771778,48.0420077852998,44.52313233145491,45.4337126199162,460,0.8278127304236289,6.087968377939251,0.7529456719934047,-1.918763217531004,4.887849645885482,0.2691731769049315,1.3833338143308542,460,460,269,191,0,0.418651975864963,0.3443798345735445,41570.0,6.0203436880275906e-05,2,2,0.0002858167646826397,True
"(0.56, 1.00]",x,Balanced (CCR ~= IDR),e34,b34,273,91.20879120879121,experiments/three/e34/run_20260609_180445_151_500,experiments/three/e34/run_20260609_180445_151_500/e34_seed_metrics_with_b34_flag.csv,273,55.92910586080586,5.784195506008614,56.322799999999994,51.490399999999994,59.28359999999999,55.26035554945055,56.61655913003663,273,50.04444350479657,5.821460035255245,49.59731129568108,45.82153115873016,53.4162756587202,49.34757649584853,50.749485268766506,273,10.277459256746962,8.006053641912452,9.496515388720884,5.211001690817433,15.830046544753746,9.311837538834624,11.20954506981053,273,273,249,24,0,5.884662356009291,5.147093591455267,1112.0,2.33237824815187e-41,3,0,3.0320917225974312e-40,True
"(0.56, 1.00]",y,Image-dominant (CCR < IDR),e44,b44,171,88.88888888888889,experiments/three/e44/run_20260609_195124_151_500,experiments/three/e44/run_20260609_195124_151_500/e44_seed_metrics_with_b44_flag.csv,171,56.91463684210527,6.335687671816781,56.01010000000001,52.34075,61.0757,55.96071453216374,57.8801371491228,171,50.829452227979196,6.136480597349296,50.005987074626866,46.027614554524135,54.92858873069035,49.93286128914162,51.7345321891163,171,10.410034211384048,8.065265858086859,10.119504877097176,4.5328419389980645,15.677801874345045,9.21191037828821,11.628651970197124,171,171,152,19,0,6.085184614126057,5.653429713423812,449.0,1.767949837202203e-26,3,1,1.767949837202203e-25,True
"(0.56, 1.00]",z,Data-dominant (CCR > IDR),e54,b54,492,78.45528455284553,experiments/three/e54/run_20260609_200945_151_500,experiments/three/e54/run_20260609_200945_151_500/e54_seed_metrics_with_b54_flag.csv,492,54.65435142276423,5.666881826516292,54.385400000000004,50.58555,58.15947500000001,54.15157796239837,55.143530523373975,492,50.64962021033945,5.91068957105933,49.889239590719285,46.61934615089079,54.0287136851547,50.13588911732881,51.185396672913726,492,7.004835812647201,9.101023540621025,7.346318158445383,1.2721108093853168,13.208677562314666,6.206552755243544,7.803497320086576,492,492,386,106,0,4.0047312124247805,3.9399766085716657,16008.0,1.99114090946633e-45,3,2,2.986711364199495e-44,True
"(1.00, 1.78]",x,Balanced (CCR ~= IDR),e35,b35,292,97.94520547945206,experiments/three/e35/run_20260609_180521_151_500,experiments/three/e35/run_20260609_180521_151_500/e35_seed_metrics_with_b35_flag.csv,292,73.21577773972604,7.757191181229764,72.11270000000002,67.89235000000001,78.010775,72.35662018835616,74.11616186643836,292,56.692738809949816,6.980622315381488,55.89695127349909,52.086208494911254,60.031414840111566,55.91146519626703,57.497043846640445,292,22.269704187264843,8.376971602476907,22.807919879033612,18.04700331602817,28.514788023797458,21.314877529904756,23.21490557588301,292,292,286,6,0,16.5230389297762,16.582928592616284,93.0,3.2216454890461828e-49,4,0,5.798961880283129e-48,True
"(1.00, 1.78]",y,Image-dominant (CCR < IDR),e45,b45,412,99.02912621359224,experiments/three/e45/run_20260609_195131_151_500,experiments/three/e45/run_20260609_195131_151_500/e45_seed_metrics_with_b45_flag.csv,412,74.45920218446602,7.191403321293322,73.97514999999999,69.66367499999998,78.55010000000001,73.76219345873787,75.15572375,412,56.93101475250645,7.24477195162434,55.97690504846619,52.01831444157557,61.10034634443153,56.24022465455494,57.624581330726286,412,23.397019260987214,7.797343396169657,24.672783473874677,18.705074594166753,29.0939740917213,22.628122206766633,24.1519074921297,412,412,408,4,0,17.528187431959577,17.867532263010215,28.0,3.66580508033829e-69,4,1,7.3316101606765804e-68,True
"(1.00, 1.78]",z,Data-dominant (CCR > IDR),e55,b55,474,95.9915611814346,experiments/three/e55/run_20260609_201031_151_500,experiments/three/e55/run_20260609_201031_151_500/e55_seed_metrics_with_b55_flag.csv,474,71.06651835443037,7.859395633163163,70.15550000000002,65.65825,75.96715,70.36031755801687,71.78604474156117,474,58.26597606322583,6.8124054395871525,57.471304256582364,53.346883009584644,61.854367098926915,57.66765605587829,58.889553137849234,474,17.549461388817893,9.245226710777107,17.868382216066433,12.360268298476175,24.02993024241246,16.718494716204752,18.372908943612615,474,474,455,19,0,12.800542291204547,12.46199605843007,883.0,5.757659264581052e-77,4,2,1.2091084455620209e-75,True
"(1.78, 3.16]",x,Balanced (CCR ~= IDR),e36,b36,289,99.65397923875432,experiments/three/e36/run_20260609_180612_151_500,experiments/three/e36/run_20260609_180612_151_500/e36_seed_metrics_with_b36_flag.csv,289,99.42544602076124,9.689300091165483,99.22889999999995,93.3912,104.80610000000004,98.3256060899654,100.55485386678201,289,68.70119888524886,8.003022434831468,67.5703877127846,63.60540760256305,71.92143896317471,67.81842130011596,69.64531252440939,289,30.621083578203855,7.441395998078371,31.04551554824615,27.165051848386085,35.77983774647354,29.744998296830083,31.442691176272557,289,289,288,1,0,30.724247135512393,30.869257721686793,11.0,4.2990464545871645e-49,5,0,6.878474327339463e-48,True
"(1.78, 3.16]",y,Image-dominant (CCR < IDR),e46,b46,203,100.0,experiments/three/e46/run_20260609_195141_151_500,experiments/three/e46/run_20260609_195141_151_500/e46_seed_metrics_with_b46_flag.csv,203,102.10190591133005,9.523865387518287,101.8647,95.92150000000001,107.39115000000001,100.7762511453202,103.4668090270936,203,69.3876691772691,7.315750973067548,68.17473618611936,64.3520938827107,72.80718410159048,68.38944008009993,70.40873223356928,203,31.77085899979332,6.877038524575176,32.801843881820766,27.352411604897505,36.61296958929687,30.822459320629708,32.702756145089616,203,203,203,0,0,32.71423673406095,33.74672231838565,0.0,4.628397074266073e-35,5,1,5.09123678169268e-34,True
"(1.78, 3.16]",z,Data-dominant (CCR > IDR),e56,b56,488,99.18032786885246,experiments/three/e56/run_20260609_201045_151_500,experiments/three/e56/run_20260609_201045_151_500/e56_seed_metrics_with_b56_flag.csv,488,94.37721393442622,10.824720168399672,93.29745,86.716025,101.30859999999998,93.42904099897541,95.33586618340165,488,70.66858201777549,7.78682376347824,69.46432978652825,65.89035638903142,73.95723928781142,69.99604637476698,71.37916973040515,488,24.539359717020208,9.026084636815423,25.45253510094521,19.867530745533767,30.296786725600164,23.73334991768034,25.345681949977344,488,488,484,4,0,23.708631916650738,23.8215538165179,104.0,2.1850143379025324e-81,5,2,5.244034410966078e-80,True
"(3.16, 5.62]",x,Balanced (CCR ~= IDR),e37,b37,289,100.0,experiments/three/e37/run_20260609_180642_151_500,experiments/three/e37/run_20260609_180642_151_500/e37_seed_metrics_with_b37_flag.csv,289,145.3038418685121,14.902519431286539,144.4335,135.91809999999995,154.22730000000004,143.60182775086506,147.055887967128,289,93.12489855706357,7.959399778183224,93.30568215699655,88.09731930198596,97.77605534385737,92.19073256242412,94.04811732302718,289,35.463009198162574,6.7482269627940905,36.27093580184497,31.53002359223916,40.017758137273844,34.691152916019185,36.23019968104268,289,289,289,0,0,52.17894331144853,52.47476248333136,0.0,3.834017178359903e-49,6,0,6.517829203211835e-48,True
"(3.16, 5.62]",y,Image-dominant (CCR < IDR),e47,b47,217,100.0,experiments/three/e47/run_20260609_195151_151_500,experiments/three/e47/run_20260609_195151_151_500/e47_seed_metrics_with_b47_flag.csv,217,151.19386820276497,14.531933721710223,150.15849999999995,141.06240000000005,160.84720000000002,149.29363440092166,153.0849072580645,217,96.4079863910526,8.197004076864673,95.08859344879926,90.2014505412844,101.51416748323469,95.34466467044756,97.50518803931901,217,35.74975936179322,7.509416645360622,36.62531493821912,32.118800091383406,40.81791838287079,34.74874107915907,36.73947290289354,217,217,217,0,0,54.78588181171237,56.31955724466259,0.0,2.3501832491431247e-37,6,1,2.8202198989717497e-36,True
"(3.16, 5.62]",z,Data-dominant (CCR > IDR),e57,b57,487,99.38398357289527,experiments/three/e57/run_20260609_201108_151_500,experiments/three/e57/run_20260609_201108_151_500/e57_seed_metrics_with_b57_flag.csv,487,133.42726324435316,15.198738442835594,132.53289999999998,122.80445,142.94310000000002,132.1045025,134.77283275667355,487,95.29992199950983,9.760657731347099,94.86215194334508,89.0881216665777,100.96978266584246,94.45961247749635,96.1650856995713,487,27.895435171767407,9.401408743299763,28.756371011046696,22.264792574676925,34.69182144551753,27.039390846044874,28.716852604882956,487,487,484,3,0,38.127341244843365,38.302827019498665,45.0,2.215205357196268e-81,6,2,5.244034410966078e-80,True
"(5.62, 10.00]",x,Balanced (CCR ~= IDR),e38,b38,298,100.0,experiments/three/e38/run_20260609_180723_151_500,experiments/three/e38/run_20260609_180723_151_500/e38_seed_metrics_with_b38_flag.csv,298,226.9953741610738,25.13568915561659,228.48675000000003,209.9678,243.346875,224.17686765939595,229.8910306711409,298,142.42885881061733,13.027378931700337,141.46127549198127,134.1413349156657,150.69588525056207,140.96758749792426,143.89731088382663,298,36.56670294569356,8.624871283883369,37.28415860331516,31.904653216884643,42.52618246545436,35.56092234917296,37.532249294737575,298,298,298,0,0,84.56651535045648,85.97150771979268,0.0,1.2921621031949325e-50,7,0,2.455107996070372e-49,True
"(5.62, 10.00]",y,Image-dominant (CCR < IDR),e48,b48,264,99.62121212121212,experiments/three/e48/run_20260609_195202_151_500,experiments/three/e48/run_20260609_195202_151_500/e48_seed_metrics_with_b48_flag.csv,264,236.87742878787878,25.082731854194716,235.97009999999995,220.13102500000002,253.60042499999994,233.72716339015153,239.90787605113636,264,149.25803994953944,12.11585310105327,148.44966110850757,140.61935081929613,156.957955311146,147.82580278460082,150.70212946408876,264,36.27317272718549,8.769368364791518,37.08845168796421,31.60379761062558,42.21217189979017,35.21891967005479,37.3048865443089,264,264,263,1,0,87.61938883833935,89.67723793367922,2.0,4.836211879254143e-45,7,1,6.7706966309558e-44,True
"(5.62, 10.00]",z,Data-dominant (CCR > IDR),e58,b58,471,98.30148619957538,experiments/three/e58/run_20260609_201124_151_500,experiments/three/e58/run_20260609_201124_151_500/e58_seed_metrics_with_b58_flag.csv,471,199.13863014861997,23.945607455683497,200.1993,182.14234999999996,214.70999999999998,196.98477548301483,201.3174870116773,471,144.81483029609802,15.456111764291247,144.88796711149826,133.27236494908198,155.63165438780487,143.40795943003235,146.21363933339669,471,26.348838619730184,11.185760689894433,27.721083443929047,20.34762064257211,34.2697657472201,25.336567677326734,27.343224096173998,471,471,463,8,0,54.323799852521915,54.21909272192502,251.0,3.402614837613003e-78,7,2,7.485752642748606e-77,True
