scenario,bucket_index,bucket_label,composition,composition_label,comparison,n,nonzero_n,statistic,p_raw,p_holm
e01x,1,"(0.10, 0.18]",x,Balanced (CCR ~= IDR),NHEFT_vs_DHEFT_makespan,284,282,7797.0,7.481287857809648e-19,1.4962575715619296e-18
e01x,1,"(0.10, 0.18]",x,Balanced (CCR ~= IDR),GHEFT_vs_DHEFT_makespan,284,282,9019.0,1.5119767690171814e-15,1.058383738312027e-14
e01x,1,"(0.10, 0.18]",x,Balanced (CCR ~= IDR),GHEFT_vs_NHEFT_makespan,284,269,1787.0,1.3026385250012112e-37,2.3447493450021802e-36
e01x,1,"(0.10, 0.18]",x,Balanced (CCR ~= IDR),GHEFT_vs_NHEFT_vcpus,284,282,5.5,4.9907640506172135e-48,5.489840455678935e-47
e01y,1,"(0.10, 0.18]",y,Image-dominant (CCR < IDR),NHEFT_vs_DHEFT_makespan,274,272,4771.0,2.35829878410514e-26,1.650809148873598e-25
e01y,1,"(0.10, 0.18]",y,Image-dominant (CCR < IDR),GHEFT_vs_DHEFT_makespan,274,272,14985.0,0.005848566630943492,0.02339426652377397
e01y,1,"(0.10, 0.18]",y,Image-dominant (CCR < IDR),GHEFT_vs_NHEFT_makespan,274,255,2461.0,6.625517928349734e-32,1.0600828685359575e-30
e01y,1,"(0.10, 0.18]",y,Image-dominant (CCR < IDR),GHEFT_vs_NHEFT_vcpus,274,272,41.5,3.272515433460565e-46,3.272515433460565e-45
e01z,1,"(0.10, 0.18]",z,Data-dominant (CCR > IDR),NHEFT_vs_DHEFT_makespan,475,473,29299.0,2.3811645334204806e-19,7.143493600261442e-19
e01z,1,"(0.10, 0.18]",z,Data-dominant (CCR > IDR),GHEFT_vs_DHEFT_makespan,475,473,18212.0,4.480643769247196e-37,6.272901276946074e-36
e01z,1,"(0.10, 0.18]",z,Data-dominant (CCR > IDR),GHEFT_vs_NHEFT_makespan,475,451,5201.0,2.4741850118137268e-61,5.938044028352944e-60
e01z,1,"(0.10, 0.18]",z,Data-dominant (CCR > IDR),GHEFT_vs_NHEFT_vcpus,475,474,0.0,1.8240267532053852e-79,3.465650831090232e-78
e02x,2,"(0.18, 0.32]",x,Balanced (CCR ~= IDR),NHEFT_vs_DHEFT_makespan,250,248,6543.0,3.664826726510704e-15,3.664826726510704e-15
e02x,2,"(0.18, 0.32]",x,Balanced (CCR ~= IDR),GHEFT_vs_DHEFT_makespan,250,248,12341.0,0.0061684220113449465,0.02339426652377397
e02x,2,"(0.18, 0.32]",x,Balanced (CCR ~= IDR),GHEFT_vs_NHEFT_makespan,250,235,4274.0,3.8114372954107636e-20,3.4302935658696875e-19
e02x,2,"(0.18, 0.32]",x,Balanced (CCR ~= IDR),GHEFT_vs_NHEFT_vcpus,250,249,29.5,1.7217074896405688e-42,1.0330244937843413e-41
e02y,2,"(0.18, 0.32]",y,Image-dominant (CCR < IDR),NHEFT_vs_DHEFT_makespan,238,236,3660.0,8.1809876084106e-23,4.0904938042053004e-22
e02y,2,"(0.18, 0.32]",y,Image-dominant (CCR < IDR),GHEFT_vs_DHEFT_makespan,238,236,11516.0,0.018788108074097875,0.03757621614819575
e02y,2,"(0.18, 0.32]",y,Image-dominant (CCR < IDR),GHEFT_vs_NHEFT_makespan,238,218,4129.0,5.62627987524226e-17,4.501023900193808e-16
e02y,2,"(0.18, 0.32]",y,Image-dominant (CCR < IDR),GHEFT_vs_NHEFT_vcpus,238,237,10.0,1.2595436820906481e-40,6.297718410453241e-40
e02z,2,"(0.18, 0.32]",z,Data-dominant (CCR > IDR),NHEFT_vs_DHEFT_makespan,417,415,19270.0,1.4958088021540882e-22,5.983235208616353e-22
e02z,2,"(0.18, 0.32]",z,Data-dominant (CCR > IDR),GHEFT_vs_DHEFT_makespan,417,415,23246.0,3.791755546584483e-16,3.0334044372675865e-15
e02z,2,"(0.18, 0.32]",z,Data-dominant (CCR > IDR),GHEFT_vs_NHEFT_makespan,417,396,7319.0,9.754450108678028e-45,2.0484345228223858e-43
e02z,2,"(0.18, 0.32]",z,Data-dominant (CCR > IDR),GHEFT_vs_NHEFT_vcpus,417,415,2.5,8.289834853402483e-70,1.409271925078422e-68
e03x,3,"(0.32, 0.56]",x,Balanced (CCR ~= IDR),NHEFT_vs_DHEFT_makespan,270,270,2923.0,5.264594628725596e-33,5.264594628725596e-32
e03x,3,"(0.32, 0.56]",x,Balanced (CCR ~= IDR),GHEFT_vs_DHEFT_makespan,270,270,9444.0,5.584907368990902e-12,2.792453684495451e-11
e03x,3,"(0.32, 0.56]",x,Balanced (CCR ~= IDR),GHEFT_vs_NHEFT_makespan,270,241,7181.0,8.493770268771145e-12,3.397508107508458e-11
e03x,3,"(0.32, 0.56]",x,Balanced (CCR ~= IDR),GHEFT_vs_NHEFT_vcpus,270,267,111.0,4.783325339769454e-45,4.304992805792509e-44
e03y,3,"(0.32, 0.56]",y,Image-dominant (CCR < IDR),NHEFT_vs_DHEFT_makespan,184,184,397.0,3.4621553217736895e-29,2.7697242574189516e-28
e03y,3,"(0.32, 0.56]",y,Image-dominant (CCR < IDR),GHEFT_vs_DHEFT_makespan,184,184,2900.0,8.860837170517556e-15,5.316502302310534e-14
e03y,3,"(0.32, 0.56]",y,Image-dominant (CCR < IDR),GHEFT_vs_NHEFT_makespan,184,159,2603.0,1.0408309122891453e-10,2.0816618245782906e-10
e03y,3,"(0.32, 0.56]",y,Image-dominant (CCR < IDR),GHEFT_vs_NHEFT_vcpus,184,181,26.5,2.7125143353970116e-31,5.425028670794023e-31
e03z,3,"(0.32, 0.56]",z,Data-dominant (CCR > IDR),NHEFT_vs_DHEFT_makespan,469,469,17799.0,5.608273140060319e-37,6.729927768072382e-36
e03z,3,"(0.32, 0.56]",z,Data-dominant (CCR > IDR),GHEFT_vs_DHEFT_makespan,469,469,53016.0,0.4763476646493209,0.4763476646493209
e03z,3,"(0.32, 0.56]",z,Data-dominant (CCR > IDR),GHEFT_vs_NHEFT_makespan,469,446,19146.0,1.8482314135951583e-29,2.4027008376737058e-28
e03z,3,"(0.32, 0.56]",z,Data-dominant (CCR > IDR),GHEFT_vs_NHEFT_vcpus,469,465,53.5,7.688546786631762e-78,1.383938421593717e-76
e04x,4,"(0.56, 1.00]",x,Balanced (CCR ~= IDR),NHEFT_vs_DHEFT_makespan,269,269,251.0,1.1676653503973837e-44,1.6347314905563373e-43
e04x,4,"(0.56, 1.00]",x,Balanced (CCR ~= IDR),GHEFT_vs_DHEFT_makespan,269,269,3592.0,3.96768883938836e-30,4.364457723327196e-29
e04x,4,"(0.56, 1.00]",x,Balanced (CCR ~= IDR),GHEFT_vs_NHEFT_makespan,269,243,7419.0,1.4775447209585238e-11,4.432634162875572e-11
e04x,4,"(0.56, 1.00]",x,Balanced (CCR ~= IDR),GHEFT_vs_NHEFT_vcpus,269,264,201.0,4.1226786063517455e-44,3.2981428850813964e-43
e04y,4,"(0.56, 1.00]",y,Image-dominant (CCR < IDR),NHEFT_vs_DHEFT_makespan,154,154,80.0,2.40147132937244e-26,1.650809148873598e-25
e04y,4,"(0.56, 1.00]",y,Image-dominant (CCR < IDR),GHEFT_vs_DHEFT_makespan,154,154,664.0,1.1035854875755583e-21,9.932269388180024e-21
e04y,4,"(0.56, 1.00]",y,Image-dominant (CCR < IDR),GHEFT_vs_NHEFT_makespan,154,136,2385.0,7.919090123430315e-07,7.919090123430315e-07
e04y,4,"(0.56, 1.00]",y,Image-dominant (CCR < IDR),GHEFT_vs_NHEFT_vcpus,154,152,61.5,3.425882205115915e-26,3.425882205115915e-26
e04z,4,"(0.56, 1.00]",z,Data-dominant (CCR > IDR),NHEFT_vs_DHEFT_makespan,495,495,2337.0,9.188196155166262e-77,1.8376392310332524e-75
e04z,4,"(0.56, 1.00]",z,Data-dominant (CCR > IDR),GHEFT_vs_DHEFT_makespan,495,495,28488.0,5.136512933594241e-25,5.136512933594241e-24
e04z,4,"(0.56, 1.00]",z,Data-dominant (CCR > IDR),GHEFT_vs_NHEFT_makespan,495,471,24660.0,1.3025547857789412e-25,1.4328102643568354e-24
e04z,4,"(0.56, 1.00]",z,Data-dominant (CCR > IDR),GHEFT_vs_NHEFT_vcpus,495,488,127.0,2.070292329910624e-81,4.34761389281231e-80
e05x,5,"(1.00, 1.78]",x,Balanced (CCR ~= IDR),NHEFT_vs_DHEFT_makespan,305,305,7.0,9.914684874397158e-52,1.6854964286475168e-50
e05x,5,"(1.00, 1.78]",x,Balanced (CCR ~= IDR),GHEFT_vs_DHEFT_makespan,305,305,270.0,1.3065747123232663e-50,2.3518344821818794e-49
e05x,5,"(1.00, 1.78]",x,Balanced (CCR ~= IDR),GHEFT_vs_NHEFT_makespan,305,294,11173.0,5.867346765436253e-13,3.5204080592617515e-12
e05x,5,"(1.00, 1.78]",x,Balanced (CCR ~= IDR),GHEFT_vs_NHEFT_vcpus,305,299,149.5,3.490500262285275e-50,4.886700367199385e-49
e05y,5,"(1.00, 1.78]",y,Image-dominant (CCR < IDR),NHEFT_vs_DHEFT_makespan,397,397,5.0,8.76636876634145e-67,1.6656100656048755e-65
e05y,5,"(1.00, 1.78]",y,Image-dominant (CCR < IDR),GHEFT_vs_DHEFT_makespan,397,397,34.0,1.0917993512695269e-66,2.183598702539054e-65
e05y,5,"(1.00, 1.78]",y,Image-dominant (CCR < IDR),GHEFT_vs_NHEFT_makespan,397,375,20122.0,5.930325587371695e-13,3.5204080592617515e-12
e05y,5,"(1.00, 1.78]",y,Image-dominant (CCR < IDR),GHEFT_vs_NHEFT_vcpus,397,392,270.5,3.7261009512615193e-65,5.961761522018431e-64
e05z,5,"(1.00, 1.78]",z,Data-dominant (CCR > IDR),NHEFT_vs_DHEFT_makespan,490,490,102.0,1.014842600767364e-81,2.2326537216882005e-80
e05z,5,"(1.00, 1.78]",z,Data-dominant (CCR > IDR),GHEFT_vs_DHEFT_makespan,490,490,3304.0,1.9702118199216086e-73,4.137444821835378e-72
e05z,5,"(1.00, 1.78]",z,Data-dominant (CCR > IDR),GHEFT_vs_NHEFT_makespan,490,485,23768.0,4.9420054468682605e-30,7.242238448004052e-29
e05z,5,"(1.00, 1.78]",z,Data-dominant (CCR > IDR),GHEFT_vs_NHEFT_vcpus,490,487,313.0,9.562215516797971e-81,1.9124431033595944e-79
e06x,6,"(1.78, 3.16]",x,Balanced (CCR ~= IDR),NHEFT_vs_DHEFT_makespan,286,286,0.0,1.1870754623494625e-48,1.89932073975914e-47
e06x,6,"(1.78, 3.16]",x,Balanced (CCR ~= IDR),GHEFT_vs_DHEFT_makespan,286,286,3.0,1.2251323505886955e-48,2.0827249960007824e-47
e06x,6,"(1.78, 3.16]",x,Balanced (CCR ~= IDR),GHEFT_vs_NHEFT_makespan,286,278,6054.0,2.782505996356249e-23,2.782505996356249e-22
e06x,6,"(1.78, 3.16]",x,Balanced (CCR ~= IDR),GHEFT_vs_NHEFT_vcpus,286,284,19.0,2.755949224309071e-48,3.307139069170885e-47
e06y,6,"(1.78, 3.16]",y,Image-dominant (CCR < IDR),NHEFT_vs_DHEFT_makespan,186,186,0.0,2.836405306728084e-32,2.552764776055276e-31
e06y,6,"(1.78, 3.16]",y,Image-dominant (CCR < IDR),GHEFT_vs_DHEFT_makespan,186,186,0.0,2.836405306728084e-32,3.403686368073701e-31
e06y,6,"(1.78, 3.16]",y,Image-dominant (CCR < IDR),GHEFT_vs_NHEFT_makespan,186,182,2402.0,8.480203437133168e-17,5.936142405993218e-16
e06y,6,"(1.78, 3.16]",y,Image-dominant (CCR < IDR),GHEFT_vs_NHEFT_vcpus,186,186,8.5,3.066713793776597e-32,9.200141381329791e-32
e06z,6,"(1.78, 3.16]",z,Data-dominant (CCR > IDR),NHEFT_vs_DHEFT_makespan,493,493,1.0,1.768917707067258e-82,4.219604138988462e-81
e06z,6,"(1.78, 3.16]",z,Data-dominant (CCR > IDR),GHEFT_vs_DHEFT_makespan,493,493,334.0,1.3390827522488495e-81,3.079890330172354e-80
e06z,6,"(1.78, 3.16]",z,Data-dominant (CCR > IDR),GHEFT_vs_NHEFT_makespan,493,488,19317.0,2.568097676670461e-38,4.879385585673875e-37
e06z,6,"(1.78, 3.16]",z,Data-dominant (CCR > IDR),GHEFT_vs_NHEFT_vcpus,493,488,69.0,1.4494349861809684e-81,3.1887569695981305e-80
e07x,7,"(3.16, 5.62]",x,Balanced (CCR ~= IDR),NHEFT_vs_DHEFT_makespan,284,284,0.0,2.52178169369004e-48,3.78267254053506e-47
e07x,7,"(3.16, 5.62]",x,Balanced (CCR ~= IDR),GHEFT_vs_DHEFT_makespan,284,284,0.0,2.52178169369004e-48,4.034850709904064e-47
e07x,7,"(3.16, 5.62]",x,Balanced (CCR ~= IDR),GHEFT_vs_NHEFT_makespan,284,284,3478.0,1.1004525811306676e-33,1.870769387922135e-32
e07x,7,"(3.16, 5.62]",x,Balanced (CCR ~= IDR),GHEFT_vs_NHEFT_vcpus,284,284,2.0,2.364863139120489e-48,3.0743220808566356e-47
e07y,7,"(3.16, 5.62]",y,Image-dominant (CCR < IDR),NHEFT_vs_DHEFT_makespan,199,199,0.0,2.0947485657182746e-34,2.304223422290102e-33
e07y,7,"(3.16, 5.62]",y,Image-dominant (CCR < IDR),GHEFT_vs_DHEFT_makespan,199,199,0.0,2.0947485657182746e-34,2.723173135433757e-33
e07y,7,"(3.16, 5.62]",y,Image-dominant (CCR < IDR),GHEFT_vs_NHEFT_makespan,199,199,1346.0,3.7942645071702237e-26,4.553117408604268e-25
e07y,7,"(3.16, 5.62]",y,Image-dominant (CCR < IDR),GHEFT_vs_NHEFT_vcpus,199,199,0.0,1.9408062068243216e-34,7.763224827297286e-34
e07z,7,"(3.16, 5.62]",z,Data-dominant (CCR > IDR),NHEFT_vs_DHEFT_makespan,493,493,0.0,1.7581683912451925e-82,4.219604138988462e-81
e07z,7,"(3.16, 5.62]",z,Data-dominant (CCR > IDR),GHEFT_vs_DHEFT_makespan,493,493,85.0,2.950630274194894e-82,7.081512658067745e-81
e07z,7,"(3.16, 5.62]",z,Data-dominant (CCR > IDR),GHEFT_vs_NHEFT_makespan,493,491,11054.0,1.9032671440101087e-55,4.1871877168222393e-54
e07z,7,"(3.16, 5.62]",z,Data-dominant (CCR > IDR),GHEFT_vs_NHEFT_vcpus,493,491,8.0,3.186199053129721e-82,7.64687772751133e-81
e08x,8,"(5.62, 10.00]",x,Balanced (CCR ~= IDR),NHEFT_vs_DHEFT_makespan,307,307,0.0,4.356866685134802e-52,7.842360033242644e-51
e08x,8,"(5.62, 10.00]",x,Balanced (CCR ~= IDR),GHEFT_vs_DHEFT_makespan,307,307,0.0,4.356866685134802e-52,8.278046701756124e-51
e08x,8,"(5.62, 10.00]",x,Balanced (CCR ~= IDR),GHEFT_vs_NHEFT_makespan,307,307,2395.0,2.0832052044082645e-42,4.166410408816529e-41
e08x,8,"(5.62, 10.00]",x,Balanced (CCR ~= IDR),GHEFT_vs_NHEFT_vcpus,307,307,0.0,3.796694393535082e-52,5.695041590302623e-51
e08y,8,"(5.62, 10.00]",y,Image-dominant (CCR < IDR),NHEFT_vs_DHEFT_makespan,254,254,0.0,2.0488044371533098e-43,2.6634457682993027e-42
e08y,8,"(5.62, 10.00]",y,Image-dominant (CCR < IDR),GHEFT_vs_DHEFT_makespan,254,254,0.0,2.0488044371533098e-43,3.073206655729965e-42
e08y,8,"(5.62, 10.00]",y,Image-dominant (CCR < IDR),GHEFT_vs_NHEFT_makespan,254,254,2846.0,4.828158965336035e-30,7.242238448004052e-29
e08y,8,"(5.62, 10.00]",y,Image-dominant (CCR < IDR),GHEFT_vs_NHEFT_vcpus,254,254,0.0,1.818100658964498e-43,1.2726704612751485e-42
e08z,8,"(5.62, 10.00]",z,Data-dominant (CCR > IDR),NHEFT_vs_DHEFT_makespan,488,488,0.0,1.1522929768862908e-81,2.4198152514612107e-80
e08z,8,"(5.62, 10.00]",z,Data-dominant (CCR > IDR),GHEFT_vs_DHEFT_makespan,488,488,47.0,1.5388920787481584e-81,3.3855625732459484e-80
e08z,8,"(5.62, 10.00]",z,Data-dominant (CCR > IDR),GHEFT_vs_NHEFT_makespan,488,486,8465.0,3.184999647782922e-60,7.3254991899007205e-59
e08z,8,"(5.62, 10.00]",z,Data-dominant (CCR > IDR),GHEFT_vs_NHEFT_vcpus,488,488,0.0,9.118254743984044e-82,2.09719859111633e-80
