scenario,nccr_bucket,composition,paired_n,gain_mean_pct,gain_sd_pct,gain_ci95_low_pct,gain_ci95_high_pct,win_rate_pct,wilcoxon_statistic,p_raw,p_holm
e01x,"(0.10, 0.18]",Balanced (CCR ~= IDR),284,1.9403112095975634,3.48631884585693,1.5409225267151418,2.3468124575249676,67.95774647887323,7797.0,7.481287857809648e-19,1.4962575715619296e-18
e01y,"(0.10, 0.18]",Image-dominant (CCR < IDR),274,2.9112610151022222,3.778941590472947,2.470295997527934,3.3673207557107214,75.54744525547446,4771.0,2.35829878410514e-26,1.650809148873598e-25
e01z,"(0.10, 0.18]",Data-dominant (CCR > IDR),475,1.4130829377018372,3.2946484683682655,1.1166847326174134,1.704569434201973,62.94736842105263,29299.0,2.3811645334204806e-19,7.143493600261442e-19
e02x,"(0.18, 0.32]",Balanced (CCR ~= IDR),250,2.4558527626863884,4.7440259600868355,1.8681240271465427,3.0371971839882437,68.4,6543.0,3.664826726510704e-15,3.664826726510704e-15
e02y,"(0.18, 0.32]",Image-dominant (CCR < IDR),238,3.7744635730514537,5.051618404044914,3.1530578719807427,4.430303304872717,78.57142857142857,3660.0,8.1809876084106e-23,4.0904938042053004e-22
e02z,"(0.18, 0.32]",Data-dominant (CCR > IDR),417,2.0261327931154267,4.180455226076885,1.6261179430565622,2.419832057490609,69.30455635491607,19270.0,1.4958088021540882e-22,5.983235208616353e-22
e03x,"(0.32, 0.56]",Balanced (CCR ~= IDR),270,6.474364983487048,6.371075115508752,5.706723777394157,7.234780107981184,81.85185185185185,2923.0,5.264594628725596e-33,5.264594628725596e-32
e03y,"(0.32, 0.56]",Image-dominant (CCR < IDR),184,8.392313384952166,6.124820852297747,7.503032544408012,9.26955393278041,91.30434782608695,397.0,3.4621553217736895e-29,2.7697242574189516e-28
e03z,"(0.32, 0.56]",Data-dominant (CCR > IDR),469,4.311253294494246,6.228078433049812,3.7389307657149278,4.87105654382219,75.90618336886993,17799.0,5.608273140060319e-37,6.729927768072382e-36
e04x,"(0.56, 1.00]",Balanced (CCR ~= IDR),269,14.291560767420753,7.709374524943513,13.362859215208509,15.237375497587712,95.16728624535315,251.0,1.1676653503973837e-44,1.6347314905563373e-43
e04y,"(0.56, 1.00]",Image-dominant (CCR < IDR),154,15.160350339926012,8.092993791418987,13.890413844341056,16.441951168762056,96.75324675324676,80.0,2.40147132937244e-26,1.650809148873598e-25
e04z,"(0.56, 1.00]",Data-dominant (CCR > IDR),495,11.924216975428687,7.8975753672475015,11.227104549091141,12.587583531676765,93.53535353535354,2337.0,9.188196155166262e-77,1.8376392310332524e-75
e05x,"(1.00, 1.78]",Balanced (CCR ~= IDR),305,25.192133968231946,8.05834533881544,24.2888062917186,26.085161662379637,99.34426229508196,7.0,9.914684874397158e-52,1.6854964286475168e-50
e05y,"(1.00, 1.78]",Image-dominant (CCR < IDR),397,27.480030022095303,7.336634267154366,26.751785505794686,28.193649454057184,99.49622166246851,5.0,8.76636876634145e-67,1.6656100656048755e-65
e05z,"(1.00, 1.78]",Data-dominant (CCR > IDR),490,22.06903100530745,8.324634966451367,21.326538864461135,22.799067268002084,99.18367346938776,102.0,1.014842600767364e-81,2.2326537216882005e-80
e06x,"(1.78, 3.16]",Balanced (CCR ~= IDR),286,34.95291103607564,6.667945332780174,34.17550800510443,35.71058537520579,100.0,0.0,1.1870754623494625e-48,1.89932073975914e-47
e06y,"(1.78, 3.16]",Image-dominant (CCR < IDR),186,35.80550995376363,6.327726179789192,34.882921289620576,36.69488837006708,100.0,0.0,2.836405306728084e-32,2.552764776055276e-31
e06z,"(1.78, 3.16]",Data-dominant (CCR > IDR),493,28.92344403405709,8.006974049723443,28.19289289657776,29.62548038701573,99.79716024340772,1.0,1.768917707067258e-82,4.219604138988462e-81
e07x,"(3.16, 5.62]",Balanced (CCR ~= IDR),284,41.29246710803373,5.711136119729594,40.62879202573461,41.96072046632395,100.0,0.0,2.52178169369004e-48,3.78267254053506e-47
e07y,"(3.16, 5.62]",Image-dominant (CCR < IDR),199,42.19796249047492,5.427240958555732,41.451619211095895,42.942143175664235,100.0,0.0,2.0947485657182746e-34,2.304223422290102e-33
e07z,"(3.16, 5.62]",Data-dominant (CCR > IDR),493,35.582741956978225,6.86194411783746,34.97597694803399,36.18464140928082,100.0,0.0,1.7581683912451925e-82,4.219604138988462e-81
e08x,"(5.62, 10.00]",Balanced (CCR ~= IDR),307,44.69718129705478,6.4147181644303135,43.99159630758727,45.41470987325829,100.0,0.0,4.356866685134802e-52,7.842360033242644e-51
e08y,"(5.62, 10.00]",Image-dominant (CCR < IDR),254,45.16970031226792,6.15717964897025,44.41918902638268,45.904197279281334,100.0,0.0,2.0488044371533098e-43,2.6634457682993027e-42
e08z,"(5.62, 10.00]",Data-dominant (CCR > IDR),488,38.41791013860784,8.129803410807856,37.69310369586936,39.122091262166904,100.0,0.0,1.1522929768862908e-81,2.4198152514612107e-80
