scenario,nccr_bucket,composition,paired_n,gain_g_over_d_pct,delta_m_g_over_n_pct,delta_u_g_over_n_pct,joint_success_rate_pct,gain_g_over_d_significant,delta_m_g_over_n_significant,delta_u_g_over_n_significant
e01x,"(0.10, 0.18]",Balanced (CCR ~= IDR),284,-3.833043963922034,4.517695837404533,19.53739956084103,14.43661971830986,True,True,True
e01y,"(0.10, 0.18]",Image-dominant (CCR < IDR),274,-2.9879399573692833,4.244560336244202,17.495320579785332,22.99270072992701,True,True,True
e01z,"(0.10, 0.18]",Data-dominant (CCR > IDR),475,-5.597733677847974,5.941728360240975,21.34682869112155,9.894736842105264,True,True,True
e02x,"(0.18, 0.32]",Balanced (CCR ~= IDR),250,-3.268549514153538,3.872333697148456,17.801900030310748,19.6,True,True,True
e02y,"(0.18, 0.32]",Image-dominant (CCR < IDR),238,-1.799699123869043,3.5836699823689386,16.73959252449225,33.61344537815126,True,True,True
e02z,"(0.18, 0.32]",Data-dominant (CCR > IDR),417,-4.075447497493541,4.3599457789726745,19.687282731640728,16.786570743405278,True,True,True
e03x,"(0.32, 0.56]",Balanced (CCR ~= IDR),270,0.18664921203674353,2.1744291272960337,15.805016808848329,47.03703703703704,False,True,True
e03y,"(0.32, 0.56]",Image-dominant (CCR < IDR),184,2.16980156565659,3.0399833720374763,13.790362834917698,58.152173913043484,True,True,True
e03z,"(0.32, 0.56]",Data-dominant (CCR > IDR),469,-2.5392048740734587,2.776970828574306,17.985446081010977,33.26226012793177,True,True,True
e04x,"(0.56, 1.00]",Balanced (CCR ~= IDR),269,6.2181138059387076,1.8164258455614817,13.31284556586627,75.8364312267658,True,True,True
e04y,"(0.56, 1.00]",Image-dominant (CCR < IDR),154,5.934759914280543,2.9689650541481347,12.622930361929,74.02597402597402,True,True,True
e04z,"(0.56, 1.00]",Data-dominant (CCR > IDR),495,4.104338676871478,1.3692717088221025,15.675955581332676,66.86868686868686,True,True,True
e05x,"(1.00, 1.78]",Balanced (CCR ~= IDR),305,14.56133228759847,2.722719865758485,15.568956032967384,90.1639344262295,True,True,True
e05y,"(1.00, 1.78]",Image-dominant (CCR < IDR),397,16.804440568658464,3.405363770096663,13.707430285325136,90.42821158690177,True,True,True
e05z,"(1.00, 1.78]",Data-dominant (CCR > IDR),490,10.700366629166014,3.2263617404799376,16.025553131537894,87.75510204081633,True,True,True
e06x,"(1.78, 3.16]",Balanced (CCR ~= IDR),286,19.873763688318906,6.519961582129487,20.634431657693458,96.15384615384616,True,True,True
e06y,"(1.78, 3.16]",Image-dominant (CCR < IDR),186,20.91167730078228,6.257268626679999,21.745114074145455,97.31182795698925,True,True,True
e06z,"(1.78, 3.16]",Data-dominant (CCR > IDR),493,13.92464367252471,6.766275768417174,20.77743574302266,89.24949290060852,True,True,True
e07x,"(3.16, 5.62]",Balanced (CCR ~= IDR),284,21.365015748956186,10.90493325080654,29.404622058893885,96.47887323943662,True,True,True
e07y,"(3.16, 5.62]",Image-dominant (CCR < IDR),199,23.927064669888864,8.634868447299164,29.050697454217357,98.99497487437185,True,True,True
e07z,"(3.16, 5.62]",Data-dominant (CCR > IDR),493,13.529629643103387,10.949458955350371,28.86330874122178,86.00405679513185,True,True,True
e08x,"(5.62, 10.00]",Balanced (CCR ~= IDR),307,20.117438423462612,12.0814855799554,39.23668420755243,94.13680781758957,True,True,True
e08y,"(5.62, 10.00]",Image-dominant (CCR < IDR),254,23.0480499280189,7.118653782434091,38.03434717005553,97.24409448818898,True,True,True
e08z,"(5.62, 10.00]",Data-dominant (CCR > IDR),488,9.38576877430778,14.099031313238267,38.919534155885444,74.59016393442623,True,True,True
