effective_total_vnf_num,multiple_sfc_num,per_sfc_vnf_num,vnf_type_min,vnf_type_max,vnf_image_size_min,vnf_image_size_max,repository_bw,datacenter_externalbw_min,datacenter_externalbw_max,host_bw_min,host_bw_max,seed,HEFT,DHEFT,NHEFT,time_sec
80,4,20,1,12,6000,12000,200,500,1000,1000,2000,6347,3702.2884999999983,540.6981999999999,64.063443145,1.4441030025482178
80,4,20,1,12,6000,12000,200,500,1000,1000,2000,7536,3459.2222000000006,520.3815,59.852900999999996,1.5886662006378174
80,4,20,1,12,6000,12000,200,500,1000,1000,2000,4078,3384.620699999999,509.4334999999999,51.94900199999999,1.0743889808654785
80,4,20,1,12,6000,12000,200,500,1000,1000,2000,4726,3813.022700000002,581.5293,60.6645,1.5583610534667969
80,4,20,1,12,6000,12000,200,500,1000,1000,2000,5978,3783.782400000001,559.3296,60.657600999999985,1.5771071910858154
80,4,20,1,12,6000,12000,200,500,1000,1000,2000,8836,3884.983800000001,588.0439,59.005700000000004,1.460906982421875
80,4,20,1,12,6000,12000,200,500,1000,1000,2000,3380,3734.475800000001,561.592,60.71310099999999,1.494114875793457
80,4,20,1,12,6000,12000,200,500,1000,1000,2000,3669,3712.5187999999994,554.6442,60.831103,1.5528850555419922
80,4,20,1,12,6000,12000,200,500,1000,1000,2000,7882,3558.9058999999975,537.0414,58.2252,1.4396421909332275
80,4,20,1,12,6000,12000,200,500,1000,1000,2000,2503,3355.9296000000004,488.20889999999997,62.282737999999995,1.5148179531097412
80,4,20,1,12,6000,12000,200,500,1000,1000,2000,5802,3671.5635000000007,559.6366999999998,60.998804,1.2779450416564941
80,4,20,1,12,6000,12000,200,500,1000,1000,2000,6455,3716.9473,558.0264999999999,60.6471,1.6410720348358154
80,4,20,1,12,6000,12000,200,500,1000,1000,2000,5608,3802.282699999998,603.5319999999999,59.584402000000004,1.5208430290222168
80,4,20,1,12,6000,12000,200,500,1000,1000,2000,8258,3696.286100000003,564.5833000000001,64.22435956999998,1.8395121097564697
80,4,20,1,12,6000,12000,200,500,1000,1000,2000,7486,3608.5888,549.0205,60.432501,1.4691259860992432
80,4,20,1,12,6000,12000,200,500,1000,1000,2000,1839,3326.9511000000007,507.4962,49.58050399999999,1.0989232063293457
80,4,20,1,12,6000,12000,200,500,1000,1000,2000,3282,3627.6019000000015,544.5866,56.165903,1.9473490715026855
80,4,20,1,12,6000,12000,200,500,1000,1000,2000,3216,3909.5564999999997,569.1486000000003,59.3411,1.7889721393585205
80,4,20,1,12,6000,12000,200,500,1000,1000,2000,9034,3485.203399999999,509.6287,59.7487,1.268165111541748
80,4,20,1,12,6000,12000,200,500,1000,1000,2000,7143,3525.718,518.6352,55.423900999999994,1.494764804840088
80,4,20,1,12,6000,12000,200,500,1000,1000,2000,2446,3886.1923999999985,586.3428999999999,61.00040199999999,1.5600810050964355
80,4,20,1,12,6000,12000,200,500,1000,1000,2000,5924,3497.3655000000012,529.496,58.34150000000001,1.5364022254943848
80,4,20,1,12,6000,12000,200,500,1000,1000,2000,8881,3279.9091000000003,506.02299999999997,51.72130000000001,1.5758049488067627
80,4,20,1,12,6000,12000,200,500,1000,1000,2000,6634,3734.910900000001,550.2266000000002,59.357104999999976,1.8133068084716797
80,4,20,1,12,6000,12000,200,500,1000,1000,2000,3097,3597.4186000000022,543.1147000000001,58.688700000000004,1.439866304397583
80,4,20,1,12,6000,12000,200,500,1000,1000,2000,1211,3420.467099999999,521.3604000000001,55.00040200000001,1.5608928203582764
80,4,20,1,12,6000,12000,200,500,1000,1000,2000,1921,3230.3784000000005,513.1632000000001,56.44170099999999,1.498487949371338
80,4,20,1,12,6000,12000,200,500,1000,1000,2000,2740,3611.5042000000003,551.3660999999998,58.3882,1.948615312576294
80,4,20,1,12,6000,12000,200,500,1000,1000,2000,3306,3371.7101999999986,513.3767,59.8496,1.7212679386138916
80,4,20,1,12,6000,12000,200,500,1000,1000,2000,4366,3349.803500000001,519.8936000000003,58.0238,1.6872339248657227
80,4,20,1,12,6000,12000,200,500,1000,1000,2000,5455,3914.984300000001,591.2513000000002,60.5775,2.0123870372772217
80,4,20,1,12,6000,12000,200,500,1000,1000,2000,9095,3540.9142999999995,528.5184999999999,57.39230299999999,1.685589075088501
80,4,20,1,12,6000,12000,200,500,1000,1000,2000,8562,3762.5439999999994,564.1361999999999,60.56670299999999,2.286522150039673
80,4,20,1,12,6000,12000,200,500,1000,1000,2000,9815,3044.0239999999985,457.06939999999986,51.1152,1.682675838470459
80,4,20,1,12,6000,12000,200,500,1000,1000,2000,1466,3633.8255999999997,543.348,59.051199999999994,1.9810402393341064
80,4,20,1,12,6000,12000,200,500,1000,1000,2000,8480,3384.739599999998,514.0458,60.47440099999999,1.5658659934997559
80,4,20,1,12,6000,12000,200,500,1000,1000,2000,3792,3932.042300000002,592.5239999999997,60.81970099999998,1.6712470054626465
80,4,20,1,12,6000,12000,200,500,1000,1000,2000,4697,3470.8803999999986,518.759,58.22640100000001,1.717724323272705
80,4,20,1,12,6000,12000,200,500,1000,1000,2000,1565,3504.5424999999977,532.0168,59.1972,1.7455017566680908
80,4,20,1,12,6000,12000,200,500,1000,1000,2000,5891,4060.6726,583.1092000000001,60.022402,1.6778068542480469
80,4,20,1,12,6000,12000,200,500,1000,1000,2000,8308,3576.433,524.0911999999998,55.19630199999999,1.6213369369506836
80,4,20,1,12,6000,12000,200,500,1000,1000,2000,4257,3524.5704,527.6954999999999,60.71630199999999,1.8885791301727295
80,4,20,1,12,6000,12000,200,500,1000,1000,2000,5733,3747.619100000001,553.2165000000001,59.93699999999999,1.8988220691680908
80,4,20,1,12,6000,12000,200,500,1000,1000,2000,2946,3451.958200000001,524.4062,59.480105999999985,1.8169829845428467
80,4,20,1,12,6000,12000,200,500,1000,1000,2000,1292,3557.351999999997,527.5738,59.114101000000005,1.5913312435150146
80,4,20,1,12,6000,12000,200,500,1000,1000,2000,5439,3540.6130000000007,548.3689,60.790001,2.0174977779388428
80,4,20,1,12,6000,12000,200,500,1000,1000,2000,1714,3474.6428000000005,526.6845999999998,59.79349295,1.6601779460906982
80,4,20,1,12,6000,12000,200,500,1000,1000,2000,9200,3744.035899999998,561.2709999999998,59.520901,1.5049359798431396
80,4,20,1,12,6000,12000,200,500,1000,1000,2000,5804,3705.581,526.9957,61.95150394499999,1.8896822929382324
80,4,20,1,12,6000,12000,200,500,1000,1000,2000,3154,3438.5985000000005,515.2352,60.314899999999994,1.548797845840454
80,4,20,1,12,6000,12000,200,500,1000,1000,2000,2195,3538.3116000000005,526.5979999999998,56.97880000000001,1.7322609424591064
80,4,20,1,12,6000,12000,200,500,1000,1000,2000,3042,3652.008200000001,563.0432,59.26700299999999,1.7804007530212402
80,4,20,1,12,6000,12000,200,500,1000,1000,2000,9808,3607.9522999999995,540.9279,58.23530099999999,1.7984042167663574
80,4,20,1,12,6000,12000,200,500,1000,1000,2000,5407,3653.569899999998,536.2361,58.375803999999974,1.4188652038574219
80,4,20,1,12,6000,12000,200,500,1000,1000,2000,3782,3831.2101000000002,576.0858,60.60320099999999,2.4937188625335693
80,4,20,1,12,6000,12000,200,500,1000,1000,2000,5410,3080.9681999999993,457.35499999999985,51.201299999999996,1.6739349365234375
80,4,20,1,12,6000,12000,200,500,1000,1000,2000,8428,3819.3196999999996,572.8009999999998,60.92739999999999,1.6245088577270508
80,4,20,1,12,6000,12000,200,500,1000,1000,2000,7236,3855.137000000002,568.3465000000001,58.381299999999996,1.5345280170440674
80,4,20,1,12,6000,12000,200,500,1000,1000,2000,2085,3128.1655999999984,459.75690000000003,55.775590179999995,1.7879438400268555
80,4,20,1,12,6000,12000,200,500,1000,1000,2000,2139,3484.8181000000004,465.62489999999985,60.489399999999996,1.964726209640503
80,4,20,1,12,6000,12000,200,500,1000,1000,2000,6801,3284.909100000003,510.4959,61.3838,1.5439708232879639
80,4,20,1,12,6000,12000,200,500,1000,1000,2000,6820,3846.6824999999985,564.0201000000001,58.38130099999999,1.6795587539672852
80,4,20,1,12,6000,12000,200,500,1000,1000,2000,3830,3805.4442000000004,565.5895999999998,60.748402,1.7282037734985352
80,4,20,1,12,6000,12000,200,500,1000,1000,2000,7975,3878.8170000000023,565.7229000000002,59.286502,1.4811389446258545
80,4,20,1,12,6000,12000,200,500,1000,1000,2000,3469,3591.570599999999,542.8643999999999,57.668500999999985,1.8241360187530518
80,4,20,1,12,6000,12000,200,500,1000,1000,2000,1454,3279.8797,484.1031,57.578301999999994,1.6605348587036133
80,4,20,1,12,6000,12000,200,500,1000,1000,2000,2573,3411.949400000001,498.4391999999999,61.56570499999998,1.650723934173584
80,4,20,1,12,6000,12000,200,500,1000,1000,2000,3931,3284.0938000000015,510.2506,60.152502,1.5967471599578857
80,4,20,1,12,6000,12000,200,500,1000,1000,2000,5445,3636.3517,537.8026000000001,59.645500999999996,1.620276927947998
80,4,20,1,12,6000,12000,200,500,1000,1000,2000,5745,3629.2065999999986,551.3618,59.74820099999999,1.9384770393371582
80,4,20,1,12,6000,12000,200,500,1000,1000,2000,7167,3921.337899999998,593.3838000000003,65.45846777499999,1.9807491302490234
80,4,20,1,12,6000,12000,200,500,1000,1000,2000,7597,4042.0074999999965,596.6529,60.908401000000005,1.5781211853027344
80,4,20,1,12,6000,12000,200,500,1000,1000,2000,7005,3314.0547000000024,494.9079,62.08760200000001,1.464123249053955
80,4,20,1,12,6000,12000,200,500,1000,1000,2000,3239,3769.6420000000007,550.1218000000001,60.135201999999985,1.6930491924285889
80,4,20,1,12,6000,12000,200,500,1000,1000,2000,4331,3486.9446000000034,543.5561999999996,60.87690199999999,1.4820950031280518
80,4,20,1,12,6000,12000,200,500,1000,1000,2000,5960,3608.175999999999,542.8757,61.476701999999996,1.2352969646453857
80,4,20,1,12,6000,12000,200,500,1000,1000,2000,1284,3622.3394000000008,529.7315000000001,60.641400000000004,1.4950790405273438
80,4,20,1,12,6000,12000,200,500,1000,1000,2000,2402,3744.2766000000006,572.9453000000001,60.5243,2.1604647636413574
80,4,20,1,12,6000,12000,200,500,1000,1000,2000,8146,3560.0218000000027,548.9622999999999,60.6791,2.004528045654297
80,4,20,1,12,6000,12000,200,500,1000,1000,2000,1786,3789.4537,577.0438999999999,59.861000999999995,1.6717782020568848
80,4,20,1,12,6000,12000,200,500,1000,1000,2000,8911,3847.3700000000003,571.7581,60.188002,1.6822388172149658
80,4,20,1,12,6000,12000,200,500,1000,1000,2000,7510,3521.5253999999986,523.3120999999999,57.680801999999986,1.543299913406372
80,4,20,1,12,6000,12000,200,500,1000,1000,2000,6556,3839.3635000000017,560.8860999999999,60.95703825992317,1.7475709915161133
80,4,20,1,12,6000,12000,200,500,1000,1000,2000,5726,3430.8497000000007,509.9719,59.029403999999985,1.7474679946899414
80,4,20,1,12,6000,12000,200,500,1000,1000,2000,2935,3592.8986999999997,541.3607999999999,56.87040199999999,1.6022820472717285
80,4,20,1,12,6000,12000,200,500,1000,1000,2000,7223,3635.286900000001,550.8012000000001,59.604499999999994,1.7756428718566895
80,4,20,1,12,6000,12000,200,500,1000,1000,2000,1405,3356.7496999999994,518.5903000000001,57.04070099999999,1.991065263748169
80,4,20,1,12,6000,12000,200,500,1000,1000,2000,6792,3562.733100000001,540.2742,58.798201000000006,1.5725269317626953
80,4,20,1,12,6000,12000,200,500,1000,1000,2000,7527,3957.1959000000006,576.9003999999999,60.486003000000004,1.4928209781646729
80,4,20,1,12,6000,12000,200,500,1000,1000,2000,3965,3733.053000000001,540.9781,57.0632,1.6628952026367188
80,4,20,1,12,6000,12000,200,500,1000,1000,2000,9686,3548.529600000001,538.3686999999999,58.52590200000001,1.4232640266418457
80,4,20,1,12,6000,12000,200,500,1000,1000,2000,2054,3291.485799999998,508.6417,57.947901,1.719738245010376
80,4,20,1,12,6000,12000,200,500,1000,1000,2000,7502,3488.5173999999997,523.9327,58.529503,1.5597970485687256
80,4,20,1,12,6000,12000,200,500,1000,1000,2000,5872,3506.2999999999984,524.9966,57.924204999999986,1.6483683586120605
80,4,20,1,12,6000,12000,200,500,1000,1000,2000,1751,3847.3702000000008,552.2636999999996,60.4021,1.3648428916931152
80,4,20,1,12,6000,12000,200,500,1000,1000,2000,5095,3445.1641,510.98740000000004,59.68525749999999,1.5770330429077148
80,4,20,1,12,6000,12000,200,500,1000,1000,2000,8465,4030.0780000000004,593.2949,61.17780199999999,1.8570780754089355
80,4,20,1,12,6000,12000,200,500,1000,1000,2000,8504,3708.052099999999,574.8256,60.0834,1.887634038925171
80,4,20,1,12,6000,12000,200,500,1000,1000,2000,8819,3513.020800000002,504.5018999999999,60.73880299999998,1.5816409587860107
80,4,20,1,12,6000,12000,200,500,1000,1000,2000,4921,3336.7954999999984,506.2678,59.219801000000004,1.4885890483856201
160,4,40,1,12,6000,12000,200,500,1000,1000,2000,6347,7476.6661,541.1864999999999,61.986402000000005,2.5643980503082275
160,4,40,1,12,6000,12000,200,500,1000,1000,2000,7536,6985.119999999998,521.2481999999997,61.868401000000006,3.124285936355591
160,4,40,1,12,6000,12000,200,500,1000,1000,2000,4078,6787.291700000005,510.3284999999999,53.89720000000001,2.1198437213897705
160,4,40,1,12,6000,12000,200,500,1000,1000,2000,4726,7641.45440000001,582.1452000000002,63.61250000000001,2.9851300716400146
160,4,40,1,12,6000,12000,200,500,1000,1000,2000,5978,7503.39370000001,559.7836999999998,61.01019999999999,2.667896032333374
160,4,40,1,12,6000,12000,200,500,1000,1000,2000,8836,7792.141300000009,588.2292,60.722603000000014,2.728695869445801
160,4,40,1,12,6000,12000,200,500,1000,1000,2000,3380,7552.815400000002,562.5770000000001,62.3872,2.8381412029266357
160,4,40,1,12,6000,12000,200,500,1000,1000,2000,3669,7430.667300000003,556.0780000000002,62.3291,2.3771371841430664
160,4,40,1,12,6000,12000,200,500,1000,1000,2000,7882,7103.330299999999,537.9043,59.993600000000015,2.8651621341705322
160,4,40,1,12,6000,12000,200,500,1000,1000,2000,2503,6637.145699999999,489.15200000000016,60.97620100000001,2.1317129135131836
160,4,40,1,12,6000,12000,200,500,1000,1000,2000,5802,7389.951599999999,560.1879000000001,62.99850199999998,2.714468002319336
160,4,40,1,12,6000,12000,200,500,1000,1000,2000,6455,7532.863300000006,559.3333,60.701699999999995,3.389784097671509
160,4,40,1,12,6000,12000,200,500,1000,1000,2000,5608,7896.615500000009,604.5523,60.840599999999995,2.1044301986694336
160,4,40,1,12,6000,12000,200,500,1000,1000,2000,8258,7444.791600000002,565.2691000000002,58.68829999999999,3.053558111190796
160,4,40,1,12,6000,12000,200,500,1000,1000,2000,7486,7335.701099999996,549.9457999999998,61.63689999999998,2.6841280460357666
160,4,40,1,12,6000,12000,200,500,1000,1000,2000,1839,6688.746400000008,508.7004000000001,50.714001,2.007689952850342
160,4,40,1,12,6000,12000,200,500,1000,1000,2000,3282,7196.167199999996,545.0182,56.77739605058378,3.459928274154663
160,4,40,1,12,6000,12000,200,500,1000,1000,2000,3216,7732.472199999998,569.908,60.65907899499999,4.285644054412842
160,4,40,1,12,6000,12000,200,500,1000,1000,2000,9034,7008.563200000007,512.1333,61.67,3.684248208999634
160,4,40,1,12,6000,12000,200,500,1000,1000,2000,7143,7037.127299999998,520.5399000000002,57.951200000000014,2.665649175643921
160,4,40,1,12,6000,12000,200,500,1000,1000,2000,2446,7927.943200000007,588.0893999999998,62.08347342857143,2.640594005584717
160,4,40,1,12,6000,12000,200,500,1000,1000,2000,5924,6919.619799999998,530.5382000000001,58.8483,2.376007318496704
160,4,40,1,12,6000,12000,200,500,1000,1000,2000,8881,6651.428499999992,506.2911,54.097452,2.5677521228790283
160,4,40,1,12,6000,12000,200,500,1000,1000,2000,6634,7281.187699999997,550.8013000000001,59.7452,3.318779230117798
160,4,40,1,12,6000,12000,200,500,1000,1000,2000,3097,7302.894600000009,543.6416999999999,60.77780299999999,2.3848466873168945
160,4,40,1,12,6000,12000,200,500,1000,1000,2000,1211,6832.966199999996,522.0451000000003,56.182999999999986,2.6085171699523926
160,4,40,1,12,6000,12000,200,500,1000,1000,2000,1921,6545.696799999999,513.5203999999997,56.78688764495112,3.6887638568878174
160,4,40,1,12,6000,12000,200,500,1000,1000,2000,2740,7348.0758000000005,551.9415000000001,59.6537,3.7577459812164307
160,4,40,1,12,6000,12000,200,500,1000,1000,2000,3306,6793.734000000003,514.2873000000002,60.49769999999999,2.7534608840942383
160,4,40,1,12,6000,12000,200,500,1000,1000,2000,4366,6801.315300000002,520.6545000000003,58.471,3.192250967025757
160,4,40,1,12,6000,12000,200,500,1000,1000,2000,5455,7900.1146999999955,591.7184,62.1855,2.976602077484131
160,4,40,1,12,6000,12000,200,500,1000,1000,2000,9095,7193.955200000008,529.1148000000001,58.157700000000006,2.7802460193634033
160,4,40,1,12,6000,12000,200,500,1000,1000,2000,8562,7651.174299999986,564.3926000000001,62.742225,2.9149622917175293
160,4,40,1,12,6000,12000,200,500,1000,1000,2000,9815,6007.0572999999995,457.6393000000001,52.956911016850434,2.866976022720337
160,4,40,1,12,6000,12000,200,500,1000,1000,2000,1466,7278.570600000003,544.3212999999998,60.703903000000004,3.2217159271240234
160,4,40,1,12,6000,12000,200,500,1000,1000,2000,8480,6769.391099999997,514.2418000000001,61.786601,2.1069681644439697
160,4,40,1,12,6000,12000,200,500,1000,1000,2000,3792,7855.81339999999,594.4758999999995,61.50160399999999,3.4708611965179443
160,4,40,1,12,6000,12000,200,500,1000,1000,2000,4697,6873.732700000002,519.8749999999998,59.520801000000006,3.5678138732910156
160,4,40,1,12,6000,12000,200,500,1000,1000,2000,1565,6937.133599999996,533.6138,60.456903,2.5834338665008545
160,4,40,1,12,6000,12000,200,500,1000,1000,2000,5891,7893.876699999999,585.6987999999996,61.616899999999994,2.260723114013672
160,4,40,1,12,6000,12000,200,500,1000,1000,2000,8308,7073.359799999996,524.9938,58.394099999999995,2.807258129119873
160,4,40,1,12,6000,12000,200,500,1000,1000,2000,4257,6924.313999999992,528.2325,61.376099999999994,2.9214048385620117
160,4,40,1,12,6000,12000,200,500,1000,1000,2000,5733,7421.900300000006,554.1520000000002,60.648,2.2531635761260986
160,4,40,1,12,6000,12000,200,500,1000,1000,2000,2946,6976.400699999994,525.3796999999997,60.47760000000001,3.5777089595794678
160,4,40,1,12,6000,12000,200,500,1000,1000,2000,1292,7083.688599999996,528.4774000000002,59.677501,2.8731651306152344
160,4,40,1,12,6000,12000,200,500,1000,1000,2000,5439,7260.972699999998,548.9449,62.012703,2.925792932510376
160,4,40,1,12,6000,12000,200,500,1000,1000,2000,1714,7040.054799999996,526.9514999999998,60.28012394999998,3.1846208572387695
160,4,40,1,12,6000,12000,200,500,1000,1000,2000,9200,7454.102899999998,562.5482,60.900604999999985,3.13108491897583
160,4,40,1,12,6000,12000,200,500,1000,1000,2000,5804,7206.045900000001,528.5317999999996,61.408,2.394834041595459
160,4,40,1,12,6000,12000,200,500,1000,1000,2000,3154,6861.122399999996,515.6881999999999,66.69094624,2.8893496990203857
160,4,40,1,12,6000,12000,200,500,1000,1000,2000,2195,6978.904800000002,526.8724000000001,57.456300000000006,2.6917998790740967
160,4,40,1,12,6000,12000,200,500,1000,1000,2000,3042,7390.1125,563.9300999999999,60.176602999999986,2.851923942565918
160,4,40,1,12,6000,12000,200,500,1000,1000,2000,9808,7175.719999999995,541.4921999999998,64.25265476,2.581054925918579
160,4,40,1,12,6000,12000,200,500,1000,1000,2000,5407,7084.71430000001,537.5466000000002,59.429199999999994,2.2111120223999023
160,4,40,1,12,6000,12000,200,500,1000,1000,2000,3782,7694.951400000001,577.1711,62.98880399999998,2.7728707790374756
160,4,40,1,12,6000,12000,200,500,1000,1000,2000,5410,6158.458099999998,457.84660000000014,59.42433952,2.450700044631958
160,4,40,1,12,6000,12000,200,500,1000,1000,2000,8428,7570.611099999997,574.4597999999999,62.1383,2.9485480785369873
160,4,40,1,12,6000,12000,200,500,1000,1000,2000,7236,7604.136299999996,569.0278000000001,60.402701,2.091848850250244
160,4,40,1,12,6000,12000,200,500,1000,1000,2000,2085,6219.133300000009,460.4550000000001,49.59760099999999,2.996661901473999
160,4,40,1,12,6000,12000,200,500,1000,1000,2000,2139,6957.633099999992,525.7435000000002,62.24499999999999,2.7601218223571777
160,4,40,1,12,6000,12000,200,500,1000,1000,2000,6801,6704.285899999989,510.73799999999994,62.84610000000001,2.364480972290039
160,4,40,1,12,6000,12000,200,500,1000,1000,2000,6820,7637.628499999999,564.8672999999999,60.29410099999998,3.466231107711792
160,4,40,1,12,6000,12000,200,500,1000,1000,2000,3830,7595.1965999999975,567.4424000000002,63.38370599999998,1.9829940795898438
160,4,40,1,12,6000,12000,200,500,1000,1000,2000,7975,7675.206099999995,566.1397999999998,61.210901,2.414062023162842
160,4,40,1,12,6000,12000,200,500,1000,1000,2000,3469,7361.783100000004,543.8326999999999,59.35780000000001,2.823498010635376
160,4,40,1,12,6000,12000,200,500,1000,1000,2000,1454,6602.3141,485.38340000000005,58.33280099999999,2.2240259647369385
160,4,40,1,12,6000,12000,200,500,1000,1000,2000,2573,6759.093400000005,500.0523,61.368300000000005,3.238301992416382
160,4,40,1,12,6000,12000,200,500,1000,1000,2000,3931,6690.2588,512.3779000000001,60.296901999999996,2.7535040378570557
160,4,40,1,12,6000,12000,200,500,1000,1000,2000,5445,7184.363699999996,538.7542999999998,60.455302999999994,2.4648709297180176
160,4,40,1,12,6000,12000,200,500,1000,1000,2000,5745,7292.210200000002,551.8799000000002,64.39387586,2.254173755645752
160,4,40,1,12,6000,12000,200,500,1000,1000,2000,7167,7894.106400000002,595.3408,62.00620100000001,2.5173981189727783
160,4,40,1,12,6000,12000,200,500,1000,1000,2000,7597,7946.695899999995,597.7886999999997,62.79110000000001,3.2049789428710938
160,4,40,1,12,6000,12000,200,500,1000,1000,2000,7005,6527.953500000004,495.1186,70.92249149999998,2.435497999191284
160,4,40,1,12,6000,12000,200,500,1000,1000,2000,3239,7536.619400000002,551.3096999999998,61.57390000000001,2.1978180408477783
160,4,40,1,12,6000,12000,200,500,1000,1000,2000,4331,7133.976599999997,544.8909999999997,61.5596,3.0364489555358887
160,4,40,1,12,6000,12000,200,500,1000,1000,2000,5960,7263.3508999999995,544.2953000000005,61.9844,2.2051479816436768
160,4,40,1,12,6000,12000,200,500,1000,1000,2000,1284,7194.264500000003,530.6200000000003,65.87840099999998,3.0597870349884033
160,4,40,1,12,6000,12000,200,500,1000,1000,2000,2402,7593.591600000003,573.8864,62.650499999999994,2.7144739627838135
160,4,40,1,12,6000,12000,200,500,1000,1000,2000,8146,7212.956999999996,549.3014000000002,60.85780099999999,2.7280640602111816
160,4,40,1,12,6000,12000,200,500,1000,1000,2000,1786,7679.066299999993,578.0983999999996,61.488800000000005,2.5521318912506104
160,4,40,1,12,6000,12000,200,500,1000,1000,2000,8911,7566.802799999993,573.1420000000002,61.432505,2.7792551517486572
160,4,40,1,12,6000,12000,200,500,1000,1000,2000,7510,6922.677499999995,524.4924000000002,58.44792661870503,2.2044928073883057
160,4,40,1,12,6000,12000,200,500,1000,1000,2000,6556,7495.7479000000085,561.1049,61.17740000000001,2.2786738872528076
160,4,40,1,12,6000,12000,200,500,1000,1000,2000,5726,6885.243300000008,511.0507,61.1793,3.1501641273498535
160,4,40,1,12,6000,12000,200,500,1000,1000,2000,2935,7228.016600000014,541.6710999999999,58.23050699999996,3.287592887878418
160,4,40,1,12,6000,12000,200,500,1000,1000,2000,7223,7458.982899999998,551.5764,60.36800100000001,2.500478982925415
160,4,40,1,12,6000,12000,200,500,1000,1000,2000,1405,6791.349599999996,518.9498000000002,58.292699999999996,2.363306999206543
160,4,40,1,12,6000,12000,200,500,1000,1000,2000,6792,7049.305400000008,541.0822,59.853803000000006,2.4630541801452637
160,4,40,1,12,6000,12000,200,500,1000,1000,2000,7527,7916.3044,579.0837999999999,62.075905000000006,1.9992027282714844
160,4,40,1,12,6000,12000,200,500,1000,1000,2000,3965,7264.422700000002,541.9438,58.419002000000006,2.7228102684020996
160,4,40,1,12,6000,12000,200,500,1000,1000,2000,9686,7131.581800000001,539.2281999999999,60.163501,2.2573540210723877
160,4,40,1,12,6000,12000,200,500,1000,1000,2000,2054,6674.270399999998,510.04930000000013,61.44267487999999,2.5483639240264893
160,4,40,1,12,6000,12000,200,500,1000,1000,2000,7502,6830.694900000005,524.1806000000001,59.528503999999984,2.5740158557891846
160,4,40,1,12,6000,12000,200,500,1000,1000,2000,5872,7014.468600000006,525.4761000000001,59.83889999999998,2.5342750549316406
160,4,40,1,12,6000,12000,200,500,1000,1000,2000,1751,7543.660100000006,553.7119,61.28930699999998,2.200472116470337
160,4,40,1,12,6000,12000,200,500,1000,1000,2000,5095,6955.486400000006,511.5074,60.11109999999999,2.6291823387145996
160,4,40,1,12,6000,12000,200,500,1000,1000,2000,8465,8024.386299999995,593.6712999999999,64.557806,2.6211960315704346
160,4,40,1,12,6000,12000,200,500,1000,1000,2000,8504,7516.108399999995,575.8492000000001,63.310801000000005,2.3314507007598877
160,4,40,1,12,6000,12000,200,500,1000,1000,2000,8819,6931.589600000001,505.0939999999999,61.69669999999999,2.1256191730499268
160,4,40,1,12,6000,12000,200,500,1000,1000,2000,4921,6669.868499999994,506.98780000000005,60.711201,2.785979747772217
240,4,60,1,12,6000,12000,200,500,1000,1000,2000,6347,11071.1602,542.4919,60.76910000000001,3.1981160640716553
240,4,60,1,12,6000,12000,200,500,1000,1000,2000,7536,10290.761399999994,522.0354000000001,62.722801,4.022917985916138
240,4,60,1,12,6000,12000,200,500,1000,1000,2000,4078,10273.095800000012,512.9252999999997,56.213001999999996,3.094165086746216
240,4,60,1,12,6000,12000,200,500,1000,1000,2000,4726,11574.910099999996,583.6546,64.712401,3.729191780090332
240,4,60,1,12,6000,12000,200,500,1000,1000,2000,5978,11268.060800000023,561.1506999999998,63.003104999999984,3.4537899494171143
240,4,60,1,12,6000,12000,200,500,1000,1000,2000,8836,11612.604900000008,589.8199000000003,61.972200000000015,4.118561029434204
240,4,60,1,12,6000,12000,200,500,1000,1000,2000,3380,11172.52580000001,563.1682999999996,62.389100000000006,3.4179561138153076
240,4,60,1,12,6000,12000,200,500,1000,1000,2000,3669,11069.505599999997,557.048,62.5171,3.3410279750823975
240,4,60,1,12,6000,12000,200,500,1000,1000,2000,7882,10755.257800000003,539.058,60.94999999999998,3.8788020610809326
240,4,60,1,12,6000,12000,200,500,1000,1000,2000,2503,9799.012400000003,490.3758000000001,61.586499999999994,3.095973014831543
240,4,60,1,12,6000,12000,200,500,1000,1000,2000,5802,11167.997100000022,561.7676,63.46720199999999,3.498391628265381
240,4,60,1,12,6000,12000,200,500,1000,1000,2000,6455,11210.930700000014,560.1327999999999,62.2234,3.622879981994629
240,4,60,1,12,6000,12000,200,500,1000,1000,2000,5608,11972.303599999997,605.4496000000001,62.39150099999999,2.4407548904418945
240,4,60,1,12,6000,12000,200,500,1000,1000,2000,8258,11184.60450000001,566.0142999999999,59.078601,3.314410924911499
240,4,60,1,12,6000,12000,200,500,1000,1000,2000,7486,10965.862300000006,550.7927999999995,63.09780000000001,3.1257920265197754
240,4,60,1,12,6000,12000,200,500,1000,1000,2000,1839,10081.970799999994,509.4568999999998,51.811101,2.7632269859313965
240,4,60,1,12,6000,12000,200,500,1000,1000,2000,3282,10725.820999999989,545.9343999999999,56.492101,3.4948501586914062
240,4,60,1,12,6000,12000,200,500,1000,1000,2000,3216,11693.766300000008,570.5639000000002,60.71569999999999,3.349277973175049
240,4,60,1,12,6000,12000,200,500,1000,1000,2000,9034,10450.906500000012,514.0824,61.8474,3.031440258026123
240,4,60,1,12,6000,12000,200,500,1000,1000,2000,7143,10534.553800000002,520.7792,57.89540299999999,2.459090232849121
240,4,60,1,12,6000,12000,200,500,1000,1000,2000,2446,11774.06440000002,589.9873000000002,62.7147,3.5207550525665283
240,4,60,1,12,6000,12000,200,500,1000,1000,2000,5924,10443.400000000009,531.3494000000003,61.870602,2.740863084793091
240,4,60,1,12,6000,12000,200,500,1000,1000,2000,8881,10099.615899999999,508.45519999999976,54.56840000000001,3.4023149013519287
240,4,60,1,12,6000,12000,200,500,1000,1000,2000,6634,10941.069099999997,551.8910999999999,61.48510099999999,3.0423521995544434
240,4,60,1,12,6000,12000,200,500,1000,1000,2000,3097,10928.488200000009,543.844,61.91100000000001,2.788649082183838
240,4,60,1,12,6000,12000,200,500,1000,1000,2000,1211,10370.576199999998,521.9686,60.609731999999994,4.166823863983154
240,4,60,1,12,6000,12000,200,500,1000,1000,2000,1921,9975.9446,514.8370000000002,57.720200000000006,3.4975030422210693
240,4,60,1,12,6000,12000,200,500,1000,1000,2000,2740,11149.243700000014,552.1490999999997,60.857201,4.556635141372681
240,4,60,1,12,6000,12000,200,500,1000,1000,2000,3306,10208.121900000007,514.6465000000002,67.71061451,3.0478439331054688
240,4,60,1,12,6000,12000,200,500,1000,1000,2000,4366,10310.8842,520.8662,59.9265,3.6370151042938232
240,4,60,1,12,6000,12000,200,500,1000,1000,2000,5455,11791.623200000004,592.7223000000001,75.49940261,3.2942590713500977
240,4,60,1,12,6000,12000,200,500,1000,1000,2000,9095,10877.275599999995,531.1327999999996,59.381613376648374,3.1579058170318604
240,4,60,1,12,6000,12000,200,500,1000,1000,2000,8562,11437.99299999999,567.6097000000005,62.99230000000002,3.366712808609009
240,4,60,1,12,6000,12000,200,500,1000,1000,2000,9815,9032.244200000001,459.0868,52.752399999999994,3.00337815284729
240,4,60,1,12,6000,12000,200,500,1000,1000,2000,1466,10926.363000000003,544.9648,62.297900999999996,3.749117136001587
240,4,60,1,12,6000,12000,200,500,1000,1000,2000,8480,10371.565800000008,514.7094999999998,63.448301,2.8625500202178955
240,4,60,1,12,6000,12000,200,500,1000,1000,2000,3792,11748.980799999994,596.1863999999995,61.7949,3.7020840644836426
240,4,60,1,12,6000,12000,200,500,1000,1000,2000,4697,10334.086899999991,522.7266999999999,58.80790099999998,2.950368881225586
240,4,60,1,12,6000,12000,200,500,1000,1000,2000,1565,10622.072199999995,533.0523999999999,61.758902,3.3638978004455566
240,4,60,1,12,6000,12000,200,500,1000,1000,2000,5891,11800.199100000005,587.7393999999996,63.38470000000002,2.9852168560028076
240,4,60,1,12,6000,12000,200,500,1000,1000,2000,8308,10559.015900000004,525.3105,59.465160155,2.793462038040161
240,4,60,1,12,6000,12000,200,500,1000,1000,2000,4257,10454.782899999995,528.7755,62.56040000000001,3.714811086654663
240,4,60,1,12,6000,12000,200,500,1000,1000,2000,5733,11108.331199999991,555.4378000000006,61.858946153846155,2.803213119506836
240,4,60,1,12,6000,12000,200,500,1000,1000,2000,2946,10449.930300000007,525.6530999999997,62.53110599999998,3.5882980823516846
240,4,60,1,12,6000,12000,200,500,1000,1000,2000,1292,10526.235400000001,529.5638000000002,60.571992206266316,3.442819118499756
240,4,60,1,12,6000,12000,200,500,1000,1000,2000,5439,10889.481400000008,549.8733,61.369001999999995,3.9648680686950684
240,4,60,1,12,6000,12000,200,500,1000,1000,2000,1714,10543.625799999993,528.2395,60.0524,3.308169364929199
240,4,60,1,12,6000,12000,200,500,1000,1000,2000,9200,11273.809700000016,562.0844999999999,61.591502999999996,2.874613046646118
240,4,60,1,12,6000,12000,200,500,1000,1000,2000,5804,10733.244400000007,529.5868,64.44712700000001,3.666134834289551
240,4,60,1,12,6000,12000,200,500,1000,1000,2000,3154,10300.457800000013,516.6239999999998,62.70809244927451,2.5992648601531982
240,4,60,1,12,6000,12000,200,500,1000,1000,2000,2195,10542.444500000012,528.1508000000002,59.17809999999999,4.097893953323364
240,4,60,1,12,6000,12000,200,500,1000,1000,2000,3042,11082.3097,564.0643,61.624205999999994,3.514204740524292
240,4,60,1,12,6000,12000,200,500,1000,1000,2000,9808,10883.369200000008,542.9802000000004,61.69190100000001,3.4545748233795166
240,4,60,1,12,6000,12000,200,500,1000,1000,2000,5407,10693.295700000017,537.8123000000003,62.32672121397379,3.306317090988159
240,4,60,1,12,6000,12000,200,500,1000,1000,2000,3782,11514.610400000003,578.0099000000004,62.462701,3.345073938369751
240,4,60,1,12,6000,12000,200,500,1000,1000,2000,5410,9150.270199999999,458.2859000000001,53.7965,3.3902511596679688
240,4,60,1,12,6000,12000,200,500,1000,1000,2000,8428,11373.27059999999,576.3611999999995,61.65560000000001,3.4982662200927734
240,4,60,1,12,6000,12000,200,500,1000,1000,2000,7236,11322.704899999975,569.7673000000002,60.48969999999999,3.1518208980560303
240,4,60,1,12,6000,12000,200,500,1000,1000,2000,2085,9313.459100000015,461.21909999999997,53.55966299999999,2.9533638954162598
240,4,60,1,12,6000,12000,200,500,1000,1000,2000,2139,10445.732100000003,527.1569000000003,61.7287,3.7509849071502686
240,4,60,1,12,6000,12000,200,500,1000,1000,2000,6801,10120.94579999999,511.57519999999965,63.168000000000006,3.2250192165374756
240,4,60,1,12,6000,12000,200,500,1000,1000,2000,6820,11280.825100000013,567.6434000000002,61.10450099999999,4.262386083602905
240,4,60,1,12,6000,12000,200,500,1000,1000,2000,3830,11416.169099999985,569.0831999999997,63.234899999999996,3.0009992122650146
240,4,60,1,12,6000,12000,200,500,1000,1000,2000,7975,11452.689199999983,567.3599,61.39980300000001,2.7172820568084717
240,4,60,1,12,6000,12000,200,500,1000,1000,2000,3469,11030.946500000011,544.7464000000004,60.73159999999999,2.849410057067871
240,4,60,1,12,6000,12000,200,500,1000,1000,2000,1454,9747.638099999998,485.57679999999993,58.46490000000001,3.661518096923828
240,4,60,1,12,6000,12000,200,500,1000,1000,2000,2573,10116.3734,501.8432,62.172302,3.087200164794922
240,4,60,1,12,6000,12000,200,500,1000,1000,2000,3931,9957.15229999999,513.85,61.10470200000001,3.4576127529144287
240,4,60,1,12,6000,12000,200,500,1000,1000,2000,5445,10803.4474,538.6108000000002,62.4583,3.1955878734588623
240,4,60,1,12,6000,12000,200,500,1000,1000,2000,5745,11024.915699999998,553.2681000000001,62.541001999999985,3.0448789596557617
240,4,60,1,12,6000,12000,200,500,1000,1000,2000,7167,11972.9955,596.9721999999998,63.116299999999995,3.7320210933685303
240,4,60,1,12,6000,12000,200,500,1000,1000,2000,7597,11889.316500000003,598.7256999999997,62.85800299999999,3.616488218307495
240,4,60,1,12,6000,12000,200,500,1000,1000,2000,7005,9916.70850000001,495.7877999999999,64.03000400000002,2.9366559982299805
240,4,60,1,12,6000,12000,200,500,1000,1000,2000,3239,11166.05829999998,551.5248999999997,63.497001000000026,3.323591947555542
240,4,60,1,12,6000,12000,200,500,1000,1000,2000,4331,10738.96959999999,544.5672999999991,70.086902,2.994246006011963
240,4,60,1,12,6000,12000,200,500,1000,1000,2000,5960,10696.1072,545.2903000000002,62.535101000000004,3.1315829753875732
240,4,60,1,12,6000,12000,200,500,1000,1000,2000,1284,10520.74590000002,532.7795000000003,64.23640100000001,3.072632074356079
240,4,60,1,12,6000,12000,200,500,1000,1000,2000,2402,11328.853100000018,573.8428,62.84080000000001,3.5301718711853027
240,4,60,1,12,6000,12000,200,500,1000,1000,2000,8146,10937.817699999989,550.2127999999999,63.145601000000006,3.610793113708496
240,4,60,1,12,6000,12000,200,500,1000,1000,2000,1786,11413.27879999998,579.7514000000001,61.437,3.3580129146575928
240,4,60,1,12,6000,12000,200,500,1000,1000,2000,8911,11351.908400000002,572.8831000000001,62.0603,3.3803961277008057
240,4,60,1,12,6000,12000,200,500,1000,1000,2000,7510,10375.495699999992,525.6769999999999,60.88060000000001,2.8636221885681152
240,4,60,1,12,6000,12000,200,500,1000,1000,2000,6556,11157.7728,562.8936000000006,62.999641785641266,2.5880959033966064
240,4,60,1,12,6000,12000,200,500,1000,1000,2000,5726,10349.256000000007,512.0873,61.755700000000004,4.033759117126465
240,4,60,1,12,6000,12000,200,500,1000,1000,2000,2935,10854.043099999997,542.2204999999999,58.537899999999986,3.532288074493408
240,4,60,1,12,6000,12000,200,500,1000,1000,2000,7223,11098.240200000007,551.7781000000003,61.565301999999996,2.821770668029785
240,4,60,1,12,6000,12000,200,500,1000,1000,2000,1405,10146.722500000009,520.0360999999997,60.189800999999996,2.459444999694824
240,4,60,1,12,6000,12000,200,500,1000,1000,2000,6792,10655.384799999994,541.1464000000001,61.03740099999999,2.5779449939727783
240,4,60,1,12,6000,12000,200,500,1000,1000,2000,7527,11830.441299999999,580.5264999999996,63.57740000000001,2.2810678482055664
240,4,60,1,12,6000,12000,200,500,1000,1000,2000,3965,10847.873999999993,543.3030000000003,58.32680499999999,2.7643511295318604
240,4,60,1,12,6000,12000,200,500,1000,1000,2000,9686,10784.73399999999,539.9045999999997,61.33149999999998,2.3443520069122314
240,4,60,1,12,6000,12000,200,500,1000,1000,2000,2054,10090.008600000003,511.33599999999996,64.72796287999999,2.768281936645508
240,4,60,1,12,6000,12000,200,500,1000,1000,2000,7502,10402.62349999999,525.4938000000002,59.69650000000001,2.5422091484069824
240,4,60,1,12,6000,12000,200,500,1000,1000,2000,5872,10572.48700000001,526.8719000000002,59.995400000000004,2.744425058364868
240,4,60,1,12,6000,12000,200,500,1000,1000,2000,1751,11214.423,555.7091999999998,62.67780399999998,2.8409759998321533
240,4,60,1,12,6000,12000,200,500,1000,1000,2000,5095,10369.951400000016,512.0296999999998,61.11050100000001,2.717052936553955
240,4,60,1,12,6000,12000,200,500,1000,1000,2000,8465,11989.479500000007,593.9829000000001,70.58531749999997,2.7973461151123047
240,4,60,1,12,6000,12000,200,500,1000,1000,2000,8504,11463.967399999994,576.9400999999999,63.656600999999995,2.7838661670684814
240,4,60,1,12,6000,12000,200,500,1000,1000,2000,8819,10271.723999999986,505.59109999999987,61.76119744874899,2.3957719802856445
240,4,60,1,12,6000,12000,200,500,1000,1000,2000,4921,9981.729100000004,507.85220000000004,60.338801,2.910900831222534
320,4,80,1,12,6000,12000,200,500,1000,1000,2000,6347,14571.427300000007,543.1685999999995,61.54569999999999,2.990892171859741
320,4,80,1,12,6000,12000,200,500,1000,1000,2000,7536,13747.39270000001,522.8738999999997,62.55650200000001,3.8590450286865234
320,4,80,1,12,6000,12000,200,500,1000,1000,2000,4078,13745.579400000017,514.2289999999999,56.38570099999999,3.4188690185546875
320,4,80,1,12,6000,12000,200,500,1000,1000,2000,4726,15439.034599999984,583.7291000000004,64.81629999999998,3.776798963546753
320,4,80,1,12,6000,12000,200,500,1000,1000,2000,5978,14942.57830000003,563.1586000000001,62.861103999999955,3.718585968017578
320,4,80,1,12,6000,12000,200,500,1000,1000,2000,8836,15843.486100000002,589.2218,61.22240000000001,3.7267918586730957
320,4,80,1,12,6000,12000,200,500,1000,1000,2000,3380,14955.92990000002,564.0963999999994,63.44350099999999,3.5191650390625
320,4,80,1,12,6000,12000,200,500,1000,1000,2000,3669,14871.787699999986,557.5885999999998,63.6644,3.8996169567108154
320,4,80,1,12,6000,12000,200,500,1000,1000,2000,7882,14447.573200000006,539.2441000000002,62.05430199999998,3.3226280212402344
320,4,80,1,12,6000,12000,200,500,1000,1000,2000,2503,12937.057600000015,489.6915,61.90410099999998,3.1780142784118652
320,4,80,1,12,6000,12000,200,500,1000,1000,2000,5802,14802.241000000036,561.6628999999998,63.8982,3.2017338275909424
320,4,80,1,12,6000,12000,200,500,1000,1000,2000,6455,14915.701600000026,561.4064999999999,63.088699999999996,3.8142178058624268
320,4,80,1,12,6000,12000,200,500,1000,1000,2000,5608,15953.27119999998,605.1251000000001,63.249501,3.0893309116363525
320,4,80,1,12,6000,12000,200,500,1000,1000,2000,8258,14932.466000000002,567.2620000000001,61.2247,3.7256970405578613
320,4,80,1,12,6000,12000,200,500,1000,1000,2000,7486,14668.73320000002,551.4838999999995,61.868804000000004,3.5461318492889404
320,4,80,1,12,6000,12000,200,500,1000,1000,2000,1839,13506.110399999952,508.93579999999963,68.26330300000001,3.6171228885650635
320,4,80,1,12,6000,12000,200,500,1000,1000,2000,3282,14332.663699999965,545.4271999999999,58.297701999999994,4.597594976425171
320,4,80,1,12,6000,12000,200,500,1000,1000,2000,3216,15470.788600000013,571.4835999999999,63.30309999999999,4.116678714752197
320,4,80,1,12,6000,12000,200,500,1000,1000,2000,9034,13954.813800000009,515.5428000000003,62.927200000000006,3.4938182830810547
320,4,80,1,12,6000,12000,200,500,1000,1000,2000,7143,14076.313300000016,523.0895999999998,59.010902,3.1660640239715576
320,4,80,1,12,6000,12000,200,500,1000,1000,2000,2446,15751.21520000003,592.0844000000009,63.31680099999999,4.109565019607544
320,4,80,1,12,6000,12000,200,500,1000,1000,2000,5924,14006.075500000037,532.4305000000007,62.2085,4.379345893859863
320,4,80,1,12,6000,12000,200,500,1000,1000,2000,8881,13402.563800000018,509.3334999999998,55.65330100000002,4.025989055633545
320,4,80,1,12,6000,12000,200,500,1000,1000,2000,6634,14636.125399999997,551.4930999999998,61.816800000000015,4.434791803359985
320,4,80,1,12,6000,12000,200,500,1000,1000,2000,3097,14583.802500000016,544.4095999999996,61.79077819298246,3.2384817600250244
320,4,80,1,12,6000,12000,200,500,1000,1000,2000,1211,13842.703200000009,522.1827999999998,57.47719999999999,4.025006055831909
320,4,80,1,12,6000,12000,200,500,1000,1000,2000,1921,13215.14400000002,517.6928000000001,58.084802999999994,4.248637914657593
320,4,80,1,12,6000,12000,200,500,1000,1000,2000,2740,14808.410100000023,552.8368,62.39620099999999,4.661745309829712
320,4,80,1,12,6000,12000,200,500,1000,1000,2000,3306,13557.101300000017,515.9705000000004,62.09350000000002,3.819370985031128
320,4,80,1,12,6000,12000,200,500,1000,1000,2000,4366,13784.791399999996,523.5544000000001,60.68760000000002,4.233330011367798
320,4,80,1,12,6000,12000,200,500,1000,1000,2000,5455,15670.572500000015,593.9416000000001,66.15150000000003,4.21132230758667
320,4,80,1,12,6000,12000,200,500,1000,1000,2000,9095,14364.432999999966,532.9124000000003,59.79003036499998,4.1645591259002686
320,4,80,1,12,6000,12000,200,500,1000,1000,2000,8562,14956.819399999978,566.9875999999999,63.55819999999999,3.964311122894287
320,4,80,1,12,6000,12000,200,500,1000,1000,2000,9815,12030.943800000006,459.0698000000001,54.518605,4.263939142227173
320,4,80,1,12,6000,12000,200,500,1000,1000,2000,1466,14565.088099999995,545.8235000000001,62.708401,4.448753833770752
320,4,80,1,12,6000,12000,200,500,1000,1000,2000,8480,13863.585400000022,516.223,64.26768136794541,3.9880120754241943
320,4,80,1,12,6000,12000,200,500,1000,1000,2000,3792,15702.696299999985,598.2924999999991,62.32039862787961,4.296260118484497
320,4,80,1,12,6000,12000,200,500,1000,1000,2000,4697,13780.531599999982,523.9721999999998,60.609700000000004,3.702270030975342
320,4,80,1,12,6000,12000,200,500,1000,1000,2000,1565,13940.134399999986,536.0699999999996,61.8292,4.176594257354736
320,4,80,1,12,6000,12000,200,500,1000,1000,2000,5891,15654.696300000021,589.2708999999994,64.0173965,3.984231948852539
320,4,80,1,12,6000,12000,200,500,1000,1000,2000,8308,14046.774100000024,526.3637000000004,60.85703981000001,3.7391932010650635
320,4,80,1,12,6000,12000,200,500,1000,1000,2000,4257,14142.129600000011,529.1316999999998,64.49690500000001,4.512325048446655
320,4,80,1,12,6000,12000,200,500,1000,1000,2000,5733,14885.880099999971,558.5473,64.38298478000002,4.311312913894653
320,4,80,1,12,6000,12000,200,500,1000,1000,2000,2946,13882.097300000029,525.8639999999998,62.786203,4.067762851715088
320,4,80,1,12,6000,12000,200,500,1000,1000,2000,1292,14071.406099999998,528.7819000000002,61.049501,4.711409091949463
320,4,80,1,12,6000,12000,200,500,1000,1000,2000,5439,14510.077700000013,549.7564000000001,63.37230099999999,4.418237924575806
320,4,80,1,12,6000,12000,200,500,1000,1000,2000,1714,14066.112000000003,527.8047999999999,61.53180299999998,4.193263292312622
320,4,80,1,12,6000,12000,200,500,1000,1000,2000,9200,15113.944900000039,562.9070000000002,61.52430000000001,3.9541571140289307
320,4,80,1,12,6000,12000,200,500,1000,1000,2000,5804,14257.208900000016,528.9595,64.291386845,4.046602964401245
320,4,80,1,12,6000,12000,200,500,1000,1000,2000,3154,13714.833800000055,518.6967000000003,62.80409999999999,3.801175832748413
320,4,80,1,12,6000,12000,200,500,1000,1000,2000,2195,14210.563000000006,528.9212000000005,59.98650199999999,3.8094871044158936
320,4,80,1,12,6000,12000,200,500,1000,1000,2000,3042,14697.518799999985,565.3998,61.39470099999999,4.69950795173645
320,4,80,1,12,6000,12000,200,500,1000,1000,2000,9808,14443.19370000002,543.8591000000004,61.22982204865979,4.7202558517456055
320,4,80,1,12,6000,12000,200,500,1000,1000,2000,5407,14146.690100000023,539.6477000000006,60.225901,3.9110288619995117
320,4,80,1,12,6000,12000,200,500,1000,1000,2000,3782,15231.223300000003,577.3805,63.072799999999994,5.108917951583862
320,4,80,1,12,6000,12000,200,500,1000,1000,2000,5410,12150.96940000001,458.6797000000001,54.215799999999994,4.235334873199463
320,4,80,1,12,6000,12000,200,500,1000,1000,2000,8428,15203.49499999999,577.5702000000001,64.67880000000001,3.567761182785034
320,4,80,1,12,6000,12000,200,500,1000,1000,2000,7236,15205.56189999996,570.9380999999996,62.74780100000001,3.4566259384155273
320,4,80,1,12,6000,12000,200,500,1000,1000,2000,2085,12356.065900000012,463.2998999999999,50.84153450189634,3.581779956817627
320,4,80,1,12,6000,12000,200,500,1000,1000,2000,2139,13805.36560000003,526.869,62.372001,4.618714809417725
320,4,80,1,12,6000,12000,200,500,1000,1000,2000,6801,13607.406299999988,512.2344000000002,63.027,4.195966958999634
320,4,80,1,12,6000,12000,200,500,1000,1000,2000,6820,14949.748200000022,567.2649999999996,61.691101,4.2342047691345215
320,4,80,1,12,6000,12000,200,500,1000,1000,2000,3830,15279.295099999981,570.3815999999991,63.84090000000001,3.997201919555664
320,4,80,1,12,6000,12000,200,500,1000,1000,2000,7975,15147.644099999985,568.3860999999997,61.7551,4.133964776992798
320,4,80,1,12,6000,12000,200,500,1000,1000,2000,3469,14627.215600000023,545.8186000000002,61.66410299999998,3.8376870155334473
320,4,80,1,12,6000,12000,200,500,1000,1000,2000,1454,12934.25159999999,487.4939000000002,59.260999999999996,4.403382778167725
320,4,80,1,12,6000,12000,200,500,1000,1000,2000,2573,13503.239499999989,503.4946999999999,63.371401,3.790598154067993
320,4,80,1,12,6000,12000,200,500,1000,1000,2000,3931,13401.736199999987,512.5078000000001,62.08860100000001,4.871121168136597
320,4,80,1,12,6000,12000,200,500,1000,1000,2000,5445,14452.700900000003,539.8017000000004,63.42980099999998,4.060070037841797
320,4,80,1,12,6000,12000,200,500,1000,1000,2000,5745,14537.982799999976,553.9459000000003,62.1734,3.9483180046081543
320,4,80,1,12,6000,12000,200,500,1000,1000,2000,7167,15927.07229999999,598.0298999999994,65.37240399999997,4.331716775894165
320,4,80,1,12,6000,12000,200,500,1000,1000,2000,7597,15960.532400000011,598.7496000000001,71.80458500653596,4.263477087020874
320,4,80,1,12,6000,12000,200,500,1000,1000,2000,7005,13235.833499999982,496.7912999999998,63.6999,3.9988532066345215
320,4,80,1,12,6000,12000,200,500,1000,1000,2000,3239,14792.729099999964,553.4700999999995,62.644001,3.8815929889678955
320,4,80,1,12,6000,12000,200,500,1000,1000,2000,4331,14418.637300000002,547.0565999999992,63.331200999999986,3.7277262210845947
320,4,80,1,12,6000,12000,200,500,1000,1000,2000,5960,14258.943599999988,545.0192000000008,63.58608291917856,4.2105841636657715
320,4,80,1,12,6000,12000,200,500,1000,1000,2000,1284,14185.693,533.8331999999997,63.420463,4.313898801803589
320,4,80,1,12,6000,12000,200,500,1000,1000,2000,2402,15212.339000000018,574.8284999999996,62.5411,4.268550872802734
320,4,80,1,12,6000,12000,200,500,1000,1000,2000,8146,14595.006699999978,550.4072999999995,63.81985075041598,4.644757986068726
320,4,80,1,12,6000,12000,200,500,1000,1000,2000,1786,15293.89769999997,580.9646999999997,62.57557489728557,3.6176609992980957
320,4,80,1,12,6000,12000,200,500,1000,1000,2000,8911,15233.420699999999,575.3874000000005,62.99580000000001,5.931785345077515
320,4,80,1,12,6000,12000,200,500,1000,1000,2000,7510,13769.964599999992,526.8410999999998,61.523102999999985,3.6596527099609375
320,4,80,1,12,6000,12000,200,500,1000,1000,2000,6556,14846.650100000012,563.8304000000006,64.33060300000001,3.555107831954956
320,4,80,1,12,6000,12000,200,500,1000,1000,2000,5726,13760.251700000003,512.8195,62.52330000000001,4.731264114379883
320,4,80,1,12,6000,12000,200,500,1000,1000,2000,2935,14435.183999999985,542.7340999999999,58.71336647662485,3.907560110092163
320,4,80,1,12,6000,12000,200,500,1000,1000,2000,7223,14930.685200000038,552.3621000000002,63.01400499999998,3.717306137084961
320,4,80,1,12,6000,12000,200,500,1000,1000,2000,1405,13664.637200000012,520.6614,60.9008,4.341155052185059
320,4,80,1,12,6000,12000,200,500,1000,1000,2000,6792,14196.697299999983,542.5731999999998,60.282502,4.083643198013306
320,4,80,1,12,6000,12000,200,500,1000,1000,2000,7527,15622.951799999988,582.3098999999994,64.49320000000002,3.3314208984375
320,4,80,1,12,6000,12000,200,500,1000,1000,2000,3965,14351.88769999995,544.7353000000002,59.71240100000001,4.03733491897583
320,4,80,1,12,6000,12000,200,500,1000,1000,2000,9686,14475.978699999989,540.6003,63.157,3.4405508041381836
320,4,80,1,12,6000,12000,200,500,1000,1000,2000,2054,13574.29140000001,510.5681,60.843201,4.201131105422974
320,4,80,1,12,6000,12000,200,500,1000,1000,2000,7502,13819.194599999984,526.3893000000002,61.18230000000001,4.173871040344238
320,4,80,1,12,6000,12000,200,500,1000,1000,2000,5872,13980.001000000002,527.8137000000002,61.20880099999997,3.9156980514526367
320,4,80,1,12,6000,12000,200,500,1000,1000,2000,1751,14952.678899999992,556.9689999999996,63.9913,3.879945993423462
320,4,80,1,12,6000,12000,200,500,1000,1000,2000,5095,13652.34120000002,512.7489,61.881000000000014,3.7845170497894287
320,4,80,1,12,6000,12000,200,500,1000,1000,2000,8465,15949.9776,595.5174999999998,77.80840200000002,4.275653839111328
320,4,80,1,12,6000,12000,200,500,1000,1000,2000,8504,15274.36650000001,576.3118000000004,64.213701,3.9345860481262207
320,4,80,1,12,6000,12000,200,500,1000,1000,2000,8819,13720.196199999975,506.21299999999997,63.08052687999998,3.6757328510284424
320,4,80,1,12,6000,12000,200,500,1000,1000,2000,4921,13344.686500000018,507.76919999999996,63.140701,4.064251899719238
