vnf_type_min,vnf_type_max,seed,HEFT,DHEFT,NHEFT,time_sec
1,5,6347,2147.0406000000007,27.012999999999995,11.940533286995512,3.4613780975341797
1,5,7536,1858.9812999999906,23.414500000000004,11.362601000000002,4.81551194190979
1,5,4078,1918.4530000000066,27.087300000000017,9.732104477611939,3.111142873764038
1,5,4726,1783.6296000000061,25.04730000000002,9.440900000000003,3.842458724975586
1,5,5978,2607.6523999999995,34.475199999999994,14.339716022391316,4.86287784576416
1,5,8836,2020.5931000000016,25.8194,9.0045,5.61772894859314
1,5,3380,2374.4718999999964,29.967400000000005,12.568039150227621,3.986541986465454
1,5,3669,2012.8527999999978,31.331100000000017,10.118800000000004,3.396091938018799
1,5,7882,1699.7906999999982,21.81470000000001,8.814200000000001,4.5486061573028564
1,5,2503,1771.3596999999952,22.8246,11.310201000000003,3.2750210762023926
1,5,5802,2289.048699999996,29.670199999999994,11.654449350649351,4.33666467666626
1,5,6455,2146.6269999999927,28.736099999999986,10.792571706263502,4.7807297706604
1,5,5608,2366.4646000000043,29.581500000000002,10.718501000000003,4.721711158752441
1,5,8258,2076.1641000000013,26.524099999999994,9.838796578538101,4.795058965682983
1,5,7486,1656.8358000000055,22.38920000000001,8.1286,4.8729248046875
1,5,1839,1951.5597999999986,24.766799999999993,9.827907248018118,3.886569023132324
1,5,3282,2032.0006000000012,25.272799999999993,10.61244799453552,5.501061916351318
1,5,3216,1978.544699999997,27.141099999999998,11.211861059714044,5.910271167755127
1,5,9034,1545.1526999999892,21.350700000000003,8.208099999999998,4.854207992553711
1,5,7143,1828.667700000004,25.999599999999997,9.150599999999999,5.653544187545776
1,5,2446,2016.4141000000013,27.29070000000001,10.616499999999997,7.2093517780303955
1,5,5924,2012.4581000000019,25.685399999999998,9.869891006056935,6.600478887557983
1,5,8881,1987.9323999999992,25.7436,9.437600000000002,8.829749822616577
1,5,6634,2165.880899999988,27.09619999999999,12.255285008237232,7.863214015960693
1,5,3097,2043.7004000000018,26.002399999999998,10.151889154704945,5.761962890625
1,5,1211,1559.0973999999967,21.612699999999997,8.017756244830437,9.396219730377197
1,5,1921,1825.40820000001,25.1246,9.436001000000003,10.005212783813477
1,5,2740,2027.9008999999958,28.0301,9.774400000000002,11.384432792663574
1,5,3306,1633.636699999999,22.068899999999992,9.514600000000003,7.44382119178772
1,5,4366,2223.9444,27.086299999999998,13.245464534075102,10.037895917892456
1,5,5455,2414.044899999994,27.9525,9.900200000000002,10.262925863265991
1,5,9095,2025.606099999982,28.840100000000003,10.797699999999997,7.3365418910980225
1,5,8562,2360.691299999995,35.36640000000001,11.094500000000005,7.419274091720581
1,5,9815,1608.498600000006,23.7721,8.506800000000002,8.126961946487427
1,5,1466,1813.8107999999993,24.386999999999993,9.0784,6.998869180679321
1,5,8480,2242.8356000000076,28.44170000000002,13.62775245901639,8.95379090309143
1,5,3792,2361.8120000000076,29.780600000000018,10.2935,7.352359056472778
1,5,4697,1550.427200000005,22.03660000000001,10.06253103448276,8.15420913696289
1,5,1565,1810.6098999999963,24.035399999999992,10.025674358974358,7.623480796813965
1,5,5891,2224.6581999999976,29.983200000000007,13.977101,8.125855922698975
1,5,8308,2183.0780999999956,31.873700000000014,9.313467130008178,7.541416883468628
1,5,4257,1862.7712999999937,26.290100000000002,12.63944640198511,10.99378514289856
1,5,5733,1986.7006999999974,26.735900000000015,11.894801,7.563821077346802
1,5,2946,1615.1866999999982,22.031,9.3365,8.664101839065552
1,5,1292,2107.171599999999,25.958699999999997,9.446200000000003,10.179549932479858
1,5,5439,1865.0318000000102,23.938600000000005,9.7371,12.323898077011108
1,5,1714,1520.5484000000065,25.055200000000006,9.893500000000001,8.280156135559082
1,5,9200,1784.2440999999988,24.258599999999994,9.889431386861316,9.669575929641724
1,5,5804,2203.8738,30.155299999999993,12.642700999999999,9.73387598991394
1,5,3154,1718.1002999999994,23.9805,11.948601,8.838666200637817
1,5,2195,2001.9167,27.01029999999999,12.263001,8.969691038131714
1,5,3042,1784.113700000002,23.06399999999999,8.499999999999996,11.622467994689941
1,5,9808,2102.893799999993,27.176599999999993,10.220176811594207,9.001389980316162
1,5,5407,1745.4435999999976,25.715899999999998,9.853030343007916,7.889206171035767
1,5,3782,1968.8244000000057,25.21130000000001,9.981900999999997,9.611139297485352
1,5,5410,1743.664200000002,25.217899999999993,13.338472727272727,8.13419508934021
1,5,8428,2276.4939999999983,29.86089999999999,9.777032203389831,7.00541615486145
1,5,7236,2132.6502999999943,28.258900000000008,8.757501,7.36538290977478
1,5,2085,1436.3724999999974,23.406600000000005,8.718730104321905,6.038920164108276
1,5,2139,1673.3122000000058,24.3745,8.4017,9.546427249908447
1,5,6801,1968.9201000000085,25.9192,10.035499650756694,8.981702089309692
1,5,6820,2299.2738000000036,32.79240000000001,11.403654223149115,8.596596002578735
1,5,3830,2100.551599999999,25.798599999999983,12.368500000000001,8.325446128845215
1,5,7975,2181.250499999993,29.350399999999993,11.427715789473682,6.629961967468262
1,5,3469,2128.6407000000095,29.1185,11.73564285714286,8.275076866149902
1,5,1454,1618.4021999999993,21.361400000000014,9.534400000000003,8.64249324798584
1,5,2573,1489.8082000000027,21.9113,8.888599999999999,8.771486043930054
1,5,3931,1989.6866999999995,26.02830000000001,9.6279,8.04563307762146
1,5,5445,1933.5411999999972,29.938699999999987,10.393798810939357,6.993500232696533
1,5,5745,2042.1348999999884,29.124399999999994,11.72345944055944,6.770639896392822
1,5,7167,2327.9992000000016,34.56759999999998,11.499430630630629,10.137119054794312
1,5,7597,2515.4768999999856,31.684,11.372670246734394,8.700607299804688
1,5,7005,1516.175700000002,21.4185,8.068899999999998,7.437827110290527
1,5,3239,1903.272300000007,25.50049999999999,10.578504025256514,7.305514097213745
1,5,4331,1815.0980999999983,24.010300000000004,9.557899999999997,7.323974847793579
1,5,5960,2293.543500000011,29.179600000000004,12.488396071829406,8.655225276947021
1,5,1284,2177.401000000001,27.9479,13.205200999999997,7.301860094070435
1,5,2402,2299.9051000000027,30.455300000000005,13.126049258160235,8.802901029586792
1,5,8146,1987.514799999996,25.278700000000015,9.3574,7.842504978179932
1,5,1786,2189.5452999999907,27.741900000000008,11.320201,5.6993889808654785
1,5,8911,2216.3066000000026,29.48,11.252001,8.729520797729492
1,5,7510,1554.810500000004,26.355200000000007,11.528652845528455,5.937029123306274
1,5,6556,1824.0485000000017,24.957699999999992,11.259901000000001,7.924877882003784
1,5,5726,1895.2361000000087,28.898499999999984,9.638650741839763,8.279273748397827
1,5,2935,2036.722499999986,25.671200000000006,9.502899543378994,9.341217041015625
1,5,7223,1771.3553999999951,24.279100000000014,9.5749,7.183311939239502
1,5,1405,1783.6492999999984,25.73170000000001,8.538300000000003,7.485524892807007
1,5,6792,2094.389599999995,27.902699999999992,13.456401000000005,6.460690259933472
1,5,7527,1866.8856000000078,25.137,10.559302395209576,5.826251983642578
1,5,3965,2102.3069999999916,32.41099999999998,10.606451212187242,5.621910810470581
1,5,9686,1826.1649,24.11230000000001,8.1935,5.962004899978638
1,5,2054,1839.2036000000069,22.967699999999997,9.666800000000004,6.961716890335083
1,5,7502,2068.992700000001,27.799400000000006,13.29307651006711,7.695504188537598
1,5,5872,1685.4610999999966,23.921299999999995,10.1781,8.099706888198853
1,5,1751,1847.0644999999986,23.326999999999998,10.065299999999999,8.242340087890625
1,5,5095,1747.4138999999948,20.504600000000018,10.836601000000002,8.253199815750122
1,5,8465,2386.593900000002,31.995399999999993,10.899500000000003,7.075885772705078
1,5,8504,2233.284099999995,30.565999999999995,9.261800000000003,6.443191051483154
1,5,8819,1749.663300000015,24.21249999999997,7.575800000000001,5.976569890975952
1,5,4921,1832.1351999999954,24.703200000000002,13.026944931921332,7.510576009750366
1,10,6347,2105.1305999999986,48.99340000000003,15.471604761904763,5.326833009719849
1,10,7536,1824.0102999999947,42.7289,13.765722281775115,7.432535886764526
1,10,4078,1805.3810000000067,45.36680000000005,13.776301000000002,5.880337953567505
1,10,4726,2105.8566,52.69380000000002,15.381807717041799,6.822484016418457
1,10,5978,2324.386399999999,54.36009999999997,15.509101000000003,8.147842168807983
1,10,8836,2186.879100000002,52.1052,14.019901,7.482527017593384
1,10,3380,2146.015899999999,50.38270000000006,13.956584218512903,6.506930828094482
1,10,3669,2014.9447999999988,54.8889,14.335601000000002,5.20053505897522
1,10,7882,2006.741700000002,47.243000000000016,15.361961567823345,6.2499330043792725
1,10,2503,1831.955700000002,42.84930000000001,15.008402000000002,4.9651288986206055
1,10,5802,2168.4617000000007,51.170700000000004,14.826762093585703,6.625460147857666
1,10,6455,2109.767999999996,51.95700000000002,15.047901000000003,5.458559989929199
1,10,5608,2039.699599999995,48.4083,15.818181553398055,5.970134735107422
1,10,8258,2073.1631000000025,49.466700000000024,14.328600999999997,5.877389907836914
1,10,7486,1939.5008000000037,46.89210000000001,13.071601868239922,5.5405004024505615
1,10,1839,1837.666800000004,42.8819,13.7723627140975,5.015888929367065
1,10,3282,2075.775600000002,48.20229999999996,14.725119575856443,5.815342903137207
1,10,3216,2016.848699999999,49.24910000000003,14.45862012954262,5.8824310302734375
1,10,9034,1666.3907000000006,44.13839999999996,13.848500999999995,4.180011987686157
1,10,7143,1721.3447000000053,45.444999999999936,12.00728571428571,5.4557600021362305
1,10,2446,2127.715100000003,52.274100000000004,14.037594224924016,5.527132987976074
1,10,5924,1946.2591000000002,46.04549999999999,15.843801,5.296578884124756
1,10,8881,1741.106399999994,40.21399999999998,11.746102,5.464306354522705
1,10,6634,1839.704899999988,42.965900000000005,13.06286556836903,5.352254867553711
1,10,3097,2033.8084000000026,48.756699999999995,14.363870154228858,4.473689079284668
1,10,1211,1689.044400000002,41.970300000000016,11.135300000000004,5.3724212646484375
1,10,1921,1877.703200000009,44.2284,12.491802000000002,5.919571876525879
1,10,2740,2042.3488999999981,49.4696,14.402866878980891,7.08268404006958
1,10,3306,1837.3156999999962,45.487799999999986,13.730701000000005,6.082124948501587
1,10,4366,1938.5904000000014,44.67960000000002,13.842817279069765,7.0529539585113525
1,10,5455,2293.5848999999953,50.560700000000004,13.460200999999998,6.71570897102356
1,10,9095,2002.2310999999927,50.117000000000054,15.523301,6.247037172317505
1,10,8562,2224.1542999999983,56.01959999999999,14.393001000000003,6.013597011566162
1,10,9815,1509.4786000000004,39.74189999999998,11.974501000000002,5.717514276504517
1,10,1466,2044.1667999999986,50.393899999999995,14.650762048689138,5.798659086227417
1,10,8480,2046.6176000000023,48.436099999999975,16.093321672131147,6.173628807067871
1,10,3792,2307.7940000000053,55.35420000000003,15.288701,5.770416021347046
1,10,4697,1846.9601999999995,46.94269999999999,14.097502,6.108912229537964
1,10,1565,1916.5328999999967,47.19000000000001,14.520501999999999,5.616418123245239
1,10,5891,2179.814199999997,55.94920000000001,20.545185769980502,5.2828450202941895
1,10,8308,2068.562099999997,53.469300000000004,14.954556120527302,6.0420379638671875
1,10,4257,1873.4822999999933,47.4958,15.163101000000003,7.137613773345947
1,10,5733,1926.3386999999964,47.06919999999999,14.539402000000003,5.78312087059021
1,10,2946,2008.7006999999935,47.0628,15.015760682285745,6.198406219482422
1,10,1292,1920.429599999997,46.79329999999996,12.468417422434365,6.648120164871216
1,10,5439,1912.1628000000042,45.32399999999999,13.009501000000002,6.917870044708252
1,10,1714,1668.1443999999976,46.482800000000005,14.568201000000002,6.208738088607788
1,10,9200,1864.3910999999973,46.44680000000002,15.996800999999994,6.049571990966797
1,10,5804,1928.7517999999993,47.30009999999997,13.926900999999997,6.084122180938721
1,10,3154,1696.306300000004,43.575799999999994,15.070898709923664,5.2100841999053955
1,10,2195,1830.778699999998,46.133099999999985,15.729301000000007,5.980818033218384
1,10,3042,2106.0807000000023,49.22699999999999,12.894400999999998,6.185413837432861
1,10,9808,1957.2587999999978,45.580799999999996,11.686576811594204,5.571666955947876
1,10,5407,1992.4445999999994,49.93249999999997,15.201000999999993,5.417613983154297
1,10,3782,2190.0944000000027,52.55139999999999,14.87841199351702,6.964215040206909
1,10,5410,1647.0642000000018,43.64949999999999,15.58618089668616,5.967597246170044
1,10,8428,2019.9439999999975,48.456799999999994,12.058388850174213,5.481529951095581
1,10,7236,2112.663300000004,50.8927,13.147600999999996,6.471221923828125
1,10,2085,1581.167499999997,46.11429999999999,13.810792505216096,4.571867942810059
1,10,2139,1691.2122000000074,43.7063,12.077601000000003,6.557301044464111
1,10,6801,1897.743100000001,44.0063,15.327577923076921,6.864066123962402
1,10,6820,2143.2358000000013,55.0045,14.616313287904601,7.078364133834839
1,10,3830,2201.7535999999986,50.44430000000003,15.764511726384367,6.2002527713775635
1,10,7975,1996.2845000000013,49.88369999999998,15.372232578947369,5.273329973220825
1,10,3469,2143.085700000004,51.73650000000001,16.74379510961214,6.182032108306885
1,10,1454,1635.8981999999987,40.658899999999996,13.163989481065919,5.997251749038696
1,10,2573,1564.0752000000016,39.86139999999999,11.248945652701218,4.849287033081055
1,10,3931,1864.223699999997,46.44130000000001,12.060432435079722,5.667423248291016
1,10,5445,1930.2931999999985,50.50210000000003,15.555793882991557,5.30406928062439
1,10,5745,2001.959899999992,49.310700000000004,15.606400999999996,6.469774961471558
1,10,7167,2244.158200000004,53.35219999999998,15.783158558558563,7.196207761764526
1,10,7597,2426.9798999999903,54.48830000000002,16.2260702467344,6.353458881378174
1,10,7005,1855.9487000000051,44.95900000000002,13.396226315679572,6.5084309577941895
1,10,3239,2004.2153000000033,49.4642,15.37840564263323,5.76796817779541
1,10,4331,1877.1340999999998,45.4246,14.068100999999995,6.658344984054565
1,10,5960,2113.6145000000056,49.04250000000001,14.279402,6.0739922523498535
1,10,1284,2065.2110000000052,48.94059999999999,18.929803,7.084386825561523
1,10,2402,2201.069100000006,53.897800000000025,15.219049258160238,6.738659143447876
1,10,8146,2079.599799999991,48.16169999999997,13.221101,7.416992902755737
1,10,1786,2181.1472999999914,53.59729999999999,17.23265174936962,5.400423049926758
1,10,8911,2058.327600000003,50.4754,14.015101000000005,7.283419132232666
1,10,7510,1680.8165000000017,46.81220000000003,15.06298590804598,5.038229942321777
1,10,6556,1995.9755000000055,47.485700000000016,16.721401999999998,6.179065942764282
1,10,5726,2106.1421000000073,53.64550000000004,15.024850741839762,6.818795204162598
1,10,2935,1991.1294999999889,48.410599999999995,11.176551253147627,7.030699968338013
1,10,7223,2047.6434000000013,49.780200000000036,13.811601,5.0797340869903564
1,10,1405,1983.3073000000006,50.92469999999995,12.862201,5.594162940979004
1,10,6792,1968.4915999999953,46.97189999999999,14.164722311396472,4.735067129135132
1,10,7527,1948.2106000000038,48.8164,14.291801000000001,3.3993430137634277
1,10,3965,1999.1460000000015,50.19350000000003,12.922100999999998,3.7237560749053955
1,10,9686,1730.6088999999984,40.17089999999999,12.065680790960451,4.06210470199585
1,10,2054,1773.3966000000025,41.3572,14.882301000000004,4.64408802986145
1,10,7502,1936.0417000000018,47.545800000000014,13.592400999999995,4.972762107849121
1,10,5872,1938.4080999999908,48.752500000000005,13.501357555555552,4.6068432331085205
1,10,1751,1937.0994999999994,46.35119999999999,14.034515951011715,4.999027967453003
1,10,5095,1947.3309000000013,43.78919999999999,11.894358494141345,4.778113842010498
1,10,8465,2366.4969000000046,56.61149999999998,15.799782900452486,4.431407928466797
1,10,8504,2200.6810999999943,54.19269999999998,13.578845222929937,4.233489751815796
1,10,8819,1921.6533000000109,47.07419999999996,12.741401000000002,4.441483020782471
1,10,4921,1856.9961999999925,45.925899999999984,16.69120417116922,4.785329818725586
1,15,6347,2069.4615999999965,71.45370000000001,20.390189059701495,3.412964105606079
1,15,7536,1916.3452999999909,65.30149999999999,17.871702,4.484702110290527
1,15,4078,1834.8970000000038,64.43440000000007,15.219100999999998,3.5217409133911133
1,15,4726,2082.528600000004,75.17399999999995,18.651002000000002,3.7979788780212402
1,15,5978,2322.2144000000085,76.73149999999998,20.142302,5.095125913619995
1,15,8836,2212.922100000002,78.41649999999996,17.035001000000005,4.571796894073486
1,15,3380,2194.9849,75.92920000000001,17.103301999999996,4.27863073348999
1,15,3669,1933.060800000001,76.46450000000003,15.768801999999999,3.505448818206787
1,15,7882,2012.5326999999984,69.91950000000003,16.1752918893371,4.386430025100708
1,15,2503,1751.994700000002,59.836000000000006,18.180678777777782,3.3313121795654297
1,15,5802,1942.3206999999989,68.22379999999998,16.058846113772454,3.8952786922454834
1,15,6455,1989.5219999999983,70.1524,17.494176082073434,4.408874988555908
1,15,5608,2184.944599999994,74.12249999999999,18.8812500797546,3.9672999382019043
1,15,8258,2110.2001000000037,71.9942,18.20460661478599,4.44028902053833
1,15,7486,1927.2628000000025,67.97739999999995,16.06201091735537,4.240529298782349
1,15,1839,1931.6828000000016,64.89699999999995,15.623858446808516,3.7876250743865967
1,15,3282,1933.886599999997,65.5142,18.78352695419847,4.90917181968689
1,15,3216,1987.5506999999993,69.6411,16.861801000000003,4.356173038482666
1,15,9034,1731.5857000000035,63.898600000000016,16.740702,3.08777117729187
1,15,7143,1837.7007000000026,66.11939999999996,15.26210100000001,3.6455979347229004
1,15,2446,2060.7151000000017,74.21200000000039,16.371649787061997,4.08763313293457
1,15,5924,1950.9721000000002,67.02549999999997,17.58079981098316,4.075005054473877
1,15,8881,1933.1433999999997,65.07419999999998,18.188396051359515,4.7754011154174805
1,15,6634,1897.8078999999939,65.93039999999999,16.689121890260626,4.1437602043151855
1,15,3097,1986.8113999999975,66.85969999999995,18.088711833024114,3.4542081356048584
1,15,1211,1730.7973999999988,63.91640000000003,13.466902000000003,4.1240599155426025
1,15,1921,2065.241200000006,70.70379999999999,16.67431693038822,4.4121739864349365
1,15,2740,2258.8608999999983,77.63249999999994,17.018802000000004,5.086603164672852
1,15,3306,1892.5736999999988,65.95310000000002,19.334441170940185,4.034423112869263
1,15,4366,2010.9864000000034,66.9341,17.30771107751939,4.724560022354126
1,15,5455,2259.9538999999963,73.51130000000005,15.736600999999997,5.014807939529419
1,15,9095,1971.3820999999978,72.11490000000003,19.187401999999995,4.435854196548462
1,15,8562,2239.234299999997,80.69609999999997,16.862600999999998,4.322238922119141
1,15,9815,1591.8955999999982,57.1827,13.895395833948335,4.324910879135132
1,15,1466,1840.6968000000015,66.90089999999998,16.660372123755337,4.41035532951355
1,15,8480,2046.7026000000017,68.81150000000004,18.82435897317437,4.611851930618286
1,15,3792,2204.304000000003,77.52859999999994,18.62147130693069,5.106118202209473
1,15,4697,1858.2731999999985,67.29299999999998,17.903832357552577,4.172672986984253
1,15,1565,1868.2888999999984,69.14419999999997,18.481954823086575,4.2129809856414795
1,15,5891,2210.732199999996,80.10169999999997,23.648602999999998,3.942044258117676
1,15,8308,1969.102099999996,72.22079999999994,17.701001999999995,4.248714923858643
1,15,4257,2003.658299999995,69.98269999999998,19.116768141732283,4.671947956085205
1,15,5733,1872.8696999999966,66.81290000000004,18.146502,3.9608588218688965
1,15,2946,2011.5496999999966,70.8438,17.457893817215723,4.251984119415283
1,15,1292,1801.6995999999988,62.637199999999986,12.904501,4.324461936950684
1,15,5439,1939.5798000000011,67.89989999999997,15.185419269076306,5.193280935287476
1,15,1714,1629.2513999999967,61.930900000000044,17.400501999999996,3.932861804962158
1,15,9200,1883.0181,68.64890000000001,18.557901999999995,3.9737560749053955
1,15,5804,2113.9537999999984,74.138,20.408401999999995,4.2677459716796875
1,15,3154,1827.009300000009,66.81359999999991,19.394902000000005,3.8398752212524414
1,15,2195,1945.6957000000004,71.40269999999995,19.819975211314482,4.127877235412598
1,15,3042,2028.5317000000023,71.20060000000001,15.639401000000003,4.856208086013794
1,15,9808,1971.3828000000003,68.22489999999999,15.010900999999997,4.93558669090271
1,15,5407,2115.1455999999985,71.50670000000001,17.771309883461875,3.3863658905029297
1,15,3782,2067.0074000000004,72.24379999999998,16.233012669367913,4.0121588706970215
1,15,5410,1618.611199999999,61.25459999999999,17.747726000000004,3.8191428184509277
1,15,8428,2100.2629999999963,75.38170000000002,15.385901999999996,3.9208099842071533
1,15,7236,2209.7703000000015,78.4163999999998,16.002162321715815,3.7564609050750732
1,15,2085,1608.9534999999983,65.98640000000007,17.004102,2.889777183532715
1,15,2139,1853.2252000000035,69.88449999999999,15.843201999999998,4.539670944213867
1,15,6801,1946.2690999999982,66.45540000000004,19.328502,4.4698240756988525
1,15,6820,2019.400800000001,74.86290000000005,15.792109403545359,4.660144805908203
1,15,3830,2135.3916000000036,70.31410000000001,19.187419892508146,3.7742159366607666
1,15,7975,1850.4494999999997,66.1317,17.267941669421493,3.4633138179779053
1,15,3469,2089.6546999999987,78.13979999999997,19.118448540983604,3.863577127456665
1,15,1454,1756.6372000000013,63.0934,15.446300999999997,3.99173903465271
1,15,2573,1670.7681999999998,61.891699999999986,14.993309572769954,4.038266181945801
1,15,3931,1758.7596999999996,65.70960000000001,12.990393323330833,4.3079516887664795
1,15,5445,1823.2291999999982,67.89530000000005,15.803701000000002,3.728998899459839
1,15,5745,1972.0838999999937,69.40980000000005,18.121802,3.7033889293670654
1,15,7167,2278.599200000006,80.14249999999998,19.274302000000006,4.909305810928345
1,15,7597,2168.492899999994,72.2323,18.028101000000003,4.655454874038696
1,15,7005,1862.4007000000063,63.39479999999999,15.292102,4.519013166427612
1,15,3239,1945.0913000000025,71.36149999999999,18.27512088873435,3.733096122741699
1,15,4331,1964.4151000000015,68.28920000000014,17.54130200000001,4.642704725265503
1,15,5960,1932.4274999999982,65.9793,15.75430733284241,4.926270961761475
1,15,1284,2104.198000000006,74.61430000000009,23.224402000000005,4.318643093109131
1,15,2402,2203.4641000000042,73.54370000000003,18.035253148367953,4.564103841781616
1,15,8146,2051.300799999999,69.41079999999998,15.097501000000005,4.443260908126831
1,15,1786,2109.6082999999953,72.6546,19.415237919899873,4.0655882358551025
1,15,8911,2074.249600000001,72.03579999999997,16.238501000000003,4.854583024978638
1,15,7510,1815.4075000000016,73.6444,20.329002,3.4986321926116943
1,15,6556,2149.287500000002,75.79620000000004,21.291802,3.7565629482269287
1,15,5726,1971.409100000004,66.62900000000003,17.86663601483679,4.307781219482422
1,15,2935,1879.4434999999903,63.04680000000001,14.75486172186837,5.187288045883179
1,15,7223,1997.5133999999994,69.63340000000001,17.664801999999998,4.050050735473633
1,15,1405,2059.0593000000013,72.10130000000001,16.690190570119803,4.29210901260376
1,15,6792,2074.415599999995,71.7319,19.835747709470297,3.9132790565490723
1,15,7527,1987.9136000000044,71.76949999999998,19.264940534883724,3.511826992034912
1,15,3965,1991.5440000000012,72.67260000000002,16.61923682089553,3.4710910320281982
1,15,9686,1924.598899999998,66.85340000000005,16.380986903083702,3.7235817909240723
1,15,2054,1820.673600000004,61.837499999999984,16.563401999999996,4.142962217330933
1,15,7502,2097.194700000002,73.12589999999997,17.14040032885906,4.15342378616333
1,15,5872,1921.2650999999926,70.20060000000001,17.114100999999998,4.207843065261841
1,15,1751,1983.9505000000006,66.77960000000004,16.370502000000002,4.394023895263672
1,15,5095,1975.4349000000018,65.92779999999996,15.379015869888473,3.9387190341949463
1,15,8465,2348.5679000000014,81.11170000000001,18.266102,4.200308084487915
1,15,8504,2029.7280999999998,71.94139999999997,15.732896596443226,4.281892776489258
1,15,8819,1953.1893000000075,67.69939999999995,14.105320878603948,4.3488688468933105
1,15,4921,1831.2151999999935,64.97670000000001,18.46486190476191,4.532224893569946
1,20,6347,2073.791599999998,93.6228,23.718859208955212,3.5572280883789062
1,20,7536,1843.6302999999903,82.73950000000004,19.519531131175466,3.896190881729126
1,20,4078,1909.8280000000045,88.77370000000002,19.44246493007769,3.548560857772827
1,20,4726,2071.4596000000024,95.79849999999999,22.787954054265388,3.773941993713379
1,20,5978,2250.929400000006,99.72990000000001,23.098057932153388,4.7068610191345215
1,20,8836,2131.903100000003,98.83650000000003,18.564202000000005,4.419667959213257
1,20,3380,2115.2218999999977,96.72179999999996,22.229402999999998,4.546770811080933
1,20,3669,1861.0157999999965,92.69050000000001,19.405302000000006,3.550711154937744
1,20,7882,2055.025700000001,92.58720000000005,20.202902,4.251043796539307
1,20,2503,1915.4647000000025,85.83169999999997,23.963449484848486,3.72574520111084
1,20,5802,2056.9576999999986,94.45709999999997,19.733502,4.021308898925781
1,20,6455,1962.304999999995,92.48740000000004,19.492901999999994,4.322713851928711
1,20,5608,2157.5035999999955,98.49180000000001,24.453647398773004,4.53037691116333
1,20,8258,2048.0641000000023,89.50090000000003,20.673523633631195,5.5339789390563965
1,20,7486,1956.061800000003,91.55300000000008,18.750803,5.154112100601196
1,20,1839,1986.1858000000027,88.21029999999996,19.206402000000008,4.129172086715698
1,20,3282,2009.5566000000028,87.7486,19.711102000000004,4.843082904815674
1,20,3216,1917.9937000000016,89.96789999999999,18.852147577629385,5.012152194976807
1,20,9034,1806.6637000000019,84.23529999999998,19.083901999999995,3.4648940563201904
1,20,7143,1782.6227000000044,84.58319999999998,16.831402,4.139512062072754
1,20,2446,2015.247099999998,96.20250000000047,19.796991695550346,4.41076397895813
1,20,5924,1973.7671000000012,88.17740000000002,21.29856362042389,4.291278839111328
1,20,8881,1884.5223999999969,82.43540000000004,17.510650338368578,4.8540239334106445
1,20,6634,1814.7438999999974,81.0092,20.450902999999997,4.388885974884033
1,20,3097,1900.9154000000024,84.09599999999996,20.413502000000012,4.13273286819458
1,20,1211,1684.3123999999973,78.41160000000004,16.236802,4.761490821838379
1,20,1921,2045.8972000000067,92.95180000000002,20.130663784471217,5.076049089431763
1,20,2740,2053.173899999995,94.0789,18.92852038216562,5.085446834564209
1,20,3306,1938.5076999999985,89.53919999999992,21.28500926210825,3.7691550254821777
1,20,4366,2070.180400000005,88.59140000000001,19.767103,4.20127010345459
1,20,5455,2235.519899999997,96.84820000000006,21.63043126819923,4.432822942733765
1,20,9095,1918.9310999999998,87.21700000000003,19.82010199999999,3.9175641536712646
1,20,8562,2138.1932999999995,102.93669999999997,21.011754480286736,3.7241158485412598
1,20,9815,1691.281599999999,81.35650000000003,17.150202,3.551815986633301
1,20,1466,2100.750800000001,93.06630000000001,19.210813660028453,3.7541260719299316
1,20,8480,2142.297599999997,94.09939999999999,24.703003,4.230540037155151
1,20,3792,2109.694000000004,96.34149999999995,18.02573565346535,4.341300010681152
1,20,4697,1861.3591999999987,87.47290000000005,21.236302,3.431196928024292
1,20,1565,1902.2518999999984,91.40370000000003,19.477486361552025,3.9476640224456787
1,20,5891,2156.9181999999905,99.33679999999998,27.48964616517056,3.3974058628082275
1,20,8308,1957.389099999999,93.41579999999992,20.375102999999992,3.721891164779663
1,20,4257,2071.482299999996,93.2056,22.19770300000001,4.198310136795044
1,20,5733,1857.1596999999974,86.58910000000006,21.440893366906476,3.2308590412139893
1,20,2946,2026.8056999999949,90.87670000000004,19.927302000000005,3.7406671047210693
1,20,1292,1848.3076000000012,85.50090000000006,17.62222820763723,4.283726215362549
1,20,5439,1906.2648000000017,89.05050000000003,19.15035193531694,4.473582744598389
1,20,1714,1709.0123999999976,83.96679999999999,21.343144673521852,3.558486223220825
1,20,9200,1838.318099999999,86.5248,21.823503,3.675457000732422
1,20,5804,1993.1447999999987,92.17979999999999,21.836702000000002,3.7354559898376465
1,20,3154,1785.1853000000094,84.25399999999999,23.032502999999995,3.411564826965332
1,20,2195,1859.9997000000008,87.75399999999993,22.535103000000007,3.3358168601989746
1,20,3042,2167.5847,98.74180000000004,19.13007825947522,4.1646928787231445
1,20,9808,1995.9788000000008,85.2299,20.056601999999994,4.464370965957642
1,20,5407,1934.0915999999968,86.55869999999999,19.69258309982789,3.2734360694885254
1,20,3782,2113.6194000000037,93.98899999999992,20.232103000000013,3.885040044784546
1,20,5410,1747.7761999999987,82.8311,21.143100727272728,3.7019131183624268
1,20,8428,2020.2879999999977,94.81750000000004,19.572002999999995,3.6084468364715576
1,20,7236,2085.046300000002,94.06909999999986,18.298701999999995,3.807447910308838
1,20,2085,1684.328499999999,89.9256999999999,19.90592857078986,2.828518867492676
1,20,2139,1808.2172000000032,90.31539999999998,17.042502,3.9838500022888184
1,20,6801,1884.0950999999993,84.74550000000002,21.923528330617,3.927135944366455
1,20,6820,2063.6918000000005,98.91980000000007,18.526702000000004,4.148327827453613
1,20,3830,2267.4625999999967,98.24610000000001,23.968173093023264,3.2530081272125244
1,20,7975,1946.0254999999995,89.97689999999994,18.626358198347113,3.047435998916626
1,20,3469,2119.4087000000004,98.77740000000001,22.258501999999993,3.3959157466888428
1,20,1454,1761.416200000001,80.9305,17.442503000000002,3.1051509380340576
1,20,2573,1829.1561999999994,85.58190000000002,18.687664380281685,2.910325050354004
1,20,3931,1952.5646999999997,94.86490000000002,18.721342554833175,3.4075679779052734
1,20,5445,1971.8371999999963,92.80880000000005,20.24388426779251,3.041116952896118
1,20,5745,1854.4458999999927,86.47150000000003,22.373487314685313,3.1930487155914307
1,20,7167,2110.143200000003,93.83080000000001,22.760403999999998,3.975045919418335
1,20,7597,2143.853899999995,95.51280000000001,21.62145949546828,3.3771958351135254
1,20,7005,2089.607700000003,93.4205,20.26240200000001,3.309087038040161
1,20,3239,1927.1063000000024,92.60489999999999,19.734601999999995,2.888153076171875
1,20,4331,1937.4381000000003,90.24080000000019,20.166303,3.1739940643310547
1,20,5960,1903.4674999999995,85.14749999999994,18.003434333333335,3.371785879135132
1,20,1284,1947.358000000003,88.18500000000002,25.876403,3.2229061126708984
1,20,2402,2187.6511000000073,96.05099999999993,21.655403,3.436414957046509
1,20,8146,1982.3687999999966,87.72870000000002,18.259517013628624,3.5558037757873535
1,20,1786,2091.4932999999946,95.22600000000006,22.240903,2.76210880279541
1,20,8911,2018.3066000000001,92.78470000000004,18.092001999999994,3.4192118644714355
1,20,7510,1974.911500000001,95.94099999999999,23.491905000000003,2.653524875640869
1,20,6556,2101.9254999999985,96.16430000000004,24.344603000000003,2.836422920227051
1,20,5726,1915.117100000006,85.20110000000004,19.531585869692524,3.6559338569641113
1,20,2935,2011.1064999999928,85.91319999999996,17.076802,4.088659763336182
1,20,7223,2201.155399999995,100.74700000000007,21.56647204377104,3.1145241260528564
1,20,1405,2009.8512999999982,91.21219999999992,19.636601999999996,3.149285078048706
1,20,6792,1988.976599999994,92.74989999999991,22.334607194690264,2.9121017456054688
1,20,7527,2077.843600000001,95.52490000000002,21.55283283573487,2.5926482677459717
1,20,3965,1948.1100000000001,95.74739999999998,19.267454987598647,2.728663206100464
1,20,9686,1886.2059000000006,85.27160000000006,17.59922650911039,2.7209999561309814
1,20,2054,1954.1246000000033,86.06009999999995,22.413103,3.450193166732788
1,20,7502,1948.873700000003,87.8788,19.642915849964098,3.269239902496338
1,20,5872,1916.645099999995,94.95260000000007,18.66107443173432,3.199561357498169
1,20,1751,2037.0935000000052,89.1739,18.922201,3.2396161556243896
1,20,5095,2034.046899999998,88.97700000000005,19.10210033726813,2.966376781463623
1,20,8465,2122.4279000000033,95.97469999999998,19.084702999999998,3.175219774246216
1,20,8504,2196.6280999999967,100.19179999999994,19.79803012842713,3.125833034515381
1,20,8819,2205.3933000000034,97.1594,19.865502,2.984204053878784
1,20,4921,1946.1151999999965,87.65890000000005,25.44144610339257,3.2210140228271484
