vnf_type_max,sfc_vnf_num,multiple_sfc_num,per_sfc_vnf_num,expected_tasks_per_type,seed,HEFT,DHEFT,NHEFT,time_sec
4,40,4,10,10,6347,1540.1817999999996,151.05300000000003,49.22336766666667,0.7813036441802979
4,40,4,10,10,7536,1335.3086999999996,136.1841,42.987100000000005,0.7848207950592041
4,40,4,10,10,4078,1393.4357999999995,137.00699999999998,38.95706766666666,0.750377893447876
4,40,4,10,10,4726,1337.7398999999996,135.16080000000002,44.06426666666666,0.7217841148376465
4,40,4,10,10,5978,1775.2091000000007,170.69320000000002,55.241969666666655,0.9785799980163574
4,40,4,10,10,8836,1593.257500000001,168.6157,50.8096,0.9456489086151123
4,40,4,10,10,3380,1742.9344,174.19219999999999,50.75786666666666,0.7541277408599854
4,40,4,10,10,3669,1424.0065999999993,140.06369999999995,46.62226766666666,0.68772292137146
4,40,4,10,10,7882,1323.9728999999995,128.91889999999998,50.77713333333333,0.7835347652435303
4,40,4,10,10,2503,1386.7804999999996,135.25499999999997,51.40160000000001,0.8358221054077148
4,40,4,10,10,5802,1694.299499999999,160.90769999999995,53.71230000000001,0.8274056911468506
4,40,4,10,10,6455,1614.6692,162.9819,53.24723333333334,1.0739777088165283
4,40,4,10,10,5608,1509.4685999999995,166.23149999999993,50.75323333333333,0.6906797885894775
4,40,4,10,10,8258,1437.3744000000002,141.8877,47.18581621621622,0.8245909214019775
4,40,4,10,10,7486,1275.4111000000003,126.87350000000002,41.591833333333334,0.8453578948974609
4,40,4,10,10,1839,1461.6913,147.20880000000002,40.21126666666667,0.7019340991973877
4,40,4,10,10,3282,1555.1352000000002,154.9627,46.862868666666664,0.8700599670410156
4,40,4,10,10,3216,1573.2296999999996,151.71229999999997,48.66003333333334,0.8884108066558838
4,40,4,10,10,9034,998.6332000000001,102.14039999999999,34.56526766666667,0.6185369491577148
4,40,4,10,10,7143,1292.5405999999996,132.78130000000004,46.504970666666665,0.7750511169433594
4,40,4,10,10,2446,1827.3073000000004,187.1464,52.82686666666667,0.8942749500274658
4,40,4,10,10,5924,1601.5914,167.54840000000002,50.7665,0.7851731777191162
4,40,4,10,10,8881,1255.5496000000003,126.50349999999997,43.424800000000005,0.9765241146087646
4,40,4,10,10,6634,1464.8287,150.3452,46.109100000000005,0.8064298629760742
4,40,4,10,10,3097,1453.1989000000005,143.3161,46.77226666666667,0.6787779331207275
4,40,4,10,10,1211,1111.7516000000003,129.0767,46.041133333333335,0.8932421207427979
4,40,4,10,10,1921,1298.3855000000003,136.62210000000007,44.019466666666666,0.9339509010314941
4,40,4,10,10,2740,1565.610099999999,158.98309999999995,51.06296866666666,0.9640791416168213
4,40,4,10,10,3306,1087.4006,109.9891,31.8193,0.8065249919891357
4,40,4,10,10,4366,1343.9688999999998,136.64079999999996,50.905699999999996,0.8659238815307617
4,40,4,10,10,5455,1756.0060999999992,171.7848,49.59086666666667,0.8017780780792236
4,40,4,10,10,9095,1515.8911,149.6105,44.3784,0.7004220485687256
4,40,4,10,10,8562,1778.0168000000006,175.55700000000004,54.567,0.7992379665374756
4,40,4,10,10,9815,1137.4469,124.0437,43.508766666666666,0.9999179840087891
4,40,4,10,10,1466,1156.4729000000002,121.27029999999999,37.61156666666667,0.969902753829956
4,40,4,10,10,8480,1563.0938000000003,154.25660000000002,58.06239999999999,0.9129269123077393
4,40,4,10,10,3792,1634.8282999999997,165.88680000000002,53.021302000000006,0.9408550262451172
4,40,4,10,10,4697,1377.0292,136.6315,49.020833333333336,0.8198862075805664
4,40,4,10,10,1565,1694.3021,168.14659999999998,56.166101000000005,1.0196237564086914
4,40,4,10,10,5891,1742.8592,174.33319999999995,51.168000000000006,0.9256687164306641
4,40,4,10,10,8308,1499.4121,153.3209,46.41546666666666,0.812809944152832
4,40,4,10,10,4257,1436.7530999999994,139.2597,43.29063433333333,0.9409611225128174
4,40,4,10,10,5733,1553.4027999999998,147.4084,52.07403333333333,0.7401549816131592
4,40,4,10,10,2946,1063.5165,106.81580000000001,35.73093333333335,0.9173929691314697
4,40,4,10,10,1292,1671.7287000000003,170.94159999999997,53.09803733333332,0.9163339138031006
4,40,4,10,10,5439,1366.824,138.10160000000002,43.32143333333333,1.2202181816101074
4,40,4,10,10,1714,1217.4675000000004,124.59729999999999,43.07493433333333,1.1080269813537598
4,40,4,10,10,9200,1576.9268999999986,161.41599999999997,46.88973433333333,0.8283658027648926
4,40,4,10,10,5804,1717.1289000000006,175.9962,53.87516666666667,0.994117259979248
4,40,4,10,10,3154,1193.6235000000001,129.76590000000002,49.449047899159666,0.7125811576843262
4,40,4,10,10,2195,1664.8747,164.244,48.655199999999994,0.9458417892456055
4,40,4,10,10,3042,1406.9741999999997,127.58219999999999,42.08036766666666,1.043238878250122
4,40,4,10,10,9808,1561.9458000000006,150.2431,50.1111,1.3129117488861084
4,40,4,10,10,5407,1195.3701999999998,122.51590000000002,40.36203433333333,1.1875300407409668
4,40,4,10,10,3782,1511.2204000000004,149.18419999999998,50.116,1.0612599849700928
4,40,4,10,10,5410,1140.5022000000001,115.14259999999999,40.36603333333334,1.0955047607421875
4,40,4,10,10,8428,1664.7645000000014,175.1035,54.136833333333335,1.1149930953979492
4,40,4,10,10,7236,1434.6528,144.7574,43.22466666666667,1.1980550289154053
4,40,4,10,10,2085,1187.6063000000004,115.72699999999998,38.2607235,1.0433001518249512
4,40,4,10,10,2139,1392.1045999999992,138.7022,41.26143533333333,1.2253060340881348
4,40,4,10,10,6801,1258.8368,130.2404,44.04556766666666,0.9580368995666504
4,40,4,10,10,6820,1630.8405999999998,163.7353,48.18743333333333,1.3568980693817139
4,40,4,10,10,3830,1308.5129000000002,131.67060000000006,48.611501,1.0902740955352783
4,40,4,10,10,7975,1494.7959,156.23030000000003,49.913866666666664,1.1357009410858154
4,40,4,10,10,3469,1673.3605999999995,162.9119,51.018334333333335,1.1281909942626953
4,40,4,10,10,1454,1237.7297999999994,128.74609999999996,47.707401,1.0038020610809326
4,40,4,10,10,2573,1043.2009000000005,102.2058,36.53793533333333,1.3364801406860352
4,40,4,10,10,3931,1576.1319,162.93910000000005,50.34676866666666,1.2897560596466064
4,40,4,10,10,5445,1307.7321000000002,128.5111,44.415703,1.1693861484527588
4,40,4,10,10,5745,1360.6206999999997,135.73410000000004,51.018366666666665,1.2814390659332275
4,40,4,10,10,7167,1545.7533999999998,152.46250000000006,46.6779,1.129276990890503
4,40,4,10,10,7597,1606.2878999999998,164.4688,53.477501,1.0495460033416748
4,40,4,10,10,7005,1065.0212,108.40879999999997,33.20126666666666,1.1669139862060547
4,40,4,10,10,3239,1621.1517999999999,161.05089999999998,48.86556766666666,1.4421281814575195
4,40,4,10,10,4331,1340.5267,135.91449999999998,44.766099999999994,1.2005507946014404
4,40,4,10,10,5960,1536.7541999999996,152.1348,52.938700999999995,1.2341749668121338
4,40,4,10,10,1284,1374.5437000000004,136.3339,50.21753333333332,1.341710090637207
4,40,4,10,10,2402,1550.4168,155.7569,52.84603333333334,1.344104290008545
4,40,4,10,10,8146,1300.9491000000007,137.0842,43.761366666666675,1.3063180446624756
4,40,4,10,10,1786,1623.3929999999996,161.9332,45.51966666666666,1.0593199729919434
4,40,4,10,10,8911,1553.4961000000005,154.469,53.10006666666666,1.5441358089447021
4,40,4,10,10,7510,1345.7571999999998,131.3775,47.61913333333332,1.2308270931243896
4,40,4,10,10,6556,1441.4259,138.9293,47.42026666666667,1.03914213180542
4,40,4,10,10,5726,1509.4895000000008,146.5888,53.15346666666666,1.165153980255127
4,40,4,10,10,2935,1466.4348999999997,143.6344,48.76676766666667,1.1799559593200684
4,40,4,10,10,7223,1127.4607,116.33349999999999,35.247099999999996,1.1909854412078857
4,40,4,10,10,1405,1282.4242999999997,126.1503,44.80186666666666,1.240840196609497
4,40,4,10,10,6792,1579.751900000001,159.2546,51.00773333333334,1.1449682712554932
4,40,4,10,10,7527,1380.9001,137.15650000000002,40.619768666666666,1.234476089477539
4,40,4,10,10,3965,1753.3219000000001,174.94299999999998,48.78666666666666,1.2739672660827637
4,40,4,10,10,9686,1172.9705000000004,126.1111,45.999203,1.2604758739471436
4,40,4,10,10,2054,1180.3439999999996,119.85020000000002,41.50056666666667,1.3740549087524414
4,40,4,10,10,7502,1366.7218999999998,139.8895,50.76723433333333,1.400634765625
4,40,4,10,10,5872,1166.7246000000002,116.0249,36.32503333333333,1.5518219470977783
4,40,4,10,10,1751,1405.6059999999995,140.14580000000004,49.387436333333326,1.5741219520568848
4,40,4,10,10,5095,1212.8884999999996,124.86160000000001,49.663066666666666,1.2602348327636719
4,40,4,10,10,8465,1727.7759999999998,173.82600000000002,53.347100000000005,1.418370008468628
4,40,4,10,10,8504,1467.7061999999999,149.7422,47.908901,1.3272218704223633
4,40,4,10,10,8819,1451.066999999999,144.42360000000002,52.82823333333334,1.0305438041687012
4,40,4,10,10,4921,1339.3959000000007,130.67270000000005,41.25846666666666,1.249671220779419
8,80,4,20,10,6347,3232.841100000001,308.90420000000006,56.20666666666665,1.6388638019561768
8,80,4,20,10,7536,2575.0904999999993,263.4653,56.26406666666667,2.0206410884857178
8,80,4,20,10,4078,2759.3912000000005,273.4226000000001,48.50643533333333,1.5178048610687256
8,80,4,20,10,4726,2813.0992000000006,292.1091,56.42496666666667,1.8130791187286377
8,80,4,20,10,5978,3018.6043000000022,293.43680000000006,52.984234333333326,1.993812084197998
8,80,4,20,10,8836,3273.1172000000015,329.72330000000005,53.91600100000001,2.287647008895874
8,80,4,20,10,3380,3329.314599999998,326.6437,55.664393233082706,1.5559961795806885
8,80,4,20,10,3669,2843.881799999999,278.93660000000006,54.73466666666667,1.5007150173187256
8,80,4,20,10,7882,2767.139099999999,283.5129,53.22883333333332,1.892780065536499
8,80,4,20,10,2503,2693.851600000001,268.28670000000005,63.986548222222225,1.5064656734466553
8,80,4,20,10,5802,3498.2344000000003,346.1013000000001,54.90510400000001,1.405677080154419
8,80,4,20,10,6455,2955.7176999999983,293.1730999999999,55.46593333333334,1.8115262985229492
8,80,4,20,10,5608,3067.0914000000007,332.8331,55.89660000000001,1.6763279438018799
8,80,4,20,10,8258,3070.6662000000024,310.41150000000005,52.989766666666675,1.754058837890625
8,80,4,20,10,7486,2608.165,258.6010999999999,43.76433333333333,1.7991740703582764
8,80,4,20,10,1839,2969.1164999999996,298.12200000000007,50.005167666666665,1.287869930267334
8,80,4,20,10,3282,2872.8885000000005,283.20309999999995,48.85186766666667,1.72902512550354
8,80,4,20,10,3216,2889.7778999999987,282.3007,53.665533333333336,2.3972270488739014
8,80,4,20,10,9034,2737.4424000000013,269.50280000000004,51.59363433333335,1.5748679637908936
8,80,4,20,10,7143,2771.7403999999988,273.0838,49.13436866666666,1.5362372398376465
8,80,4,20,10,2446,3586.5997000000034,362.5571,54.71056666666668,1.758450984954834
8,80,4,20,10,5924,2850.6988,287.6551000000001,54.462199999999996,1.9003798961639404
8,80,4,20,10,8881,2431.789200000001,254.73489999999998,45.405566666666665,2.0282487869262695
8,80,4,20,10,6634,2564.8073000000018,249.34699999999998,49.6023,1.702343225479126
8,80,4,20,10,3097,2865.3573000000006,300.9985999999999,50.3877,1.5231118202209473
8,80,4,20,10,1211,2538.7975000000006,260.49270000000007,46.847202999999986,2.009270191192627
8,80,4,20,10,1921,2525.8498,266.00169999999997,45.64749973417721,1.8166966438293457
8,80,4,20,10,2740,3157.693799999998,321.06839999999994,53.09472362204725,2.1077539920806885
8,80,4,20,10,3306,2532.0752000000016,255.8447,46.970301,1.6117448806762695
8,80,4,20,10,4366,2652.8216,271.9974,50.4611,1.8142530918121338
8,80,4,20,10,5455,3238.9230999999963,317.52189999999985,59.7198,1.782947063446045
8,80,4,20,10,9095,2768.1492000000017,270.3038999999998,50.636503,2.030971050262451
8,80,4,20,10,8562,3228.6087000000007,319.7287000000001,61.78912933333332,1.9893019199371338
8,80,4,20,10,9815,2381.6329999999994,230.72759999999994,44.44636666666667,1.664935827255249
8,80,4,20,10,1466,2906.0494000000026,294.90610000000004,51.87883333333333,1.649933099746704
8,80,4,20,10,8480,2823.5999999999995,289.40719999999993,53.7785,2.077162027359009
8,80,4,20,10,3792,3239.3948000000023,326.6053000000001,55.84030000000001,1.9467120170593262
8,80,4,20,10,4697,2802.9804999999983,282.1961,51.946734333333346,1.7773351669311523
8,80,4,20,10,1565,2982.6066999999985,295.95250000000004,52.717501000000006,1.7690918445587158
8,80,4,20,10,5891,3289.2745999999993,324.1876,73.6785293361111,1.6858010292053223
8,80,4,20,10,8308,2962.5762000000013,293.41980000000007,53.74736666666665,1.7643330097198486
8,80,4,20,10,4257,2914.578099999999,290.86489999999986,48.589299999999994,1.791193962097168
8,80,4,20,10,5733,2941.5158999999985,287.8258,56.51793333333333,1.4316539764404297
8,80,4,20,10,2946,2502.541399999999,263.75239999999997,51.656501,1.752694845199585
8,80,4,20,10,1292,3051.6694000000007,303.20759999999996,52.69353433333333,2.3920857906341553
8,80,4,20,10,5439,2645.294600000001,275.75249999999994,47.28273533333333,1.7606921195983887
8,80,4,20,10,1714,2410.6281000000013,239.6095,44.695833333333326,1.9043900966644287
8,80,4,20,10,9200,2929.616400000001,297.2565000000001,50.271433333333334,1.7350242137908936
8,80,4,20,10,5804,3149.492599999999,311.69090000000006,70.3217485,1.7602558135986328
8,80,4,20,10,3154,2662.9087999999997,274.5923,55.41014789915967,1.6925230026245117
8,80,4,20,10,2195,3084.2169999999974,303.62250000000006,53.40910988888888,1.6051051616668701
8,80,4,20,10,3042,2559.427199999999,261.1531000000001,43.19353433333333,1.845348834991455
8,80,4,20,10,9808,2886.7232000000004,283.01429999999993,53.74919999999999,1.5712692737579346
8,80,4,20,10,5407,2810.0033999999982,277.3556000000001,53.8381,1.5751447677612305
8,80,4,20,10,3782,3122.5852999999993,324.8888999999999,67.589046,2.22167706489563
8,80,4,20,10,5410,2499.7123999999994,236.12409999999997,45.286166666666674,1.7977068424224854
8,80,4,20,10,8428,3032.2993999999967,304.26139999999987,53.35243333333334,1.732529878616333
8,80,4,20,10,7236,3149.8755999999994,319.88349999999997,50.480533333333334,1.7219278812408447
8,80,4,20,10,2085,2393.0720000000006,232.2958999999999,41.71085766666667,1.7990050315856934
8,80,4,20,10,2139,2479.976999999998,240.10340000000005,42.82423333333333,1.85396409034729
8,80,4,20,10,6801,2169.564999999999,224.20820000000003,46.19896766666667,1.4381392002105713
8,80,4,20,10,6820,3415.2988,347.38360000000006,53.0771,1.7490360736846924
8,80,4,20,10,3830,2976.036899999997,303.03700000000003,54.94226666666667,1.6619062423706055
8,80,4,20,10,7975,3107.0548000000003,316.06179999999995,51.39526766666666,1.5315749645233154
8,80,4,20,10,3469,3375.6656000000016,338.3649,52.56493633333333,1.5596020221710205
8,80,4,20,10,1454,2591.6394999999993,256.5802,50.129103999999984,1.7194640636444092
8,80,4,20,10,2573,2168.4834999999985,221.49200000000002,40.786966666666665,1.7528128623962402
8,80,4,20,10,3931,3000.2723,308.59260000000006,50.50716666666666,1.6651511192321777
8,80,4,20,10,5445,2725.3447,270.8652,55.874500999999995,1.3833887577056885
8,80,4,20,10,5745,2659.7565999999983,276.8784,53.04646666666667,2.2153749465942383
8,80,4,20,10,7167,2997.7011000000007,297.33849999999984,51.65933333333332,2.4084410667419434
8,80,4,20,10,7597,3169.9209999999985,311.46680000000003,55.097699999999996,1.704953908920288
8,80,4,20,10,7005,2557.652999999998,250.75189999999998,55.1366,1.8931267261505127
8,80,4,20,10,3239,3020.0991999999987,295.6959,54.30333433333334,1.988185167312622
8,80,4,20,10,4331,2797.1057,287.56210000000004,54.04833433333332,1.819058895111084
8,80,4,20,10,5960,3039.307299999999,300.9669,56.75476666666666,1.5826072692871094
8,80,4,20,10,1284,2736.179000000001,271.33720000000017,58.193173413793104,1.6279289722442627
8,80,4,20,10,2402,2941.367999999998,300.496,55.74773333333333,2.164879083633423
8,80,4,20,10,8146,2891.744399999998,293.84060000000005,58.69527281553398,2.4902429580688477
8,80,4,20,10,1786,2818.490199999999,292.2785,54.22933533333333,2.785555124282837
8,80,4,20,10,8911,3195.1363999999994,300.01360000000005,55.11839001944445,2.5831780433654785
8,80,4,20,10,7510,2578.3469999999998,244.63540000000003,49.42693333333333,2.2617690563201904
8,80,4,20,10,6556,2907.683899999999,280.0359999999999,57.31839606111111,1.534377098083496
8,80,4,20,10,5726,2701.1396000000013,269.7472000000001,51.52016666666667,1.583616018295288
8,80,4,20,10,2935,3079.4611000000004,297.66950000000014,51.041466666666665,1.8375680446624756
8,80,4,20,10,7223,2974.3924000000025,300.13950000000006,52.443266666666666,1.67271089553833
8,80,4,20,10,1405,2753.9592000000007,272.8683000000001,51.07916666666669,1.7336928844451904
8,80,4,20,10,6792,3080.491400000001,292.20180000000005,55.009634333333345,1.4563100337982178
8,80,4,20,10,7527,3032.089300000002,301.80279999999993,52.988566666666664,1.5286591053009033
8,80,4,20,10,3965,3111.166400000002,322.19949999999994,49.77956866666667,1.9651548862457275
8,80,4,20,10,9686,2401.592900000001,245.5884,45.298604,1.6598930358886719
8,80,4,20,10,2054,2310.8054000000006,243.68399999999997,47.88491616402403,1.7547450065612793
8,80,4,20,10,7502,2513.795799999999,246.44250000000002,53.02533333333333,1.6290321350097656
8,80,4,20,10,5872,2646.1254000000004,267.4395999999999,50.38023333333334,2.5059518814086914
8,80,4,20,10,1751,3028.868899999999,290.64930000000004,52.2339,2.4397802352905273
8,80,4,20,10,5095,2808.7991,287.74039999999997,55.43534513274336,1.6600308418273926
8,80,4,20,10,8465,3605.5930999999964,355.0543999999999,58.574200000000005,1.7271597385406494
8,80,4,20,10,8504,3349.6416000000004,328.7638000000001,57.50890000000001,1.9391741752624512
8,80,4,20,10,8819,2948.875000000001,279.4347,53.285782334869424,1.8638226985931396
8,80,4,20,10,4921,2573.592700000002,259.90620000000007,58.74647322222223,1.895857810974121
12,120,4,30,10,6347,4477.9698,430.9391,68.15803255813954,1.834517002105713
12,120,4,30,10,7536,4087.509300000001,409.6016,69.06198433333333,2.537846803665161
12,120,4,30,10,4078,3946.8280999999984,397.86769999999996,56.55958644067797,1.96952486038208
12,120,4,30,10,4726,4590.665000000003,474.2262999999999,69.70342877777777,2.3318440914154053
12,120,4,30,10,5978,4585.949700000004,449.99759999999986,70.13285757222222,2.54632306098938
12,120,4,30,10,8836,4762.723199999999,481.3109,56.65760000000001,2.3715450763702393
12,120,4,30,10,3380,4530.615299999997,453.6136000000001,54.72696666666667,1.6471009254455566
12,120,4,30,10,3669,4522.248100000004,445.8472,58.36126766666667,2.2373952865600586
12,120,4,30,10,7882,4151.9514,427.5044999999999,76.64760100000002,2.6846959590911865
12,120,4,30,10,2503,3826.6695999999984,375.85749999999996,73.74812766666668,3.184164047241211
12,120,4,30,10,5802,4463.8339000000005,451.26669999999984,56.05216666666667,1.8778319358825684
12,120,4,30,10,6455,4597.435599999996,449.6874999999999,59.16043533333333,2.2322402000427246
12,120,4,30,10,5608,4805.2838,498.8614000000001,68.06438518333331,2.3474130630493164
12,120,4,30,10,8258,4475.608000000001,456.71489999999983,85.78772442342344,1.9951272010803223
12,120,4,30,10,7486,4425.868000000002,440.35749999999996,59.724599999999995,1.992847204208374
12,120,4,30,10,1839,3908.1094000000016,396.25699999999995,52.591452601151765,1.7495169639587402
12,120,4,30,10,3282,4355.769800000003,435.28779999999983,52.279569666666674,2.733764886856079
12,120,4,30,10,3216,4780.247,461.14709999999985,63.944921555555545,2.192629814147949
12,120,4,30,10,9034,4150.9641,399.4320000000001,56.135904000000004,1.6439518928527832
12,120,4,30,10,7143,4144.071699999998,408.49389999999994,59.10726666666668,2.05704402923584
12,120,4,30,10,2446,4933.153500000003,479.08349999999984,56.32216666666666,2.416581869125366
12,120,4,30,10,5924,4123.915899999999,418.8398,56.475899999999996,2.238597869873047
12,120,4,30,10,8881,3826.1931000000013,394.6832,56.27187768613784,2.3354668617248535
12,120,4,30,10,6634,4424.7715,440.6796,62.534501,1.8116729259490967
12,120,4,30,10,3097,4325.071100000002,433.70679999999993,75.02823224657405,2.094801902770996
12,120,4,30,10,1211,4024.3800999999976,410.6657,48.61683333333333,2.2691190242767334
12,120,4,30,10,1921,3847.0561999999986,401.54769999999996,54.52927254901961,2.201014995574951
12,120,4,30,10,2740,4403.390900000003,442.37070000000006,54.612967666666655,2.4702320098876953
12,120,4,30,10,3306,4008.812500000001,401.8865999999998,67.48049329444444,1.9358611106872559
12,120,4,30,10,4366,3987.670900000003,409.15299999999985,60.535334333333324,1.9328758716583252
12,120,4,30,10,5455,4776.282999999998,483.5551,80.1210779230769,2.3921401500701904
12,120,4,30,10,9095,4235.124300000003,417.99359999999996,56.405958777777776,1.7573659420013428
12,120,4,30,10,8562,4610.5836999999965,455.93339999999995,70.09316766666667,2.0464470386505127
12,120,4,30,10,9815,3385.9395000000004,342.31800000000004,61.85156766666666,2.4510929584503174
12,120,4,30,10,1466,4369.491299999998,434.2232,73.53045213888889,2.1046299934387207
12,120,4,30,10,8480,4050.807299999998,402.7396,71.8785,1.9813339710235596
12,120,4,30,10,3792,4825.006700000002,486.27880000000016,58.107634333333344,2.5387909412384033
12,120,4,30,10,4697,4005.655399999995,408.0459,59.812672308111786,1.6942799091339111
12,120,4,30,10,1565,4186.769699999999,421.75440000000015,62.71420855555555,2.138150930404663
12,120,4,30,10,5891,4936.917100000001,476.1094,81.43673433333332,2.1575770378112793
12,120,4,30,10,8308,4246.461900000003,413.6109000000001,69.50213433333333,2.0459678173065186
12,120,4,30,10,4257,4092.752999999999,417.66419999999994,56.538223708333334,1.8969783782958984
12,120,4,30,10,5733,4481.5803,444.5131000000002,79.0371343333333,2.2922489643096924
12,120,4,30,10,2946,4174.378499999999,413.1889,57.25883333333334,2.3515141010284424
12,120,4,30,10,1292,4225.7608,417.18670000000003,52.63503433333334,1.853337049484253
12,120,4,30,10,5439,4330.2951,439.2133999999999,63.51350100000001,3.058168888092041
12,120,4,30,10,1714,4148.4998000000005,416.43230000000005,56.967824222222205,2.135364294052124
12,120,4,30,10,9200,4506.874799999998,453.0404000000001,71.14972873333335,1.8699498176574707
12,120,4,30,10,5804,4361.524199999997,416.9989000000001,71.96211809166664,2.476005792617798
12,120,4,30,10,3154,4043.683700000001,404.71910000000014,88.63420268067225,1.8906328678131104
12,120,4,30,10,2195,4139.7618,415.8183000000002,72.932351,1.9617910385131836
12,120,4,30,10,3042,4406.400799999999,454.5845,53.39069347976618,2.6497650146484375
12,120,4,30,10,9808,4289.443000000001,430.6155,79.47739884999999,2.370560884475708
12,120,4,30,10,5407,4264.8683999999985,427.50190000000003,67.55035099999998,1.592844009399414
12,120,4,30,10,3782,4677.331799999999,468.4745,76.42712377777777,2.280482053756714
12,120,4,30,10,5410,3460.8835999999988,343.1262999999999,57.332560333333326,2.405690908432007
12,120,4,30,10,8428,4615.0169,465.9631999999999,60.9446356111111,1.846005916595459
12,120,4,30,10,7236,4639.6496,460.3378000000001,54.32013733333333,2.029048204421997
12,120,4,30,10,2085,3527.4496999999965,346.2945999999999,45.81613333333335,2.272426128387451
12,120,4,30,10,2139,4121.3841999999995,414.9669999999998,60.551289666666676,2.4706380367279053
12,120,4,30,10,6801,3931.4076999999984,399.1788,57.73273433333334,1.7294347286224365
12,120,4,30,10,6820,4604.180799999999,456.0152000000001,58.45541238888889,2.374803066253662
12,120,4,30,10,3830,4619.5743999999995,458.03,58.58526666666666,1.7032251358032227
12,120,4,30,10,7975,4693.637600000002,457.4263,56.175867666666655,1.5120110511779785
12,120,4,30,10,3469,4363.648899999999,433.47690000000006,54.96903633333333,2.2311947345733643
12,120,4,30,10,1454,3782.5955999999983,371.64629999999994,51.480802000000004,2.1458239555358887
12,120,4,30,10,2573,4012.2521999999985,386.4674,55.18166766666668,2.466405153274536
12,120,4,30,10,3931,3863.5495,398.92699999999996,55.21831302777777,2.352876901626587
12,120,4,30,10,5445,4320.211000000001,428.7037,58.72850099999999,2.107609987258911
12,120,4,30,10,5745,4329.532499999998,442.1916,73.71686856873616,1.8238940238952637
12,120,4,30,10,7167,4837.870300000003,487.1675999999998,86.59404444444444,2.411242961883545
12,120,4,30,10,7597,4882.3033,490.1234999999999,69.584901,2.4118521213531494
12,120,4,30,10,7005,3811.2514000000006,382.6088,79.65159190909091,1.7565577030181885
12,120,4,30,10,3239,4556.2099,440.7691,58.212881277777775,2.0176119804382324
12,120,4,30,10,4331,4232.189699999998,434.2132,70.97595300000003,1.9351921081542969
12,120,4,30,10,5960,4344.977700000002,433.5387000000001,58.77326766666666,1.8752140998840332
12,120,4,30,10,1284,4308.328999999999,419.7632000000001,78.68952168965518,1.959850788116455
12,120,4,30,10,2402,4617.924700000001,465.09989999999993,77.63927856249998,2.335339069366455
12,120,4,30,10,8146,4274.0297,439.7894999999999,70.83140433333334,2.281497001647949
12,120,4,30,10,1786,4655.7869,469.5841,64.50317769027778,1.8958971500396729
12,120,4,30,10,8911,4695.6543999999985,464.0232999999999,57.355567666666666,2.0579819679260254
12,120,4,30,10,7510,4181.481499999999,412.4543,72.06281000000001,1.7399919033050537
12,120,4,30,10,6556,4566.463699999997,452.07789999999994,81.81105306481481,2.0708019733428955
12,120,4,30,10,5726,4053.064500000003,398.6796999999999,57.82409294444446,1.997663974761963
12,120,4,30,10,2935,4253.4375,431.9106000000001,50.334068666666646,1.6577777862548828
12,120,4,30,10,7223,4503.0062,441.398,60.842802444444445,2.144534111022949
12,120,4,30,10,1405,3988.2698999999993,407.641,77.09900383611111,1.9570939540863037
12,120,4,30,10,6792,4221.7723000000005,430.617,56.7916,1.9312520027160645
12,120,4,30,10,7527,4784.177800000003,470.1321000000001,69.19368794444443,2.05469012260437
12,120,4,30,10,3965,4388.195700000001,431.6743,52.67536966666665,2.3307371139526367
12,120,4,30,10,9686,4170.1527,428.7978000000001,59.72753633333333,1.8834309577941895
12,120,4,30,10,2054,3846.460900000004,397.50530000000003,69.32066666666668,1.9109487533569336
12,120,4,30,10,7502,4046.7835999999984,413.6426,54.97749088888888,2.2093138694763184
12,120,4,30,10,5872,4175.551200000001,414.88589999999994,62.99795933333333,1.9080491065979004
12,120,4,30,10,1751,4605.958500000004,443.52340000000015,60.14006966666666,1.715839147567749
12,120,4,30,10,5095,4108.6422,399.6964999999999,76.186801,2.0836641788482666
12,120,4,30,10,8465,4887.0747999999985,486.54490000000004,79.4924985138889,1.9305789470672607
12,120,4,30,10,8504,4600.965200000001,467.2132999999999,57.62266666666667,2.0653445720672607
12,120,4,30,10,8819,4055.3728000000033,392.80699999999996,56.63661563978212,1.802048921585083
12,120,4,30,10,4921,3915.1669999999967,394.8477,67.1810320925926,2.074876070022583
20,200,4,50,10,6347,7572.196299999996,749.9563999999999,109.72760631112898,2.0405173301696777
20,200,4,50,10,7536,6563.073200000006,669.9694999999997,104.39336866666666,3.0381479263305664
20,200,4,50,10,4078,6843.494200000004,690.993,76.1144702111111,2.645989179611206
20,200,4,50,10,4726,7647.897000000007,754.7535000000001,104.35863443333331,2.839616060256958
20,200,4,50,10,5978,7649.626499999996,744.0938,95.04830199999999,3.1083498001098633
20,200,4,50,10,8836,7826.932599999997,788.7701000000002,88.40815596928239,2.685492992401123
20,200,4,50,10,3380,7623.042599999994,771.4304999999998,86.54068653935185,2.293170928955078
20,200,4,50,10,3669,7086.762999999998,719.2760000000001,78.40381678333333,2.5795369148254395
20,200,4,50,10,7882,7301.859500000005,739.3139,98.394601,2.4257991313934326
20,200,4,50,10,2503,6987.238800000004,695.6349000000001,116.484802,2.328751802444458
20,200,4,50,10,5802,7854.466799999993,754.6742,91.57575445277777,2.5780229568481445
20,200,4,50,10,6455,7419.151199999993,737.0601000000004,83.65143573333333,2.7553889751434326
20,200,4,50,10,5608,7699.9322,786.6251,102.33209338370033,2.099297046661377
20,200,4,50,10,8258,7241.929499999999,725.0577000000003,117.44233893693695,2.8567419052124023
20,200,4,50,10,7486,7369.316099999991,732.0994000000001,90.75543433333333,2.7144267559051514
20,200,4,50,10,1839,7134.201700000003,718.5677999999999,81.00905666666667,2.405428886413574
20,200,4,50,10,3282,6883.869000000003,698.2407,72.97139544444444,2.581550121307373
20,200,4,50,10,3216,7152.935299999999,711.2465999999997,93.25559088888889,2.417598009109497
20,200,4,50,10,9034,6979.218100000001,678.3031999999998,92.29330938888887,2.3211467266082764
20,200,4,50,10,7143,6659.053900000005,655.9849999999999,82.80348017037036,2.3982601165771484
20,200,4,50,10,2446,7523.152300000004,745.7679000000003,69.14501317962963,2.4455440044403076
20,200,4,50,10,5924,6984.571699999998,714.2503000000002,95.88563733333334,2.3340260982513428
20,200,4,50,10,8881,6567.261800000006,643.4522,74.88386107856485,3.5515668392181396
20,200,4,50,10,6634,6475.489199999992,645.2570999999999,94.98242977777777,2.5450332164764404
20,200,4,50,10,3097,6854.9225000000015,672.2074,88.90726866666667,2.314004421234131
20,200,4,50,10,1211,6420.697399999998,624.9079,69.7792296485788,2.97422194480896
20,200,4,50,10,1921,6880.272500000002,709.6911000000005,87.06228615555558,2.6571598052978516
20,200,4,50,10,2740,7620.72840000001,737.5511,86.94159751649795,2.983901262283325
20,200,4,50,10,3306,6950.492099999997,708.1878,90.63947490490953,2.276993751525879
20,200,4,50,10,4366,6910.166199999988,708.0441000000001,92.63075233777776,2.409899950027466
20,200,4,50,10,5455,7576.8662,772.7738000000002,115.75348917948722,2.8457047939300537
20,200,4,50,10,9095,6818.945900000006,675.7162999999997,84.31129241874999,2.2777771949768066
20,200,4,50,10,8562,7840.220399999992,784.4487000000001,102.63509900833331,3.186964988708496
20,200,4,50,10,9815,6273.994800000005,636.5872999999999,79.52566766666668,2.728869915008545
20,200,4,50,10,1466,7686.9452000000065,745.5305999999999,85.3548391361111,2.833220958709717
20,200,4,50,10,8480,7253.909,721.5666999999997,100.82378417283952,2.1152303218841553
20,200,4,50,10,3792,7863.102199999993,771.8131000000003,91.48676488888889,3.0469181537628174
20,200,4,50,10,4697,6649.894700000004,684.8028,91.80353433333333,2.2138590812683105
20,200,4,50,10,1565,7086.786299999993,721.3734999999999,83.43880299999995,2.356204032897949
20,200,4,50,10,5891,7705.85229999999,771.4381999999997,128.81702034664355,2.4331369400024414
20,200,4,50,10,8308,7173.413299999996,706.0219,109.09746866666667,2.6435577869415283
20,200,4,50,10,4257,7171.469500000004,738.2247000000001,93.75527077527519,2.703986883163452
20,200,4,50,10,5733,7038.1350000000075,687.069,102.97973433333334,2.630112886428833
20,200,4,50,10,2946,7352.2615,725.5549999999998,82.97323433333332,2.6960268020629883
20,200,4,50,10,1292,6957.081400000003,694.4053000000001,69.46519752777776,2.3397350311279297
20,200,4,50,10,5439,7063.349799999999,719.8416999999998,86.93539493939394,3.1326658725738525
20,200,4,50,10,1714,6560.601399999999,646.4128,83.21960300000002,2.640087127685547
20,200,4,50,10,9200,7085.455999999999,696.2729000000002,91.78444428888886,2.6239330768585205
20,200,4,50,10,5804,7264.050000000003,723.8478999999998,102.66323433333334,2.595233678817749
20,200,4,50,10,3154,6501.464199999999,645.6949999999996,119.39604149579833,2.020819902420044
20,200,4,50,10,2195,7017.281300000005,686.1537,96.33602630925924,2.4650628566741943
20,200,4,50,10,3042,7846.627900000006,795.8189000000002,88.2518962945957,2.3607640266418457
20,200,4,50,10,9808,7092.215200000002,685.3762999999999,97.73326357407407,3.04955792427063
20,200,4,50,10,5407,6739.425399999994,677.9575,84.64226911666667,2.1135599613189697
20,200,4,50,10,3782,7880.1134,762.7352,99.13902098148148,3.495821952819824
20,200,4,50,10,5410,6412.844499999998,647.0722000000001,96.28910099999997,2.451291084289551
20,200,4,50,10,8428,7318.929200000009,744.0466999999995,91.63490099999999,2.5662851333618164
20,200,4,50,10,7236,7573.346799999993,760.0983000000001,83.77716644166667,2.137070894241333
20,200,4,50,10,2085,6655.865800000005,689.0053999999999,93.037306515625,2.726794958114624
20,200,4,50,10,2139,6911.792699999999,708.8558000000002,83.38896112740741,2.6820130348205566
20,200,4,50,10,6801,6565.143700000001,674.3493,89.523101,2.5112226009368896
20,200,4,50,10,6820,7664.29459999999,759.9712000000003,89.71706766666665,2.650960922241211
20,200,4,50,10,3830,7877.556300000007,790.7054999999998,95.4118486333333,2.3632700443267822
20,200,4,50,10,7975,7412.898300000009,720.8172999999999,77.69046766666666,2.320580005645752
20,200,4,50,10,3469,7442.044999999999,765.1623999999999,73.87595100000001,2.317279100418091
20,200,4,50,10,1454,6583.781300000009,657.8634,71.94068594444444,2.7354729175567627
20,200,4,50,10,2573,6759.092600000004,666.1401999999999,67.9586249303393,2.3282339572906494
20,200,4,50,10,3931,7400.51699999999,765.7016,68.0429509638889,2.656852960586548
20,200,4,50,10,5445,6943.481600000003,691.0470000000004,81.01347088888889,2.3271329402923584
20,200,4,50,10,5745,6746.677399999994,689.037,95.91446047500001,2.6232802867889404
20,200,4,50,10,7167,7151.182300000009,727.2509999999999,114.37843533333331,2.8262689113616943
20,200,4,50,10,7597,7576.460599999994,755.2297000000001,92.98783433333334,2.564828872680664
20,200,4,50,10,7005,7072.826700000008,740.4080999999999,113.33006766666668,2.2809221744537354
20,200,4,50,10,3239,7291.930599999993,738.9493,89.4424255858796,2.4124910831451416
20,200,4,50,10,4331,7094.716800000003,714.4130999999999,92.50033951950616,2.347839117050171
20,200,4,50,10,5960,6856.725000000006,665.4306999999997,78.77406077625,2.906857967376709
20,200,4,50,10,1284,7121.443399999997,706.0012999999997,133.5461035115354,2.710170269012451
20,200,4,50,10,2402,7527.384099999996,769.1703999999999,94.570302,2.367208957672119
20,200,4,50,10,8146,7059.2320000000045,698.2588999999998,90.4401343333333,3.203015089035034
20,200,4,50,10,1786,7596.560500000008,765.3459999999995,84.0060762222222,2.343039035797119
20,200,4,50,10,8911,7268.876199999986,732.0218000000003,74.3687716138889,3.1755361557006836
20,200,4,50,10,7510,7421.9766000000045,739.4311999999998,104.009602,2.1720809936523438
20,200,4,50,10,6556,7307.554599999994,736.4427000000002,100.41125477777777,2.567821979522705
20,200,4,50,10,5726,6759.341499999995,665.6785,83.06108263425926,2.5389046669006348
20,200,4,50,10,2935,6874.197599999999,678.1236999999998,65.41115617777777,2.67319393157959
20,200,4,50,10,7223,7998.487500000004,805.6047,99.80035263333335,2.715847969055176
20,200,4,50,10,1405,6984.214700000004,709.6248999999998,115.19613533333333,2.151611089706421
20,200,4,50,10,6792,7136.602399999997,713.0096000000002,97.00498758333332,2.561917781829834
20,200,4,50,10,7527,7707.256500000011,757.5046,88.7175521178637,2.143679141998291
20,200,4,50,10,3965,7504.014100000002,723.6766999999996,68.80814209166664,2.6302311420440674
20,200,4,50,10,9686,6821.332700000003,675.0715000000001,77.0835252222222,2.561284065246582
20,200,4,50,10,2054,6867.518999999998,695.1931999999998,102.91616541977312,2.3949711322784424
20,200,4,50,10,7502,7082.52970000001,691.6020000000001,79.26425637796294,2.619575023651123
20,200,4,50,10,5872,7213.994599999995,741.1368000000001,85.62925099999998,2.5973379611968994
20,200,4,50,10,1751,7303.998199999998,709.9681999999995,84.42240100000002,2.1471688747406006
20,200,4,50,10,5095,7184.082500000002,721.495,103.353801,2.608812093734741
20,200,4,50,10,8465,7547.590900000004,740.1972999999998,87.95520099999999,2.40008544921875
20,200,4,50,10,8504,8118.611899999997,785.6888999999998,89.02333733333333,2.9081342220306396
20,200,4,50,10,8819,7783.844500000015,777.5346,93.36888877777777,2.4185030460357666
20,200,4,50,10,4921,7018.282599999995,703.4865000000001,117.55384453992534,2.6273274421691895
