multiple_sfc_num,per_sfc_vnf_num,effective_total_vnf_num,vnf_type_min,vnf_type_max,vnf_image_size_min,vnf_image_size_max,repository_bw,seed,HEFT,DHEFT,NHEFT,time_sec
1,320,320,1,12,6000,12000,200,6347,14571.43200000001,542.3242999999998,114.69490100000004,24.951606035232544
1,320,320,1,12,6000,12000,200,7536,13747.400700000013,521.7613,130.47731276470583,12.218465089797974
1,320,320,1,12,6000,12000,200,4078,13745.594400000025,515.0516000000005,94.90297299999997,33.18439507484436
1,320,320,1,12,6000,12000,200,4726,15439.065199999968,585.4018000000001,131.425601,25.556838989257812
1,320,320,1,12,6000,12000,200,5978,14942.56630000003,563.3643000000004,118.81750099999998,50.397424936294556
1,320,320,1,12,6000,12000,200,8836,15843.506200000002,589.4496999999998,107.28501400000002,23.971741914749146
1,320,320,1,12,6000,12000,200,3380,14955.932900000013,563.8869999999998,102.86390100000001,7.346935033798218
1,320,320,1,12,6000,12000,200,3669,14871.811999999984,556.8204999999997,108.19710100000002,24.7012038230896
1,320,320,1,12,6000,12000,200,7882,14447.591600000005,539.3169000000003,127.60317322834649,44.20738983154297
1,320,320,1,12,6000,12000,200,2503,12937.06200000002,489.64899999999994,129.70500099999998,27.257226943969727
1,320,320,1,12,6000,12000,200,5802,14802.263600000044,561.7501999999997,108.16555933112578,38.44847393035889
1,320,320,1,12,6000,12000,200,6455,14915.702500000027,560.4274000000003,105.71010220500001,9.711860179901123
1,320,320,1,12,6000,12000,200,5608,15953.284299999988,609.1214000000002,122.73310099999999,10.905173063278198
1,320,320,1,12,6000,12000,200,8258,14932.492799999998,572.1855999999999,144.022902,37.39239692687988
1,320,320,1,12,6000,12000,200,7486,14668.748400000022,551.4227999999997,116.12477391304347,78.80152082443237
1,320,320,1,12,6000,12000,200,1839,13506.130399999953,509.016,93.27860099999997,59.68720316886902
1,320,320,1,12,6000,12000,200,3282,14332.67449999997,545.7800000000002,102.35310199999999,18.335033893585205
1,320,320,1,12,6000,12000,200,3216,15470.805100000005,571.3703000000006,114.30300099999995,10.815648078918457
1,320,320,1,12,6000,12000,200,9034,13954.829600000012,511.9793000000001,113.41867099999996,8.319696187973022
1,320,320,1,12,6000,12000,200,7143,14076.331100000018,524.4688999999996,97.464134375,13.483067989349365
1,320,320,1,12,6000,12000,200,2446,15751.238200000025,592.8827000000003,97.31665100000006,21.456552743911743
1,320,320,1,12,6000,12000,200,5924,14006.075500000026,530.6052000000002,117.55320099999997,9.211191177368164
1,320,320,1,12,6000,12000,200,8881,13402.57590000001,509.4679000000001,99.66002599999995,10.674556970596313
1,320,320,1,12,6000,12000,200,6634,14636.12819999999,552.1019000000003,127.8930523513513,25.424102306365967
1,320,320,1,12,6000,12000,200,3097,14583.80210000001,545.2340000000003,135.81195594505496,34.83147478103638
1,320,320,1,12,6000,12000,200,1211,13842.711700000009,522.6361000000002,90.7791084690554,23.499171018600464
1,320,320,1,12,6000,12000,200,1921,13215.138900000013,515.3241999999998,100.93001461256544,6.875974893569946
1,320,320,1,12,6000,12000,200,2740,14808.428400000015,552.9153000000003,106.33300099999997,40.22902512550354
1,320,320,1,12,6000,12000,200,3306,13557.126800000015,515.2856000000003,107.616501,10.93008303642273
1,320,320,1,12,6000,12000,200,4366,13784.806000000004,522.3349999999997,109.24256899999999,8.890421867370605
1,320,320,1,12,6000,12000,200,5455,15670.584200000012,592.3793999999998,146.15033076923086,20.71332597732544
1,320,320,1,12,6000,12000,200,9095,14364.45029999997,533.3922,97.77350900000002,13.846662998199463
1,320,320,1,12,6000,12000,200,8562,14956.838099999986,571.1342999999999,111.76110100000001,6.637446880340576
1,320,320,1,12,6000,12000,200,9815,12030.945200000004,459.13180000000006,99.179501,8.271002054214478
1,320,320,1,12,6000,12000,200,1466,14565.097899999997,547.6393000000003,99.07653498098861,17.864113092422485
1,320,320,1,12,6000,12000,200,8480,13863.609500000024,516.9956000000001,141.42694905660375,17.954362154006958
1,320,320,1,12,6000,12000,200,3792,15702.718899999987,595.4362000000004,99.53552106333333,7.381722927093506
1,320,320,1,12,6000,12000,200,4697,13780.557399999998,524.8212999999997,108.26125100000004,18.164363861083984
1,320,320,1,12,6000,12000,200,1565,13940.139799999988,533.9740999999999,100.010802,27.084954023361206
1,320,320,1,12,6000,12000,200,5891,15654.767300000029,590.4668999999997,154.72273362032087,5.349349021911621
1,320,320,1,12,6000,12000,200,8308,14046.796900000018,530.6239000000002,130.12095323741008,14.628302812576294
1,320,320,1,12,6000,12000,200,4257,14142.13420000001,530.0554999999996,101.39010256410258,20.894026041030884
1,320,320,1,12,6000,12000,200,5733,14885.904899999972,554.5590000000003,157.85230199999998,11.885756969451904
1,320,320,1,12,6000,12000,200,2946,13882.090200000033,526.9396999999993,94.76009849999996,9.652683019638062
1,320,320,1,12,6000,12000,200,1292,14071.4082,529.3689999999997,81.27170000000001,32.48480725288391
1,320,320,1,12,6000,12000,200,5439,14510.09570000002,549.6226000000004,110.39351563414634,41.30830907821655
1,320,320,1,12,6000,12000,200,1714,14066.104500000005,528.0172000000002,104.89340100000001,23.89058208465576
1,320,320,1,12,6000,12000,200,9200,15113.943800000052,564.1236999999998,133.38330100000005,36.026703119277954
1,320,320,1,12,6000,12000,200,5804,14257.233000000013,529.9299000000003,125.399001,9.675827026367188
1,320,320,1,12,6000,12000,200,3154,13714.85630000005,517.5151999999998,161.47960200000003,6.108241319656372
1,320,320,1,12,6000,12000,200,2195,14210.582700000012,529.0343000000003,133.43920100000003,7.623365879058838
1,320,320,1,12,6000,12000,200,3042,14697.530999999994,565.0660000000005,85.87220953999996,9.48203706741333
1,320,320,1,12,6000,12000,200,9808,14482.531400000016,542.4822000000004,121.10870099999998,19.345863103866577
1,320,320,1,12,6000,12000,200,5407,14146.698700000019,539.4261999999997,112.549505,15.56035590171814
1,320,320,1,12,6000,12000,200,3782,15231.216300000011,577.5584999999998,130.25358038144324,17.907952070236206
1,320,320,1,12,6000,12000,200,5410,12150.965900000012,458.7056000000001,106.7510073829787,11.779932737350464
1,320,320,1,12,6000,12000,200,8428,15203.514999999998,576.2519000000001,105.17860099999997,6.976858139038086
1,320,320,1,12,6000,12000,200,7236,15205.591799999966,570.0509999999997,96.28598499999998,14.695726871490479
1,320,320,1,12,6000,12000,200,2085,12356.065700000021,462.0498,104.53082600000003,4.411531209945679
1,320,320,1,12,6000,12000,200,2139,13805.37000000003,526.7104999999999,98.57360148,74.27777886390686
1,320,320,1,12,6000,12000,200,6801,0,0,0,0
1,320,320,1,12,6000,12000,200,6820,14949.753100000024,567.6343999999996,110.52008272588833,18.309436798095703
1,320,320,1,12,6000,12000,200,3830,15279.312699999982,566.7379000000001,121.56138424607327,11.767589330673218
1,320,320,1,12,6000,12000,200,7975,15147.673299999977,567.1189999999999,100.40482699999997,11.633762836456299
1,320,320,1,12,6000,12000,200,3469,14627.221000000018,545.9096999999998,110.54238027350428,10.331938028335571
1,320,320,1,12,6000,12000,200,1454,12934.253399999985,486.0056999999998,83.60897435500006,9.745577096939087
1,320,320,1,12,6000,12000,200,2573,13503.237199999985,504.0705999999996,89.21282448366011,6.049379110336304
1,320,320,1,12,6000,12000,200,3931,13401.758399999995,512.9899000000001,81.34760000000001,7.056222915649414
1,320,320,1,12,6000,12000,200,5445,14452.7384,540.3863000000003,111.9620799468234,11.592691898345947
1,320,320,1,12,6000,12000,200,5745,14538.017599999996,555.0114000000004,131.19420099999996,5.770158052444458
1,320,320,1,12,6000,12000,200,7167,15927.118399999994,595.6499999999997,158.08480199999997,6.7204673290252686
1,320,320,1,12,6000,12000,200,7597,15960.560800000021,600.1477,118.51565099999998,5.229263782501221
1,320,320,1,12,6000,12000,200,7005,13235.846699999978,497.72659999999996,121.238802,5.240059852600098
1,320,320,1,12,6000,12000,200,3239,14792.72569999995,553.0390999999998,106.125301,5.619628190994263
1,320,320,1,12,6000,12000,200,4331,14418.62370000001,545.8388999999996,102.42340100000006,15.557239055633545
1,320,320,1,12,6000,12000,200,5960,14258.931099999983,545.1400000000004,100.25703700000001,14.582404851913452
1,320,320,1,12,6000,12000,200,1284,14185.749800000003,531.6636000000002,164.27223203448278,6.809445858001709
1,320,320,1,12,6000,12000,200,2402,15212.369500000026,575.3727999999999,121.21200099999997,7.377963066101074
1,320,320,1,12,6000,12000,200,8146,14595.028899999961,550.6938000000002,116.60130100000002,22.66756510734558
1,320,320,1,12,6000,12000,200,1786,15293.916199999969,580.1352,108.51430100000003,5.805901050567627
1,320,320,1,12,6000,12000,200,8911,15233.451599999997,575.7847000000008,97.74740100000001,41.123849868774414
1,320,320,1,12,6000,12000,200,7510,13770.006999999983,525.7497999999998,155.3750978625864,12.132894039154053
1,320,320,1,12,6000,12000,200,6556,14846.667200000013,566.7353000000005,135.52436179381448,7.1319098472595215
1,320,320,1,12,6000,12000,200,5726,13760.263600000006,516.7441999999994,97.866651,9.540761232376099
1,320,320,1,12,6000,12000,200,2935,14435.19579999998,542.9132999999997,70.9773,5.3838372230529785
1,320,320,1,12,6000,12000,200,7223,14930.708300000037,552.6616,119.38670100000004,14.948389053344727
1,320,320,1,12,6000,12000,200,1405,13664.665800000012,523.0262,130.77770100000004,12.301440954208374
1,320,320,1,12,6000,12000,200,6792,14196.707299999985,541.9236000000002,110.26340099999997,8.343206882476807
1,320,320,1,12,6000,12000,200,7527,15622.9652,582.6290000000004,106.068301,5.478778839111328
1,320,320,1,12,6000,12000,200,3965,14351.887699999957,543.2875000000001,87.554282,13.978317975997925
1,320,320,1,12,6000,12000,200,9686,14475.977799999982,539.8059999999996,107.24815223499999,8.46414065361023
1,320,320,1,12,6000,12000,200,2054,13574.302000000007,510.2688999999999,125.15430100000002,12.70129108428955
1,320,320,1,12,6000,12000,200,7502,13819.195899999988,526.1499,103.3895010000001,11.72195291519165
1,320,320,1,12,6000,12000,200,5872,13980.000100000003,528.6689000000002,107.26553944954131,11.651289939880371
1,320,320,1,12,6000,12000,200,1751,0,0,0,0
1,320,320,1,12,6000,12000,200,5095,13652.34970000002,512.2062,111.44209541984729,3.9899089336395264
1,320,320,1,12,6000,12000,200,8465,15949.979600000019,596.0526999999997,118.15375199999997,75.7546329498291
1,320,320,1,12,6000,12000,200,8504,15274.36090000001,577.5423999999998,115.305301,7.741709232330322
1,320,320,1,12,6000,12000,200,8819,13720.204699999973,505.72900000000016,105.926701,5.841689109802246
1,320,320,1,12,6000,12000,200,4921,13344.698300000018,507.7266999999998,132.21050099999997,6.094912052154541
2,160,320,1,12,6000,12000,200,6347,14571.427000000012,542.7768999999998,120.49260100000001,2.252581834793091
2,160,320,1,12,6000,12000,200,7536,13747.397700000018,522.9315000000005,121.93780100000002,2.5250420570373535
2,160,320,1,12,6000,12000,200,4078,13745.591500000033,512.5412,86.24168499999999,3.526007890701294
2,160,320,1,12,6000,12000,200,4726,15439.074699999976,585.1399000000004,131.08884746464645,2.43023419380188
2,160,320,1,12,6000,12000,200,5978,14942.58080000003,563.2721,110.06030100000001,2.526758909225464
2,160,320,1,12,6000,12000,200,8836,15843.4941,590.1021000000002,104.27800100000002,2.6452810764312744
2,160,320,1,12,6000,12000,200,3380,14955.914400000018,564.1797999999997,106.017601,2.589298963546753
2,160,320,1,12,6000,12000,200,3669,14871.81849999999,556.8353000000001,110.07035861060878,2.495985984802246
2,160,320,1,12,6000,12000,200,7882,14447.583199999997,539.5241000000003,116.06382399999997,2.8236899375915527
2,160,320,1,12,6000,12000,200,2503,12937.045500000018,491.47560000000004,124.9868444782609,1.898120403289795
2,160,320,1,12,6000,12000,200,5802,14802.250900000048,562.0357000000001,96.80557748344374,2.5716726779937744
2,160,320,1,12,6000,12000,200,6455,14915.705700000024,561.6984000000003,95.42986499999999,2.5334620475769043
2,160,320,1,12,6000,12000,200,5608,15953.280699999987,609.4872999999998,123.18438672727272,3.067986011505127
2,160,320,1,12,6000,12000,200,8258,14932.484999999995,571.9934000000001,137.65331931924806,2.6641290187835693
2,160,320,1,12,6000,12000,200,7486,14668.741700000026,554.0144999999992,116.87624628099174,2.8744730949401855
2,160,320,1,12,6000,12000,200,1839,13506.105999999958,509.07799999999975,76.59632600000002,2.3839638233184814
2,160,320,1,12,6000,12000,200,3282,14332.667499999972,545.7067000000002,105.76840099999995,3.4454030990600586
2,160,320,1,12,6000,12000,200,3216,15470.789600000011,571.2843000000005,115.998901,2.7246949672698975
2,160,320,1,12,6000,12000,200,9034,13954.827200000016,513.8809000000003,102.1489109449704,2.1066322326660156
2,160,320,1,12,6000,12000,200,7143,14076.321000000014,524.2155000000004,97.08027700000001,2.379013776779175
2,160,320,1,12,6000,12000,200,2446,15751.218000000017,592.7402000000002,89.38495099999999,2.0440609455108643
2,160,320,1,12,6000,12000,200,5924,14006.098500000027,531.6639000000004,102.45393846153851,2.113042116165161
2,160,320,1,12,6000,12000,200,8881,13402.562400000032,509.3252999999998,101.25900099999994,3.2661969661712646
2,160,320,1,12,6000,12000,200,6634,14636.14009999999,553.0612999999998,119.75573883783785,2.6223390102386475
2,160,320,1,12,6000,12000,200,3097,14583.817400000014,546.7447999999995,118.08560539560439,2.3382091522216797
2,160,320,1,12,6000,12000,200,1211,13842.7001,522.4037000000004,88.71675113273345,2.3684160709381104
2,160,320,1,12,6000,12000,200,1921,13215.154500000006,518.4444,87.710801,2.2735610008239746
2,160,320,1,12,6000,12000,200,2740,14808.41970000002,553.6438,95.22560100000003,3.096682071685791
2,160,320,1,12,6000,12000,200,3306,13557.101000000026,515.4109000000002,90.30834499999997,2.540473222732544
2,160,320,1,12,6000,12000,200,4366,13784.793499999996,522.6649999999998,102.8700981659919,2.2718589305877686
2,160,320,1,12,6000,12000,200,5455,15670.581700000013,593.1262999999996,132.24875445544552,2.562016010284424
2,160,320,1,12,6000,12000,200,9095,14364.43739999997,530.2955000000002,97.32590589499995,2.221803903579712
2,160,320,1,12,6000,12000,200,8562,14956.841099999987,568.5554000000002,107.76890099999999,2.5808041095733643
2,160,320,1,12,6000,12000,200,9815,12030.954200000011,460.3366999999999,93.25384193548388,2.1037161350250244
2,160,320,1,12,6000,12000,200,1466,14565.098299999989,547.3509000000003,97.96500099999999,3.087144136428833
2,160,320,1,12,6000,12000,200,8480,13863.593200000021,516.8880999999997,119.66120100000008,2.377157688140869
2,160,320,1,12,6000,12000,200,3792,15702.705199999991,599.1410000000012,107.32031019999994,2.7932968139648438
2,160,320,1,12,6000,12000,200,4697,13780.553199999982,521.2788999999997,102.367351,2.2103168964385986
2,160,320,1,12,6000,12000,200,1565,13940.118599999985,533.9727999999998,79.32076668999997,3.1673171520233154
2,160,320,1,12,6000,12000,200,5891,15654.735600000035,590.2903,137.304501,2.337486743927002
2,160,320,1,12,6000,12000,200,8308,14046.78060000001,530.638200000001,118.34350099999999,2.354965925216675
2,160,320,1,12,6000,12000,200,4257,14142.139100000013,529.2677,103.95670099999998,2.936135768890381
2,160,320,1,12,6000,12000,200,5733,14885.893599999969,554.4130999999999,114.79790100000002,2.242655038833618
2,160,320,1,12,6000,12000,200,2946,13882.093200000041,525.9298000000002,88.97045099999997,2.499466896057129
2,160,320,1,12,6000,12000,200,1292,14071.404300000006,529.0920999999998,76.84810000000002,3.208732843399048
2,160,320,1,12,6000,12000,200,5439,14510.094300000013,550.6078000000003,104.23012179341463,2.4678409099578857
2,160,320,1,12,6000,12000,200,1714,14066.101799999997,527.8741999999999,109.44820099999998,3.1369240283966064
2,160,320,1,12,6000,12000,200,9200,15113.951100000042,562.7705000000003,112.70200100000001,3.9717519283294678
2,160,320,1,12,6000,12000,200,5804,14257.216100000012,530.2722,114.55582363742688,2.172913074493408
2,160,320,1,12,6000,12000,200,3154,13714.85420000005,520.0247000000004,143.352302,2.1253631114959717
2,160,320,1,12,6000,12000,200,2195,14210.594500000008,531.5609000000003,121.22710762983425,1.9857966899871826
2,160,320,1,12,6000,12000,200,3042,14697.522899999996,564.7458000000001,99.13991733183025,2.508869171142578
2,160,320,1,12,6000,12000,200,9808,14482.51450000001,542.2711000000005,116.32980099999996,2.4485630989074707
2,160,320,1,12,6000,12000,200,5407,14146.703300000017,543.6315000000005,107.67617199999998,2.0395143032073975
2,160,320,1,12,6000,12000,200,3782,15231.217699999997,577.7417,109.915401,2.5203442573547363
2,160,320,1,12,6000,12000,200,5410,12150.950100000002,458.6507,105.73752699999999,2.2170441150665283
2,160,320,1,12,6000,12000,200,8428,15203.483599999994,576.1760999999997,99.89525610752689,2.2632319927215576
2,160,320,1,12,6000,12000,200,7236,15205.582199999955,571.2847000000003,107.35252821000002,2.2588491439819336
2,160,320,1,12,6000,12000,200,2085,12356.064200000006,463.4066000000001,98.12710100000001,1.9102389812469482
2,160,320,1,12,6000,12000,200,2139,13805.360500000039,527.0249999999997,90.45680148,2.8142552375793457
2,160,320,1,12,6000,12000,200,6801,13607.411999999991,512.1598999999999,102.67733781077497,2.310640811920166
2,160,320,1,12,6000,12000,200,6820,14949.745200000027,570.0628,100.90304898785425,3.2124850749969482
2,160,320,1,12,6000,12000,200,3830,15279.314199999979,567.4255000000002,109.38130100000001,2.118403196334839
2,160,320,1,12,6000,12000,200,7975,15147.655099999974,567.1973,104.06444487,3.0672829151153564
2,160,320,1,12,6000,12000,200,3469,14627.222100000015,547.133,82.47030200000005,2.0134339332580566
2,160,320,1,12,6000,12000,200,1454,12934.2554,487.8040000000002,83.74712776500002,2.2841179370880127
2,160,320,1,12,6000,12000,200,2573,13503.261399999994,503.96709999999996,82.00190515463918,1.860259771347046
2,160,320,1,12,6000,12000,200,3931,13401.723099999987,513.4476000000006,82.47067280334728,2.8935861587524414
2,160,320,1,12,6000,12000,200,5445,14452.720199999998,541.3237000000006,88.17952500000006,1.8321659564971924
2,160,320,1,12,6000,12000,200,5745,14538.002299999986,557.1318999999999,120.92936942675158,2.279233932495117
2,160,320,1,12,6000,12000,200,7167,15927.093299999988,597.0779999999996,139.19620100000006,2.89150071144104
2,160,320,1,12,6000,12000,200,7597,15960.548500000019,598.9275999999996,113.23740100000003,2.1791999340057373
2,160,320,1,12,6000,12000,200,7005,13235.831799999985,497.79889999999995,128.84420100000003,2.302557945251465
2,160,320,1,12,6000,12000,200,3239,14792.718199999954,553.7772000000002,107.998101,2.1543400287628174
2,160,320,1,12,6000,12000,200,4331,14418.64290000001,547.1576999999987,102.6443,2.3041269779205322
2,160,320,1,12,6000,12000,200,5960,14258.923099999984,544.7272,90.28172857142859,2.324251174926758
2,160,320,1,12,6000,12000,200,1284,14185.723500000002,531.6868999999998,149.56239035083533,3.0760960578918457
2,160,320,1,12,6000,12000,200,2402,15212.34960000002,575.1782999999996,117.16480100000001,2.4462530612945557
2,160,320,1,12,6000,12000,200,8146,14595.007599999968,551.5973000000004,108.64220099999997,3.2328429222106934
2,160,320,1,12,6000,12000,200,1786,15293.904299999967,580.3896999999996,93.0209775,2.3311009407043457
2,160,320,1,12,6000,12000,200,8911,15233.4354,577.4903000000005,100.34253049999998,2.936528205871582
2,160,320,1,12,6000,12000,200,7510,13769.98949999999,525.5613999999996,125.2212500196,2.119325876235962
2,160,320,1,12,6000,12000,200,6556,14846.652400000006,566.9809000000006,111.91934532989693,1.9017348289489746
2,160,320,1,12,6000,12000,200,5726,13760.244699999994,514.0972999999999,94.732001,2.5020480155944824
2,160,320,1,12,6000,12000,200,2935,14435.187699999975,542.6413999999996,78.70027569937348,2.85705304145813
2,160,320,1,12,6000,12000,200,7223,14930.71180000003,552.4137999999997,112.36275099999999,2.408231735229492
2,160,320,1,12,6000,12000,200,1405,13664.667300000014,525.2679000000005,107.60200099999999,1.964660882949829
2,160,320,1,12,6000,12000,200,6792,14196.713299999978,541.6475999999999,122.11450316755824,2.335049867630005
2,160,320,1,12,6000,12000,200,7527,15622.959099999998,582.5572000000003,106.44658396961322,1.7578051090240479
2,160,320,1,12,6000,12000,200,3965,14351.893099999967,543.7892,96.717308585,2.134294033050537
2,160,320,1,12,6000,12000,200,9686,14475.987399999984,540.7712999999997,98.218726,1.8979880809783936
2,160,320,1,12,6000,12000,200,2054,13574.295900000005,510.17379999999986,123.17390099999999,2.589478015899658
2,160,320,1,12,6000,12000,200,7502,13819.18539999998,526.4132,92.848101,2.721801996231079
2,160,320,1,12,6000,12000,200,5872,13979.993300000004,531.8135999999993,97.13355403296703,2.0774247646331787
2,160,320,1,12,6000,12000,200,1751,14952.695600000003,552.9154000000002,100.50050200000005,3.229680061340332
2,160,320,1,12,6000,12000,200,5095,13652.333100000025,512.2942999999999,108.78078835632182,2.005642890930176
2,160,320,1,12,6000,12000,200,8465,15949.978000000012,595.4973999999997,104.37026129032257,2.454010009765625
2,160,320,1,12,6000,12000,200,8504,15274.37210000001,576.3874000000003,102.33080237499999,2.357908248901367
2,160,320,1,12,6000,12000,200,8819,13720.202999999976,506.3617,92.89290100000002,2.1491241455078125
2,160,320,1,12,6000,12000,200,4921,13344.694200000016,508.438,108.57680099999999,3.1627230644226074
4,80,320,1,12,6000,12000,200,6347,14571.427300000007,543.1929999999999,103.33290100000002,2.0627713203430176
4,80,320,1,12,6000,12000,200,7536,13747.392700000011,522.8905,112.29668335294119,2.2353250980377197
4,80,320,1,12,6000,12000,200,4078,13745.579400000017,514.2370999999998,84.470501,1.68955397605896
4,80,320,1,12,6000,12000,200,4726,15439.039299999984,587.4958000000003,116.573201,2.194888114929199
4,80,320,1,12,6000,12000,200,5978,14942.57830000003,563.1861000000005,105.31333499999997,2.2677502632141113
4,80,320,1,12,6000,12000,200,8836,15843.486100000004,589.0344,99.07984375604096,2.410616874694824
4,80,320,1,12,6000,12000,200,3380,14955.92990000002,564.1498000000003,100.386801,2.1758079528808594
4,80,320,1,12,6000,12000,200,3669,14871.787699999988,557.5535000000001,91.71819619,1.9694759845733643
4,80,320,1,12,6000,12000,200,7882,14447.578100000006,540.1570999999998,110.740801,2.3656437397003174
4,80,320,1,12,6000,12000,200,2503,12937.057600000015,489.70630000000006,117.65859851552796,1.9653899669647217
4,80,320,1,12,6000,12000,200,5802,14802.257900000037,562.1518000000001,102.37580100000002,2.2384891510009766
4,80,320,1,12,6000,12000,200,6455,14915.701600000024,561.4022000000001,101.17906666666667,2.3170840740203857
4,80,320,1,12,6000,12000,200,5608,15953.275199999978,609.8876000000002,118.91241712210001,1.884645938873291
4,80,320,1,12,6000,12000,200,8258,14932.474200000002,571.5680000000001,129.49130100000002,2.0673089027404785
4,80,320,1,12,6000,12000,200,7486,14668.733200000022,551.4132999999996,107.5983132231405,2.169745922088623
4,80,320,1,12,6000,12000,200,1839,13506.110399999952,508.95159999999987,78.54854625499998,1.770305871963501
4,80,320,1,12,6000,12000,200,3282,14332.663699999966,545.3733999999997,101.77958521052628,2.7512669563293457
4,80,320,1,12,6000,12000,200,3216,15470.792900000011,572.8835000000001,98.826701,2.4777278900146484
4,80,320,1,12,6000,12000,200,9034,13954.814700000008,513.5762999999997,99.57344712903229,1.8003499507904053
4,80,320,1,12,6000,12000,200,7143,14076.320200000016,524.0702999999997,93.50640100000004,2.0759389400482178
4,80,320,1,12,6000,12000,200,2446,15751.215200000031,592.176300000001,86.633066,2.0879650115966797
4,80,320,1,12,6000,12000,200,5924,14006.075500000037,532.4361999999998,108.16310100000001,1.9828338623046875
4,80,320,1,12,6000,12000,200,8881,13402.56380000002,509.30809999999997,94.78200100000005,2.0192768573760986
4,80,320,1,12,6000,12000,200,6634,14636.129899999996,552.3475000000001,112.79701181081082,2.1776559352874756
4,80,320,1,12,6000,12000,200,3097,14583.812300000014,544.9320000000002,120.71970099999999,1.7299189567565918
4,80,320,1,12,6000,12000,200,1211,13842.703200000009,522.1802999999999,90.199901,2.1729679107666016
4,80,320,1,12,6000,12000,200,1921,13215.14400000002,517.7080999999998,104.395719,2.105954885482788
4,80,320,1,12,6000,12000,200,2740,14808.410100000025,552.8234,90.09530127000002,2.7068560123443604
4,80,320,1,12,6000,12000,200,3306,13557.101300000018,515.3888000000001,91.43715099999999,2.132884979248047
4,80,320,1,12,6000,12000,200,4366,13784.791399999995,522.4340999999997,94.94880150761423,2.1282501220703125
4,80,320,1,12,6000,12000,200,5455,15670.583900000016,593.7725,125.35147425742575,2.363128185272217
4,80,320,1,12,6000,12000,200,9095,14364.432999999966,533.0229999999998,82.04416850000005,1.8679118156433105
4,80,320,1,12,6000,12000,200,8562,14956.826599999978,567.9788999999995,100.42550100000001,2.301165819168091
4,80,320,1,12,6000,12000,200,9815,12030.943800000005,459.9453999999997,90.82062465591399,2.056281089782715
4,80,320,1,12,6000,12000,200,1466,14565.097099999997,547.6146999999996,90.69739291919193,2.123516798019409
4,80,320,1,12,6000,12000,200,8480,13863.592200000025,517.8208000000002,112.74255317391301,1.8697011470794678
4,80,320,1,12,6000,12000,200,3792,15702.700599999986,599.0564000000007,84.70925173000005,2.079110860824585
4,80,320,1,12,6000,12000,200,4697,13780.53159999998,524.1074000000002,93.35040099999998,1.918715000152588
4,80,320,1,12,6000,12000,200,1565,13940.134399999986,536.0309999999994,88.502401,1.9327218532562256
4,80,320,1,12,6000,12000,200,5891,15654.73780000002,589.8733000000003,154.14846777540103,1.7617988586425781
4,80,320,1,12,6000,12000,200,8308,14046.778900000025,528.0086999999995,108.280801,1.8696160316467285
4,80,320,1,12,6000,12000,200,4257,14142.129600000013,529.151,88.771226,2.0579147338867188
4,80,320,1,12,6000,12000,200,5733,14885.88199999997,555.2397,119.29980100000003,2.022027015686035
4,80,320,1,12,6000,12000,200,2946,13882.097300000029,525.8938,86.39840212749999,2.157238006591797
4,80,320,1,12,6000,12000,200,1292,14071.406099999998,530.4497000000002,71.196986,2.2047581672668457
4,80,320,1,12,6000,12000,200,5439,14510.077700000014,550.5223000000004,104.14604545454547,2.458282947540283
4,80,320,1,12,6000,12000,200,1714,14066.112000000003,527.7818999999998,102.27206999999997,2.123674154281616
4,80,320,1,12,6000,12000,200,9200,15113.945800000036,564.1997999999999,111.80911818181818,2.205941677093506
4,80,320,1,12,6000,12000,200,5804,14257.215300000014,530.0402,119.09614369005851,2.006253957748413
4,80,320,1,12,6000,12000,200,3154,13714.843400000052,518.4689000000002,141.51866318487396,1.8628671169281006
4,80,320,1,12,6000,12000,200,2195,14210.600400000007,531.3736000000001,108.00370099999999,1.9568891525268555
4,80,320,1,12,6000,12000,200,3042,14697.518799999985,565.3994000000006,77.00160281500003,2.1745920181274414
4,80,320,1,12,6000,12000,200,9808,14443.19370000002,543.8757000000004,104.02780099999995,2.2880911827087402
4,80,320,1,12,6000,12000,200,5407,14146.699400000023,543.0961000000005,102.48950099999998,1.690194845199585
4,80,320,1,12,6000,12000,200,3782,15231.223300000005,577.3770000000001,114.54310100000001,2.183194875717163
4,80,320,1,12,6000,12000,200,5410,12150.969400000013,458.50609999999983,85.99912599999996,2.069575071334839
4,80,320,1,12,6000,12000,200,8428,15203.49499999999,577.5128999999997,96.05320100000002,2.083991050720215
4,80,320,1,12,6000,12000,200,7236,15205.561899999959,570.9382999999993,93.57009064110001,1.9514906406402588
4,80,320,1,12,6000,12000,200,2085,12356.065900000012,463.28530000000006,85.88230100000001,1.7406821250915527
4,80,320,1,12,6000,12000,200,2139,13805.368600000029,528.0530000000002,86.52904548,2.6027300357818604
4,80,320,1,12,6000,12000,200,6801,13607.406299999988,512.8702999999999,92.5480151842105,1.8021371364593506
4,80,320,1,12,6000,12000,200,6820,14949.751800000022,567.6247,102.58740100000001,2.327579975128174
4,80,320,1,12,6000,12000,200,3830,15279.300799999983,566.3367000000001,110.50341578999998,1.8629357814788818
4,80,320,1,12,6000,12000,200,7975,15147.644099999983,568.3946000000002,94.24270099999998,1.9307441711425781
4,80,320,1,12,6000,12000,200,3469,14627.229000000023,549.2986,94.19830300000001,1.8374779224395752
4,80,320,1,12,6000,12000,200,1454,12934.251599999992,487.46450000000016,72.23770584,1.9913899898529053
4,80,320,1,12,6000,12000,200,2573,13503.239499999989,503.582,83.34780212999999,1.8613131046295166
4,80,320,1,12,6000,12000,200,3931,13401.736199999985,513.3971999999998,90.91918402525252,2.2190258502960205
4,80,320,1,12,6000,12000,200,5445,14452.702600000004,541.0809000000003,94.67015518146943,1.9811251163482666
4,80,320,1,12,6000,12000,200,5745,14538.000399999977,556.6668999999994,120.15987870700634,1.9359450340270996
4,80,320,1,12,6000,12000,200,7167,15927.095899999991,598.3633,120.32540100000001,2.2828240394592285
4,80,320,1,12,6000,12000,200,7597,15960.532400000013,598.7473,114.35310099999997,2.197268009185791
4,80,320,1,12,6000,12000,200,7005,13235.836599999982,497.65560000000016,102.56960099999999,1.8234858512878418
4,80,320,1,12,6000,12000,200,3239,14792.733299999963,553.8433999999993,95.020701,1.9647982120513916
4,80,320,1,12,6000,12000,200,4331,14418.637300000004,547.0495999999988,92.152701,1.9657390117645264
4,80,320,1,12,6000,12000,200,5960,14258.943599999988,544.5348000000002,94.35270100000001,2.008244037628174
4,80,320,1,12,6000,12000,200,1284,14185.6952,532.4543999999996,146.07420200000004,2.1481270790100098
4,80,320,1,12,6000,12000,200,2402,15212.342300000018,577.3010999999998,108.21660100000001,2.029855966567993
4,80,320,1,12,6000,12000,200,8146,14595.006699999976,550.4113999999996,105.92016706508878,2.4033820629119873
4,80,320,1,12,6000,12000,200,1786,15293.89979999997,581.2259999999995,102.64730099999998,2.002429962158203
4,80,320,1,12,6000,12000,200,8911,15233.421599999998,577.6232000000003,99.058801,2.5238120555877686
4,80,320,1,12,6000,12000,200,7510,13770.000099999992,528.1561999999994,116.7569940196,1.5762138366699219
4,80,320,1,12,6000,12000,200,6556,14846.657200000012,566.5929000000006,116.14525500731625,1.710000991821289
4,80,320,1,12,6000,12000,200,5726,13760.253300000006,516.1269000000007,87.65770000000002,2.0419671535491943
4,80,320,1,12,6000,12000,200,2935,14435.183999999985,542.7272999999997,82.86487942,2.2412731647491455
4,80,320,1,12,6000,12000,200,7223,14930.69260000004,552.9627999999996,106.58600099999997,2.0668232440948486
4,80,320,1,12,6000,12000,200,1405,13664.648900000011,524.9420999999999,113.91170629100527,1.9053871631622314
4,80,320,1,12,6000,12000,200,6792,14196.706299999985,542.1204000000002,107.61060336842107,1.9341349601745605
4,80,320,1,12,6000,12000,200,7527,15622.951799999988,582.3097999999994,99.58801417858672,1.6549198627471924
4,80,320,1,12,6000,12000,200,3965,14351.887699999952,544.7555999999997,90.808268,2.020224094390869
4,80,320,1,12,6000,12000,200,9686,14475.97869999999,540.6080999999998,100.84450099999998,1.7859399318695068
4,80,320,1,12,6000,12000,200,2054,13574.291500000008,510.1559999999999,107.938301,2.0898821353912354
4,80,320,1,12,6000,12000,200,7502,13819.194599999983,525.7789999999998,90.55545235135135,2.0274901390075684
4,80,320,1,12,6000,12000,200,5872,13980.0041,531.3304999999998,93.28624752440001,1.9926750659942627
4,80,320,1,12,6000,12000,200,1751,14952.68169999999,554.4014000000001,99.55291666666668,2.0384960174560547
4,80,320,1,12,6000,12000,200,5095,13652.34120000002,512.7577000000002,98.85430100000004,1.99357271194458
4,80,320,1,12,6000,12000,200,8465,15949.9938,596.5622999999998,125.23078888888892,2.046950101852417
4,80,320,1,12,6000,12000,200,8504,15274.36650000001,576.2815000000002,93.74120099999999,2.1221675872802734
4,80,320,1,12,6000,12000,200,8819,13720.196199999973,505.6600999999999,96.80659726027399,2.0291929244995117
4,80,320,1,12,6000,12000,200,4921,13344.686500000018,508.0968999999999,108.59587599999995,1.9957342147827148
8,40,320,1,12,6000,12000,200,6347,14571.416100000013,542.0625999999997,105.79600099999999,1.8919811248779297
8,40,320,1,12,6000,12000,200,7536,14174.956100000034,521.9877000000001,103.95435982352942,2.191305160522461
8,40,320,1,12,6000,12000,200,4078,13745.58170000002,514.3740999999995,80.18740099999997,1.646578073501587
8,40,320,1,12,6000,12000,200,4726,15439.051399999984,584.9060999999998,111.2676525151515,2.0518431663513184
8,40,320,1,12,6000,12000,200,5978,14942.548700000021,561.4205000000002,89.65185099999998,2.212475061416626
8,40,320,1,12,6000,12000,200,8836,15843.481300000007,589.0416999999999,85.12929999999999,2.259661912918091
8,40,320,1,12,6000,12000,200,3380,14955.91550000002,564.0112999999997,96.00680940170942,2.0967020988464355
8,40,320,1,12,6000,12000,200,3669,14871.787299999987,556.2745999999999,90.71481962616824,1.8904139995574951
8,40,320,1,12,6000,12000,200,7882,14447.575400000012,540.1637999999999,104.13045511811025,2.1069600582122803
8,40,320,1,12,6000,12000,200,2503,12937.04940000002,491.2465,110.76800845341614,1.8472628593444824
8,40,320,1,12,6000,12000,200,5802,14802.25300000005,562.8900000000001,93.908377305,1.9995217323303223
8,40,320,1,12,6000,12000,200,6455,14915.710800000024,560.2762999999998,106.023501,2.2907609939575195
8,40,320,1,12,6000,12000,200,5608,15953.280099999984,609.3747000000004,108.757201,1.8747339248657227
8,40,320,1,12,6000,12000,200,8258,14932.468699999998,571.4703000000009,121.15683433333334,2.0366079807281494
8,40,320,1,12,6000,12000,200,7486,14668.737600000024,553.8191999999991,102.297901,2.090405225753784
8,40,320,1,12,6000,12000,200,1839,13506.096399999957,510.05779999999993,82.29897537631135,1.7263970375061035
8,40,320,1,12,6000,12000,200,3282,14332.662799999971,546.4883999999997,94.60640415999998,2.3659422397613525
8,40,320,1,12,6000,12000,200,3216,15470.78200000001,572.7717999999995,101.545301,2.257312059402466
8,40,320,1,12,6000,12000,200,9034,13954.812000000005,512.4017000000001,93.61420099999998,1.8199708461761475
8,40,320,1,12,6000,12000,200,7143,14076.314800000006,524.1692000000002,86.671801,1.8973350524902344
8,40,320,1,12,6000,12000,200,2446,15751.221800000028,589.1608000000001,83.03755100000001,2.0200130939483643
8,40,320,1,12,6000,12000,200,5924,14006.093900000034,532.4250000000002,99.539101,1.8821938037872314
8,40,320,1,12,6000,12000,200,8881,13402.553500000016,508.09219999999993,84.83515714285717,2.1624882221221924
8,40,320,1,12,6000,12000,200,6634,14636.121399999978,554.1916000000003,111.21406045945943,2.035891056060791
8,40,320,1,12,6000,12000,200,3097,14583.796000000004,544.9194999999997,110.21543396703292,1.6859698295593262
8,40,320,1,12,6000,12000,200,1211,13842.701200000005,522.3405000000002,90.89250099999997,2.3728299140930176
8,40,320,1,12,6000,12000,200,1921,13215.13950000002,517.8622999999999,82.604401,2.11751389503479
8,40,320,1,12,6000,12000,200,2740,14808.40780000003,553.5530000000003,81.96678999999997,2.5108461380004883
8,40,320,1,12,6000,12000,200,3306,13557.099000000018,515.7533999999999,92.89790099999998,1.9938178062438965
8,40,320,1,12,6000,12000,200,4366,13784.775699999995,523.3710000000004,92.86340100000001,2.2096500396728516
8,40,320,1,12,6000,12000,200,5455,15670.573900000009,593.6124000000007,124.27590990099007,2.5032551288604736
8,40,320,1,12,6000,12000,200,9095,14364.44189999998,531.1606000000003,93.224113065,1.9095559120178223
8,40,320,1,12,6000,12000,200,8562,14956.832899999976,567.7975999999996,96.035901,2.1762068271636963
8,40,320,1,12,6000,12000,200,9815,12030.947300000009,458.80609999999996,79.97621605376345,1.8521478176116943
8,40,320,1,12,6000,12000,200,1466,14565.098999999998,547.5173999999997,92.7029675,2.1907291412353516
8,40,320,1,12,6000,12000,200,8480,13863.595400000027,517.6822000000006,105.33360100000002,1.91463303565979
8,40,320,1,12,6000,12000,200,3792,15702.697300000003,598.4556000000007,85.38080000000002,2.053515911102295
8,40,320,1,12,6000,12000,200,4697,13780.532699999996,521.7940999999996,98.73558474576271,1.9819278717041016
8,40,320,1,12,6000,12000,200,1565,13940.11119999999,536.0315000000006,80.121501,1.9623639583587646
8,40,320,1,12,6000,12000,200,5891,15654.749300000025,592.3976000000008,126.464301,1.6582391262054443
8,40,320,1,12,6000,12000,200,8308,14046.796200000026,530.3548999999997,103.65700100000004,1.8489429950714111
8,40,320,1,12,6000,12000,200,4257,14142.114000000021,530.5776999999999,97.049601,2.441115140914917
8,40,320,1,12,6000,12000,200,5733,14885.887499999973,554.6288,108.24870100000003,1.819375991821289
8,40,320,1,12,6000,12000,200,2946,13882.085700000032,527.2157999999995,97.054301,2.164285898208618
8,40,320,1,12,6000,12000,200,1292,14071.412300000005,530.2057,70.045156,2.1726889610290527
8,40,320,1,12,6000,12000,200,5439,14510.087700000013,550.0426000000002,98.53530099999999,2.4221458435058594
8,40,320,1,12,6000,12000,200,1714,14066.104799999992,528.8895999999997,95.17870099999999,1.981705904006958
8,40,320,1,12,6000,12000,200,9200,15113.933500000036,564.4698999999995,105.19760099999996,2.147824764251709
8,40,320,1,12,6000,12000,200,5804,14257.217600000009,531.0583999999999,115.65642731578949,2.0251572132110596
8,40,320,1,12,6000,12000,200,3154,13714.84170000005,519.2104999999999,148.07770200000004,1.8286328315734863
8,40,320,1,12,6000,12000,200,2195,14210.575200000003,530.8983000000005,114.978001,1.9560139179229736
8,40,320,1,12,6000,12000,200,3042,14697.517499999994,565.2491000000001,81.53892498260737,2.267704725265503
8,40,320,1,12,6000,12000,200,9808,14482.500000000011,544.0465000000004,113.413301,2.281076192855835
8,40,320,1,12,6000,12000,200,5407,14146.692000000014,543.3257000000006,103.08515099999998,1.778898000717163
8,40,320,1,12,6000,12000,200,3782,15231.2064,578.8430000000001,103.44622161855669,2.2544848918914795
8,40,320,1,12,6000,12000,200,5410,12150.953100000006,459.1682000000002,88.49250099999999,2.0389440059661865
8,40,320,1,12,6000,12000,200,8428,15203.488899999988,577.7204999999992,100.51188380393364,2.124955892562866
8,40,320,1,12,6000,12000,200,7236,15205.556299999957,570.9960999999997,90.67915099999999,2.0172009468078613
8,40,320,1,12,6000,12000,200,2085,12356.06340000001,463.43550000000016,85.33986400000003,1.7785351276397705
8,40,320,1,12,6000,12000,200,2139,13805.36590000003,527.4960000000002,76.26540099999998,2.2361741065979004
8,40,320,1,12,6000,12000,200,6801,13607.405699999987,512.7979000000001,95.99128944221106,1.9438979625701904
8,40,320,1,12,6000,12000,200,6820,14949.741200000026,567.2087999999999,92.10710199999998,2.292403221130371
8,40,320,1,12,6000,12000,200,3830,15279.30259999998,567.4992000000004,95.208626,1.7376649379730225
8,40,320,1,12,6000,12000,200,7975,15147.646099999978,568.4592999999999,79.93143585499999,1.7515451908111572
8,40,320,1,12,6000,12000,200,3469,14627.225700000023,546.562,89.73790100000001,1.9339158535003662
8,40,320,1,12,6000,12000,200,1454,12934.236599999993,487.35510000000016,65.0233590909091,1.8987057209014893
8,40,320,1,12,6000,12000,200,2573,13503.241799999994,502.9703999999998,72.12290100000001,1.7999718189239502
8,40,320,1,12,6000,12000,200,3931,13401.726099999987,515.3838,94.276132510101,2.3493540287017822
8,40,320,1,12,6000,12000,200,5445,14452.705500000004,542.1691000000006,81.01082922073017,1.6826322078704834
8,40,320,1,12,6000,12000,200,5745,14537.974899999983,556.5621000000006,110.04500100000001,1.8602688312530518
8,40,320,1,12,6000,12000,200,7167,15927.0789,598.357,129.82182247239268,2.4004509449005127
8,40,320,1,12,6000,12000,200,7597,15960.544700000017,599.9923999999993,103.50165100000001,2.1797258853912354
8,40,320,1,12,6000,12000,200,7005,13235.83119999999,498.31620000000004,107.388301,1.878392219543457
8,40,320,1,12,6000,12000,200,3239,14792.722599999955,553.3806000000002,101.44110099999999,1.9751801490783691
8,40,320,1,12,6000,12000,200,4331,14418.626600000003,546.9766999999993,95.91580100000002,1.90932297706604
8,40,320,1,12,6000,12000,200,5960,14258.935899999988,545.1274000000002,93.90065100000001,2.049391031265259
8,40,320,1,12,6000,12000,200,1284,14185.71330000001,533.0240000000001,128.51040199999997,2.1925389766693115
8,40,320,1,12,6000,12000,200,2402,15212.356600000028,577.1467999999998,103.67000099999998,2.1505391597747803
8,40,320,1,12,6000,12000,200,8146,14595.006999999972,551.2247000000001,107.56240100000001,2.4694480895996094
8,40,320,1,12,6000,12000,200,1786,15293.893099999972,579.4431000000004,96.11645000000001,1.9300708770751953
8,40,320,1,12,6000,12000,200,8911,15233.436000000003,575.3116,90.85080100000002,2.4121389389038086
8,40,320,1,12,6000,12000,200,7510,13769.969799999993,527.7590999999999,102.63120099999999,1.5491318702697754
8,40,320,1,12,6000,12000,200,6556,14846.6534,564.4854000000007,121.40804120618556,1.724134922027588
8,40,320,1,12,6000,12000,200,5726,13760.251200000004,516.1744,79.38965,1.9337890148162842
8,40,320,1,12,6000,12000,200,2935,14435.181599999978,543.1988999999992,63.56069999999999,2.0407919883728027
8,40,320,1,12,6000,12000,200,7223,14930.686100000024,553.7034999999996,96.95705100000004,2.001762866973877
8,40,320,1,12,6000,12000,200,1405,13664.640700000014,522.0597999999999,103.869325984252,1.8462982177734375
8,40,320,1,12,6000,12000,200,6792,14196.691599999991,541.9963999999999,111.90276135000002,1.8719921112060547
8,40,320,1,12,6000,12000,200,7527,15622.937499999987,579.9005999999999,107.85950099999998,1.691932201385498
8,40,320,1,12,6000,12000,200,3965,14351.884099999968,544.4965000000002,85.993702,1.9666931629180908
8,40,320,1,12,6000,12000,200,9686,14475.986799999979,539.9481,88.79027699999997,1.810594081878662
8,40,320,1,12,6000,12000,200,2054,13574.291500000012,511.2475999999998,100.93390099999998,2.0084190368652344
8,40,320,1,12,6000,12000,200,7502,13819.18509999999,527.3614999999995,87.78830099999996,1.9471359252929688
8,40,320,1,12,6000,12000,200,5872,13980.010600000007,531.3331000000005,91.022601,1.9752650260925293
8,40,320,1,12,6000,12000,200,1751,14952.6722,553.4636999999997,101.17230099999998,2.0242528915405273
8,40,320,1,12,6000,12000,200,5095,13652.341400000028,512.4483000000001,107.2389998505747,2.0060999393463135
8,40,320,1,12,6000,12000,200,8465,15949.985100000018,595.4193000000004,108.41716845197739,2.0442328453063965
8,40,320,1,12,6000,12000,200,8504,15274.348400000023,576.1670999999998,96.20451599999998,2.1328577995300293
8,40,320,1,12,6000,12000,200,8819,13720.194799999965,506.39119999999986,88.11550303951368,1.9666926860809326
8,40,320,1,12,6000,12000,200,4921,13344.688500000024,508.5236,99.758151,2.005671739578247
