repository_bw,multiple_sfc_num,per_sfc_vnf_num,effective_total_vnf_num,vnf_type_min,vnf_type_max,vnf_image_size_min,vnf_image_size_max,datacenter_externalbw_min,datacenter_externalbw_max,host_bw_min,host_bw_max,seed,HEFT,DHEFT,NHEFT,time_sec
300,1,320,320,1,20,5000,7000,500,1000,1000,2000,6347,6517.111200000003,408.1906999999999,48.19528882655682,36.22152876853943
300,1,320,320,1,20,5000,7000,500,1000,1000,2000,7536,6189.075799999996,391.3262000000001,49.64161378185186,15.175352096557617
300,1,320,320,1,20,5000,7000,500,1000,1000,2000,4078,6318.050099999998,396.5906999999999,47.49421357444445,41.740882873535156
300,1,320,320,1,20,5000,7000,500,1000,1000,2000,4726,6529.9639000000025,409.79039999999975,53.64720199999998,26.53464388847351
300,1,320,320,1,20,5000,7000,500,1000,1000,2000,5978,6528.883300000001,409.7817999999997,51.05283218666668,55.0395929813385
300,1,320,320,1,20,5000,7000,500,1000,1000,2000,8836,6632.7567000000045,416.7745,48.10493614039916,32.379297733306885
300,1,320,320,1,20,5000,7000,500,1000,1000,2000,3380,6571.016599999995,413.20470000000034,49.274434333333325,10.434583902359009
300,1,320,320,1,20,5000,7000,500,1000,1000,2000,3669,6370.813900000011,403.03780000000006,50.22669158711312,29.628486156463623
300,1,320,320,1,20,5000,7000,500,1000,1000,2000,7882,6466.0029,406.4044,47.961168666666666,46.42446780204773
300,1,320,320,1,20,5000,7000,500,1000,1000,2000,2503,6309.499600000003,397.2777,52.80052144444445,25.359395027160645
300,1,320,320,1,20,5000,7000,500,1000,1000,2000,5802,6563.533699999997,410.4844000000002,46.60836400000001,37.474859952926636
300,1,320,320,1,20,5000,7000,500,1000,1000,2000,6455,6485.685100000005,406.6273000000001,48.475931983102925,9.484038829803467
300,1,320,320,1,20,5000,7000,500,1000,1000,2000,5608,6599.566799999996,415.67440000000016,49.57338933333332,12.486416816711426
300,1,320,320,1,20,5000,7000,500,1000,1000,2000,8258,6427.411300000009,403.08700000000005,53.092497720420816,41.48854088783264
300,1,320,320,1,20,5000,7000,500,1000,1000,2000,7486,6424.579999999987,406.7396,51.88176614555556,75.46655893325806
300,1,320,320,1,20,5000,7000,500,1000,1000,2000,1839,6399.826399999995,401.67690000000005,45.575135863333344,60.72970485687256
300,1,320,320,1,20,5000,7000,500,1000,1000,2000,3282,6327.5802,397.2347000000001,45.171573099999996,20.268431663513184
300,1,320,320,1,20,5000,7000,500,1000,1000,2000,3216,6391.860900000004,399.94100000000003,51.516568033670374,13.665112972259521
300,1,320,320,1,20,5000,7000,500,1000,1000,2000,9034,6319.763099999991,395.84799999999973,46.982702092970534,7.734165906906128
300,1,320,320,1,20,5000,7000,500,1000,1000,2000,7143,6222.428699999992,389.5545000000001,44.525701000000005,14.813400030136108
300,1,320,320,1,20,5000,7000,500,1000,1000,2000,2446,6514.520899999995,412.19069999999994,42.9145358066667,25.33983302116394
300,1,320,320,1,20,5000,7000,500,1000,1000,2000,5924,6350.970300000002,400.90799999999996,51.068385679768184,11.366070985794067
300,1,320,320,1,20,5000,7000,500,1000,1000,2000,8881,6192.086200000017,386.9158,45.04426766666666,12.311963319778442
300,1,320,320,1,20,5000,7000,500,1000,1000,2000,6634,6164.027200000001,386.5839999999999,49.433467666666694,27.91618013381958
300,1,320,320,1,20,5000,7000,500,1000,1000,2000,3097,6256.913499999997,392.47119999999995,50.41324203203716,31.58805203437805
300,1,320,320,1,20,5000,7000,500,1000,1000,2000,1211,6149.854800000002,381.8524999999999,44.80731866666667,22.345786094665527
300,1,320,320,1,20,5000,7000,500,1000,1000,2000,1921,6350.694199999995,401.4408999999999,46.63520200000001,5.519574880599976
300,1,320,320,1,20,5000,7000,500,1000,1000,2000,2740,6518.526299999996,406.1329999999999,49.12434805777777,33.57334303855896
300,1,320,320,1,20,5000,7000,500,1000,1000,2000,3306,6356.54550000001,400.1689000000002,47.62186766666668,9.72422981262207
300,1,320,320,1,20,5000,7000,500,1000,1000,2000,4366,6346.144399999993,402.4839999999995,49.5168851713179,9.79258918762207
300,2,160,320,1,20,5000,7000,500,1000,1000,2000,6347,6517.106200000005,408.4249,49.22470238494815,3.714946985244751
300,2,160,320,1,20,5000,7000,500,1000,1000,2000,7536,6189.072799999999,391.3365,46.623725495769165,3.874425172805786
300,2,160,320,1,20,5000,7000,500,1000,1000,2000,4078,6318.047199999999,396.56460000000004,44.13810246666668,6.273696660995483
300,2,160,320,1,20,5000,7000,500,1000,1000,2000,4726,6529.9716000000035,410.16819999999984,50.58434098802722,4.3714599609375
300,2,160,320,1,20,5000,7000,500,1000,1000,2000,5978,6528.897799999995,409.60010000000005,47.095502999999994,4.533915042877197
300,2,160,320,1,20,5000,7000,500,1000,1000,2000,8836,6632.744600000004,418.0320999999998,46.476154444444454,4.528397083282471
300,2,160,320,1,20,5000,7000,500,1000,1000,2000,3380,6570.998099999992,413.0239000000003,47.93963433333333,4.339332103729248
300,2,160,320,1,20,5000,7000,500,1000,1000,2000,3669,6370.8204000000105,402.47710000000006,43.97687380370371,4.287468910217285
300,2,160,320,1,20,5000,7000,500,1000,1000,2000,7882,6465.995399999997,406.35720000000003,47.26618511333336,4.7667670249938965
300,2,160,320,1,20,5000,7000,500,1000,1000,2000,2503,6309.483100000006,398.9926999999998,48.95796766666667,3.371429920196533
300,2,160,320,1,20,5000,7000,500,1000,1000,2000,5802,6563.525100000004,411.2560000000001,44.957502999999996,4.695832967758179
300,2,160,320,1,20,5000,7000,500,1000,1000,2000,6455,6485.6883000000125,406.03769999999986,47.11344033333334,4.499701023101807
300,2,160,320,1,20,5000,7000,500,1000,1000,2000,5608,6599.563599999998,416.7648999999997,50.38696766666668,5.000595331192017
300,2,160,320,1,20,5000,7000,500,1000,1000,2000,8258,6427.405000000008,403.7788000000001,50.903136202962976,4.439150094985962
300,2,160,320,1,20,5000,7000,500,1000,1000,2000,7486,6424.573299999993,407.8172000000002,47.567321067066395,5.096497058868408
300,2,160,320,1,20,5000,7000,500,1000,1000,2000,1839,6399.802000000001,402.45379999999983,47.19668433333335,4.3893890380859375
300,2,160,320,1,20,5000,7000,500,1000,1000,2000,3282,6327.573200000007,397.2482000000001,44.4835264237705,5.912955045700073
300,2,160,320,1,20,5000,7000,500,1000,1000,2000,3216,6391.847200000006,399.8247,46.85380902592592,4.960783243179321
300,2,160,320,1,20,5000,7000,500,1000,1000,2000,9034,6319.76069999999,395.4171999999997,46.11976966666668,3.4748988151550293
300,2,160,320,1,20,5000,7000,500,1000,1000,2000,7143,6222.42019999999,389.1978000000001,41.47186766666666,4.83209490776062
300,2,160,320,1,20,5000,7000,500,1000,1000,2000,2446,6514.500699999993,409.1875999999998,43.13740099999998,4.19989800453186
300,2,160,320,1,20,5000,7000,500,1000,1000,2000,5924,6350.9933,400.62449999999995,46.791700999999996,3.8399550914764404
300,2,160,320,1,20,5000,7000,500,1000,1000,2000,8881,6192.0727000000115,386.90889999999996,48.349906813092254,6.3712451457977295
300,2,160,320,1,20,5000,7000,500,1000,1000,2000,6634,6164.0379,387.7563000000004,48.493782912222215,4.698704957962036
300,2,160,320,1,20,5000,7000,500,1000,1000,2000,3097,6256.9257000000025,393.6954,49.46220529629631,3.926676034927368
300,2,160,320,1,20,5000,7000,500,1000,1000,2000,1211,6149.8432,382.1992000000001,40.116867666666664,4.010119915008545
300,2,160,320,1,20,5000,7000,500,1000,1000,2000,1921,6350.7098,400.9093,42.04252671333335,4.202506065368652
300,2,160,320,1,20,5000,7000,500,1000,1000,2000,2740,6518.517599999995,406.7234999999999,47.225535333333326,5.506504058837891
300,2,160,320,1,20,5000,7000,500,1000,1000,2000,3306,6356.5197000000035,399.55389999999994,47.65949333999999,4.576541185379028
300,2,160,320,1,20,5000,7000,500,1000,1000,2000,4366,6346.131899999996,400.8623999999999,45.454667666666666,3.8121397495269775
300,4,80,320,1,20,5000,7000,500,1000,1000,2000,6347,6517.106500000008,408.9184999999997,47.437600608793,3.4351158142089844
300,4,80,320,1,20,5000,7000,500,1000,1000,2000,7536,6189.0678,392.49260000000004,44.59483433333334,4.6462790966033936
300,4,80,320,1,20,5000,7000,500,1000,1000,2000,4078,6318.035099999991,397.1131000000001,44.13814935931659,3.1948258876800537
300,4,80,320,1,20,5000,7000,500,1000,1000,2000,4726,6529.943000000003,409.8896000000001,46.83608340666665,3.7660939693450928
300,4,80,320,1,20,5000,7000,500,1000,1000,2000,5978,6528.895299999998,408.01679999999993,42.636667666666675,4.190932989120483
300,4,80,320,1,20,5000,7000,500,1000,1000,2000,8836,6632.736600000004,416.5199,45.57400911613333,4.009616851806641
300,4,80,320,1,20,5000,7000,500,1000,1000,2000,3380,6571.013599999989,414.17980000000017,42.80806866666668,3.722939968109131
300,4,80,320,1,20,5000,7000,500,1000,1000,2000,3669,6370.789600000006,402.04029999999983,40.656178229681466,3.4150869846343994
300,4,80,320,1,20,5000,7000,500,1000,1000,2000,7882,6465.990899999999,406.14540000000005,45.10014555555555,3.682743787765503
300,4,80,320,1,20,5000,7000,500,1000,1000,2000,2503,6309.495200000004,397.7068999999998,47.30133666666668,2.8682618141174316
300,4,80,320,1,20,5000,7000,500,1000,1000,2000,5802,6563.529800000001,410.35609999999974,43.74733733333333,3.99448299407959
300,4,80,320,1,20,5000,7000,500,1000,1000,2000,6455,6485.68420000001,407.53869999999995,45.28913396222221,3.8422889709472656
300,4,80,320,1,20,5000,7000,500,1000,1000,2000,5608,6599.558699999999,415.6124000000001,47.444915,3.7903780937194824
300,4,80,320,1,20,5000,7000,500,1000,1000,2000,8258,6427.396100000008,404.3650999999999,50.15810050187265,4.287350177764893
300,4,80,320,1,20,5000,7000,500,1000,1000,2000,7486,6424.564799999994,405.64780000000013,45.20952362962963,3.57598614692688
300,4,80,320,1,20,5000,7000,500,1000,1000,2000,1839,6399.806399999997,402.45249999999993,43.19581963140741,3.66454815864563
300,4,80,320,1,20,5000,7000,500,1000,1000,2000,3282,6327.5693999999985,397.05379999999997,44.71658338333332,4.433236122131348
300,4,80,320,1,20,5000,7000,500,1000,1000,2000,3216,6391.8502,399.7714000000001,43.96453699666665,4.327445030212402
300,4,80,320,1,20,5000,7000,500,1000,1000,2000,9034,6319.748499999997,395.57419999999996,42.974514444444445,3.3432302474975586
300,4,80,320,1,20,5000,7000,500,1000,1000,2000,7143,6222.41949999999,390.82640000000015,41.442673925925924,3.3430190086364746
300,4,80,320,1,20,5000,7000,500,1000,1000,2000,2446,6514.49789999999,409.55569999999983,41.871624695555546,3.9513468742370605
300,4,80,320,1,20,5000,7000,500,1000,1000,2000,5924,6350.970300000005,402.3343000000001,44.19593433333333,3.50384521484375
300,4,80,320,1,20,5000,7000,500,1000,1000,2000,8881,6192.074100000014,387.8907999999999,43.252401000000006,3.5162899494171143
300,4,80,320,1,20,5000,7000,500,1000,1000,2000,6634,6164.0288000000055,387.5689000000001,43.26983703703705,3.798365354537964
300,4,80,320,1,20,5000,7000,500,1000,1000,2000,3097,6256.9216000000015,393.44999999999993,43.011271421052626,3.195028066635132
300,4,80,320,1,20,5000,7000,500,1000,1000,2000,1211,6149.846299999998,381.4941999999999,40.293961027499996,3.656912088394165
300,4,80,320,1,20,5000,7000,500,1000,1000,2000,1921,6350.699299999998,401.0011999999997,42.097601000000004,3.3632988929748535
300,4,80,320,1,20,5000,7000,500,1000,1000,2000,2740,6518.507999999999,405.7034000000001,45.27253533333333,4.592315912246704
300,4,80,320,1,20,5000,7000,500,1000,1000,2000,3306,6356.520000000002,400.5147000000001,46.096067666666656,3.810765027999878
300,4,80,320,1,20,5000,7000,500,1000,1000,2000,4366,6346.129799999999,400.12409999999994,44.99336866666667,3.815023899078369
300,8,40,320,1,20,5000,7000,500,1000,1000,2000,6347,6517.095300000006,408.45609999999994,43.43248197854814,3.2535459995269775
300,8,40,320,1,20,5000,7000,500,1000,1000,2000,7536,6248.1218,391.11049999999994,41.17720099999999,3.8129990100860596
300,8,40,320,1,20,5000,7000,500,1000,1000,2000,4078,6318.037399999996,399.2820999999998,42.395303,3.6630189418792725
300,8,40,320,1,20,5000,7000,500,1000,1000,2000,4726,6529.952800000006,410.745,46.645535333333314,3.8572702407836914
300,8,40,320,1,20,5000,7000,500,1000,1000,2000,5978,6528.865699999995,408.8192999999997,44.73743559333333,3.8172810077667236
300,8,40,320,1,20,5000,7000,500,1000,1000,2000,8836,6632.731800000003,416.0323000000001,41.669367666666666,4.218086004257202
300,8,40,320,1,20,5000,7000,500,1000,1000,2000,3380,6570.999199999997,413.01529999999997,43.16933433333334,3.4064130783081055
300,8,40,320,1,20,5000,7000,500,1000,1000,2000,3669,6370.789200000007,403.3030000000002,40.14726766666667,2.9663381576538086
300,8,40,320,1,20,5000,7000,500,1000,1000,2000,7882,6465.988499999998,405.9044999999999,43.58496766666667,3.436774969100952
300,8,40,320,1,20,5000,7000,500,1000,1000,2000,2503,6309.487000000003,398.34340000000003,48.22909452053332,3.413879156112671
300,8,40,320,1,20,5000,7000,500,1000,1000,2000,5802,6563.526500000001,409.8321,40.17853566666667,3.1818909645080566
300,8,40,320,1,20,5000,7000,500,1000,1000,2000,6455,6485.693400000004,406.4,43.125667836666665,3.7357282638549805
300,8,40,320,1,20,5000,7000,500,1000,1000,2000,5608,6599.562999999999,416.38989999999984,47.34712239555556,3.0780131816864014
300,8,40,320,1,20,5000,7000,500,1000,1000,2000,8258,6427.391700000006,403.11609999999996,45.81181556444445,3.815403938293457
300,8,40,320,1,20,5000,7000,500,1000,1000,2000,7486,6424.5691999999935,406.00879999999984,43.649668666666656,3.4999239444732666
300,8,40,320,1,20,5000,7000,500,1000,1000,2000,1839,6399.792399999995,402.6034999999999,41.968008219359255,3.49765682220459
300,8,40,320,1,20,5000,7000,500,1000,1000,2000,3282,6327.568499999991,398.03980000000007,43.936403,4.023221969604492
300,8,40,320,1,20,5000,7000,500,1000,1000,2000,3216,6391.840499999998,399.5775000000001,42.626967666666665,3.9313950538635254
300,8,40,320,1,20,5000,7000,500,1000,1000,2000,9034,6319.745799999998,396.68809999999996,40.20132995306667,3.0974483489990234
300,8,40,320,1,20,5000,7000,500,1000,1000,2000,7143,6222.414999999992,391.0721999999998,40.985976433333335,3.4074079990386963
300,8,40,320,1,20,5000,7000,500,1000,1000,2000,2446,6514.504499999996,410.99030000000005,41.965201,3.998995304107666
300,8,40,320,1,20,5000,7000,500,1000,1000,2000,5924,6350.9887,402.57040000000006,43.237280111111104,3.4236838817596436
300,8,40,320,1,20,5000,7000,500,1000,1000,2000,8881,6192.063800000013,387.53499999999974,43.98676766666668,3.5712661743164062
300,8,40,320,1,20,5000,7000,500,1000,1000,2000,6634,6164.021100000007,387.2714000000001,47.80851192320551,3.5404269695281982
300,8,40,320,1,20,5000,7000,500,1000,1000,2000,3097,6256.908700000006,393.3687000000001,44.654036333333316,3.010962963104248
300,8,40,320,1,20,5000,7000,500,1000,1000,2000,1211,6149.844300000002,382.2196999999998,39.79908143037038,3.382199764251709
300,8,40,320,1,20,5000,7000,500,1000,1000,2000,1921,6350.694799999995,400.9883000000003,44.111369666666675,3.3269340991973877
300,8,40,320,1,20,5000,7000,500,1000,1000,2000,2740,6518.505699999998,406.2600999999998,42.21586866666667,3.9144630432128906
300,8,40,320,1,20,5000,7000,500,1000,1000,2000,3306,6356.517700000002,400.48840000000007,44.34356766666667,2.9083070755004883
300,8,40,320,1,20,5000,7000,500,1000,1000,2000,4366,6346.114099999994,401.58489999999944,42.44440099999999,3.2859151363372803
600,1,320,320,1,20,5000,7000,500,1000,1000,2000,6347,3258.577800000003,204.71410000000006,39.06316813545816,22.762768030166626
600,1,320,320,1,20,5000,7000,500,1000,1000,2000,7536,3094.5655999999985,196.33800000000002,37.37410199999998,9.331655979156494
600,1,320,320,1,20,5000,7000,500,1000,1000,2000,4078,3159.0487000000026,199.58589999999995,34.88588213553643,23.590094804763794
600,1,320,320,1,20,5000,7000,500,1000,1000,2000,4726,3265.0067999999987,207.94469999999995,36.47120199999999,17.440656900405884
600,1,320,320,1,20,5000,7000,500,1000,1000,2000,5978,3264.4643000000046,207.14360000000013,39.91585900000001,33.07161903381348
600,1,320,320,1,20,5000,7000,500,1000,1000,2000,8836,3316.4107000000013,209.30120000000008,33.03563905138766,15.877924680709839
600,1,320,320,1,20,5000,7000,500,1000,1000,2000,3380,3285.534199999997,207.65650000000008,37.60470199999999,5.4287378787994385
600,1,320,320,1,20,5000,7000,500,1000,1000,2000,3669,3185.4351000000006,202.65229999999997,36.31985699797754,15.22477388381958
600,1,320,320,1,20,5000,7000,500,1000,1000,2000,7882,3233.0338999999967,204.39210000000008,33.31616766666668,24.836814880371094
600,1,320,320,1,20,5000,7000,500,1000,1000,2000,2503,3154.769400000004,199.58090000000016,44.913716888888914,14.745517015457153
600,1,320,320,1,20,5000,7000,500,1000,1000,2000,5802,3281.804799999994,206.33270000000002,35.5413031311,23.313209056854248
600,1,320,320,1,20,5000,7000,500,1000,1000,2000,6455,3242.864899999997,204.61750000000004,33.77001224000001,5.789567947387695
600,1,320,320,1,20,5000,7000,500,1000,1000,2000,5608,3299.8118,212.1068,36.03123874582223,6.9570698738098145
600,1,320,320,1,20,5000,7000,500,1000,1000,2000,8258,3213.736000000007,202.76580000000007,38.27309360700391,24.8334481716156
600,1,320,320,1,20,5000,7000,500,1000,1000,2000,7486,3212.311799999995,205.23940000000007,35.22073426310247,50.42653203010559
600,1,320,320,1,20,5000,7000,500,1000,1000,2000,1839,3199.9443999999944,201.64170000000004,33.14037207277777,39.423925161361694
600,1,320,320,1,20,5000,7000,500,1000,1000,2000,3282,3163.8138000000067,199.26149999999993,32.57083533333333,14.574424266815186
600,1,320,320,1,20,5000,7000,500,1000,1000,2000,3216,3195.9585000000056,201.56649999999993,34.490607008347226,9.25141191482544
600,1,320,320,1,20,5000,7000,500,1000,1000,2000,9034,3159.9098999999983,198.8874999999998,33.28038304535147,5.809603214263916
600,1,320,320,1,20,5000,7000,500,1000,1000,2000,7143,3111.244900000004,198.41240000000002,31.2403324183124,10.538114070892334
600,1,320,320,1,20,5000,7000,500,1000,1000,2000,2446,3257.2904999999964,209.43750000000006,29.285135447098973,17.140613079071045
600,1,320,320,1,20,5000,7000,500,1000,1000,2000,5924,3175.4957000000004,201.24320000000003,36.73171335525323,7.3821399211883545
600,1,320,320,1,20,5000,7000,500,1000,1000,2000,8881,3096.070600000003,194.74939999999995,34.69546746296298,8.128385066986084
600,1,320,320,1,20,5000,7000,500,1000,1000,2000,6634,3082.0353999999957,194.13260000000008,37.98529707876231,20.028457164764404
600,1,320,320,1,20,5000,7000,500,1000,1000,2000,3097,3128.4703000000018,197.21279999999996,38.31446866666667,26.505815982818604
600,1,320,320,1,20,5000,7000,500,1000,1000,2000,1211,3074.948600000001,191.56589999999997,29.651357555555556,19.195736169815063
600,1,320,320,1,20,5000,7000,500,1000,1000,2000,1921,3175.363599999997,202.48949999999994,31.20566140888889,4.360567092895508
600,1,320,320,1,20,5000,7000,500,1000,1000,2000,2740,3259.295499999995,203.9765999999999,36.246568666666654,30.072049856185913
600,1,320,320,1,20,5000,7000,500,1000,1000,2000,3306,3178.298100000006,201.1903000000001,36.623917166666665,8.774455070495605
600,1,320,320,1,20,5000,7000,500,1000,1000,2000,4366,3173.1025999999974,203.6091999999999,35.66788244642857,7.531506061553955
600,2,160,320,1,20,5000,7000,500,1000,1000,2000,6347,3258.5728000000004,204.94830000000005,35.23173533333334,3.4846150875091553
600,2,160,320,1,20,5000,7000,500,1000,1000,2000,7536,3094.562600000001,196.34829999999997,34.09528309028961,4.038520812988281
600,2,160,320,1,20,5000,7000,500,1000,1000,2000,4078,3159.045800000001,199.5598,31.26535636385506,5.287237882614136
600,2,160,320,1,20,5000,7000,500,1000,1000,2000,4726,3265.0162999999993,207.78619999999995,37.295045995464854,3.837402105331421
600,2,160,320,1,20,5000,7000,500,1000,1000,2000,5978,3264.4788000000003,206.96189999999996,35.33911873666667,3.665719747543335
600,2,160,320,1,20,5000,7000,500,1000,1000,2000,8836,3316.3986,210.5555,30.8090558565921,3.863071918487549
600,2,160,320,1,20,5000,7000,500,1000,1000,2000,3380,3285.515699999998,207.47569999999993,33.85408266592592,3.69229793548584
600,2,160,320,1,20,5000,7000,500,1000,1000,2000,3669,3185.4416000000006,202.3798,33.065258839689626,3.7018051147460938
600,2,160,320,1,20,5000,7000,500,1000,1000,2000,7882,3233.025499999998,204.34839999999997,29.4987478164794,4.366447925567627
600,2,160,320,1,20,5000,7000,500,1000,1000,2000,2503,3154.752900000007,201.29589999999993,37.56313633333334,2.7994792461395264
600,2,160,320,1,20,5000,7000,500,1000,1000,2000,5802,3281.7920999999965,207.71079999999986,29.83694479166667,3.8465499877929688
600,2,160,320,1,20,5000,7000,500,1000,1000,2000,6455,3242.8680999999965,204.02790000000005,32.475004965930864,3.6436920166015625
600,2,160,320,1,20,5000,7000,500,1000,1000,2000,5608,3299.8081999999995,212.97,34.448568666666674,4.033200025558472
600,2,160,320,1,20,5000,7000,500,1000,1000,2000,8258,3213.728500000005,203.4246,34.072102,3.924736976623535
600,2,160,320,1,20,5000,7000,500,1000,1000,2000,7486,3212.3050999999964,206.31700000000015,35.06029985648149,4.436763763427734
600,2,160,320,1,20,5000,7000,500,1000,1000,2000,1839,3199.9199999999983,202.41860000000005,31.170451076646682,3.6039340496063232
600,2,160,320,1,20,5000,7000,500,1000,1000,2000,3282,3163.8068000000058,199.275,33.21022251440233,4.952434301376343
600,2,160,320,1,20,5000,7000,500,1000,1000,2000,3216,3195.943000000007,201.44840000000002,34.314402,3.897725820541382
600,2,160,320,1,20,5000,7000,500,1000,1000,2000,9034,3159.907499999999,198.74399999999997,31.490951735449734,2.310929298400879
600,2,160,320,1,20,5000,7000,500,1000,1000,2000,7143,3111.234800000002,197.81619999999995,30.596558445315566,2.9432008266448975
600,2,160,320,1,20,5000,7000,500,1000,1000,2000,2446,3257.2702999999983,206.43439999999998,31.495368139629637,2.636399030685425
600,2,160,320,1,20,5000,7000,500,1000,1000,2000,5924,3175.5186999999996,200.95599999999996,33.524068666666665,2.7412097454071045
600,2,160,320,1,20,5000,7000,500,1000,1000,2000,8881,3096.057100000002,194.74250000000004,34.63620200000001,4.06885290145874
600,2,160,320,1,20,5000,7000,500,1000,1000,2000,6634,3082.046099999998,195.30489999999998,34.73516866666667,3.5652599334716797
600,2,160,320,1,20,5000,7000,500,1000,1000,2000,3097,3128.482500000003,198.4357,36.40547028922051,2.98036789894104
600,2,160,320,1,20,5000,7000,500,1000,1000,2000,1211,3074.9369999999994,191.91250000000008,28.601135677873845,2.8882901668548584
600,2,160,320,1,20,5000,7000,500,1000,1000,2000,1921,3175.3791999999967,201.95789999999997,31.630410666666663,2.648153781890869
600,2,160,320,1,20,5000,7000,500,1000,1000,2000,2740,3259.2867999999976,204.56710000000004,29.545302,3.7222280502319336
600,2,160,320,1,20,5000,7000,500,1000,1000,2000,3306,3178.2723000000046,200.5753,36.48076866666666,3.4637749195098877
600,2,160,320,1,20,5000,7000,500,1000,1000,2000,4366,3173.090099999997,202.00179999999997,31.120997333333328,3.4672939777374268
600,4,80,320,1,20,5000,7000,500,1000,1000,2000,6347,3258.5731000000014,205.4419000000001,32.89050200000001,2.2827229499816895
600,4,80,320,1,20,5000,7000,500,1000,1000,2000,7536,3094.5576000000015,197.50439999999992,33.99676213628619,2.638374090194702
600,4,80,320,1,20,5000,7000,500,1000,1000,2000,4078,3159.033700000002,200.10829999999993,31.243090152685188,2.277289867401123
600,4,80,320,1,20,5000,7000,500,1000,1000,2000,4726,3264.9809000000014,207.36480000000003,33.49476833333334,2.5263209342956543
600,4,80,320,1,20,5000,7000,500,1000,1000,2000,5978,3264.4763000000025,205.37860000000012,32.99956866666667,2.5407469272613525
600,4,80,320,1,20,5000,7000,500,1000,1000,2000,8836,3316.390600000001,209.04330000000004,30.911138969711782,3.1769208908081055
600,4,80,320,1,20,5000,7000,500,1000,1000,2000,3380,3285.531199999997,208.63160000000002,32.18375106796116,2.616102933883667
600,4,80,320,1,20,5000,7000,500,1000,1000,2000,3669,3185.4108000000015,201.86169999999998,27.32079693495935,2.347160816192627
600,4,80,320,1,20,5000,7000,500,1000,1000,2000,7882,3233.0203999999962,204.10210000000004,33.596302,2.5178279876708984
600,4,80,320,1,20,5000,7000,500,1000,1000,2000,2503,3154.765000000003,200.01010000000028,36.72625857575758,2.1759331226348877
600,4,80,320,1,20,5000,7000,500,1000,1000,2000,5802,3281.799099999996,207.64200000000008,29.329338274814823,2.235326051712036
600,4,80,320,1,20,5000,7000,500,1000,1000,2000,6455,3242.8639999999996,205.5289,31.565623394830485,3.196491003036499
600,4,80,320,1,20,5000,7000,500,1000,1000,2000,5608,3299.8026999999993,212.6386,34.046202,2.601987838745117
600,4,80,320,1,20,5000,7000,500,1000,1000,2000,8258,3213.71790000001,203.49370000000013,30.988027291828793,2.366215944290161
600,4,80,320,1,20,5000,7000,500,1000,1000,2000,7486,3212.2965999999965,204.14759999999987,27.783280104477615,2.657627820968628
600,4,80,320,1,20,5000,7000,500,1000,1000,2000,1839,3199.924399999998,202.41729999999995,31.544480994613544,2.1144280433654785
600,4,80,320,1,20,5000,7000,500,1000,1000,2000,3282,3163.803000000007,199.0806,31.33303101851851,2.7147018909454346
600,4,80,320,1,20,5000,7000,500,1000,1000,2000,3216,3195.9463000000032,201.1349,29.78087512186978,2.584368944168091
600,4,80,320,1,20,5000,7000,500,1000,1000,2000,9034,3159.8949999999977,198.83980000000008,31.109102,2.3178319931030273
600,4,80,320,1,20,5000,7000,500,1000,1000,2000,7143,3111.234000000002,198.27499999999995,26.867317666666672,2.291741132736206
600,4,80,320,1,20,5000,7000,500,1000,1000,2000,2446,3257.267499999993,206.80250000000004,29.08124668111111,2.5962321758270264
600,4,80,320,1,20,5000,7000,500,1000,1000,2000,5924,3175.4956999999995,202.66950000000006,34.134502,2.3165841102600098
600,4,80,320,1,20,5000,7000,500,1000,1000,2000,8881,3096.0585000000033,195.72439999999992,30.04725025407408,2.7753970623016357
600,4,80,320,1,20,5000,7000,500,1000,1000,2000,6634,3082.036999999997,195.11749999999992,31.475168666666665,3.147414207458496
600,4,80,320,1,20,5000,7000,500,1000,1000,2000,3097,3128.4784000000022,198.19159999999994,33.098523208333326,2.069088935852051
600,4,80,320,1,20,5000,7000,500,1000,1000,2000,1211,3074.9400999999984,191.20759999999993,25.619260814814815,2.4607770442962646
600,4,80,320,1,20,5000,7000,500,1000,1000,2000,1921,3175.3686999999973,202.07750000000004,30.406965370370376,2.63987398147583
600,4,80,320,1,20,5000,7000,500,1000,1000,2000,2740,3259.2771999999977,203.547,29.45646585281385,2.9722530841827393
600,4,80,320,1,20,5000,7000,500,1000,1000,2000,3306,3178.272600000003,201.5360999999999,32.7018505,2.4316468238830566
600,4,80,320,1,20,5000,7000,500,1000,1000,2000,4366,3173.088,201.24929999999995,31.83586133342292,2.7005419731140137
600,8,40,320,1,20,5000,7000,500,1000,1000,2000,6347,3258.5619000000015,204.9795000000001,31.64031943893334,2.155583143234253
600,8,40,320,1,20,5000,7000,500,1000,1000,2000,7536,3124.080400000002,196.12230000000008,30.697391948892683,2.5751547813415527
600,8,40,320,1,20,5000,7000,500,1000,1000,2000,4078,3159.036000000002,202.2773,28.876619370370364,2.1568710803985596
600,8,40,320,1,20,5000,7000,500,1000,1000,2000,4726,3264.9930000000013,209.31420000000003,32.76806866666666,2.6209287643432617
600,8,40,320,1,20,5000,7000,500,1000,1000,2000,5978,3264.446700000003,206.18110000000001,31.478594833333332,2.5588488578796387
600,8,40,320,1,20,5000,7000,500,1000,1000,2000,8836,3316.385799999999,208.54930000000002,28.023536555555555,2.6618738174438477
600,8,40,320,1,20,5000,7000,500,1000,1000,2000,3380,3285.5167999999994,207.46710000000002,30.42481809329352,2.6627449989318848
600,8,40,320,1,20,5000,7000,500,1000,1000,2000,3669,3185.4104000000016,203.12439999999987,26.6461292037037,2.20538592338562
600,8,40,320,1,20,5000,7000,500,1000,1000,2000,7882,3233.017699999997,203.8349999999999,30.358935333333346,2.0892481803894043
600,8,40,320,1,20,5000,7000,500,1000,1000,2000,2503,3154.756800000002,200.64660000000003,35.247435333333335,1.9509930610656738
600,8,40,320,1,20,5000,7000,500,1000,1000,2000,5802,3281.794199999995,205.9322999999999,27.109015041666662,1.9329187870025635
600,8,40,320,1,20,5000,7000,500,1000,1000,2000,6455,3242.8731999999995,204.3902,27.444242296296295,2.295783281326294
600,8,40,320,1,20,5000,7000,500,1000,1000,2000,5608,3299.8075999999987,211.99479999999974,34.05769348656297,1.9108550548553467
600,8,40,320,1,20,5000,7000,500,1000,1000,2000,8258,3213.7126000000067,202.9127,31.765702,2.075576066970825
600,8,40,320,1,20,5000,7000,500,1000,1000,2000,7486,3212.300999999997,204.50859999999992,29.511075245833332,2.2347419261932373
600,8,40,320,1,20,5000,7000,500,1000,1000,2000,1839,3199.910399999998,202.56829999999994,28.748179151169907,1.8231971263885498
600,8,40,320,1,20,5000,7000,500,1000,1000,2000,3282,3163.802100000008,200.06660000000002,31.441501999999996,2.196276903152466
600,8,40,320,1,20,5000,7000,500,1000,1000,2000,3216,3195.9354000000058,200.8379,28.959455775033355,2.5099880695343018
600,8,40,320,1,20,5000,7000,500,1000,1000,2000,9034,3159.892299999998,199.27540000000016,27.756700148148152,1.8298780918121338
600,8,40,320,1,20,5000,7000,500,1000,1000,2000,7143,3111.2286000000026,198.5661,28.685638344037013,1.9008798599243164
600,8,40,320,1,20,5000,7000,500,1000,1000,2000,2446,3257.2740999999933,208.23709999999997,27.079620018518515,2.2254550457000732
600,8,40,320,1,20,5000,7000,500,1000,1000,2000,5924,3175.5140999999994,202.90559999999996,30.79165385185185,1.91408109664917
600,8,40,320,1,20,5000,7000,500,1000,1000,2000,8881,3096.048200000003,195.36860000000019,31.79922694444445,2.242069959640503
600,8,40,320,1,20,5000,7000,500,1000,1000,2000,6634,3082.029299999996,194.82,31.113712860925933,2.2127790451049805
600,8,40,320,1,20,5000,7000,500,1000,1000,2000,3097,3128.4655000000043,198.11030000000002,32.41520654166667,1.778548002243042
600,8,40,320,1,20,5000,7000,500,1000,1000,2000,1211,3074.9380999999994,191.93310000000014,26.823738678399998,2.1723079681396484
600,8,40,320,1,20,5000,7000,500,1000,1000,2000,1921,3175.364199999997,202.03689999999992,29.950277796296294,1.9817430973052979
600,8,40,320,1,20,5000,7000,500,1000,1000,2000,2740,3259.274899999998,204.1037,29.199943417962963,2.429378032684326
600,8,40,320,1,20,5000,7000,500,1000,1000,2000,3306,3178.2703000000024,201.50980000000004,29.87728423666667,1.8732192516326904
600,8,40,320,1,20,5000,7000,500,1000,1000,2000,4366,3173.072299999999,202.71010000000007,32.03330842154368,2.0607759952545166
900,1,320,320,1,20,5000,7000,500,1000,1000,2000,6347,2172.3970999999988,136.88840000000005,34.33061411111112,20.024689197540283
900,1,320,320,1,20,5000,7000,500,1000,1000,2000,7536,2063.0593000000013,131.34180000000003,32.33922522222222,7.630215167999268
900,1,320,320,1,20,5000,7000,500,1000,1000,2000,4078,2106.0463000000036,133.91739999999996,29.643191888888897,20.53030514717102
900,1,320,320,1,20,5000,7000,500,1000,1000,2000,4726,2176.6936999999975,139.9818,31.2522978199357,14.80525279045105
900,1,320,320,1,20,5000,7000,500,1000,1000,2000,5978,2176.3307999999984,143.21929999999998,34.08220583480826,28.620748043060303
900,1,320,320,1,20,5000,7000,500,1000,1000,2000,8836,2210.959999999999,140.14230000000012,27.129025222222225,13.520638942718506
900,1,320,320,1,20,5000,7000,500,1000,1000,2000,3380,2190.3818999999994,139.23170000000002,27.769679777777778,4.153857707977295
900,1,320,320,1,20,5000,7000,500,1000,1000,2000,3669,2123.6541000000025,138.6848,28.378780494799415,13.173033952713013
900,1,320,320,1,20,5000,7000,500,1000,1000,2000,7882,2155.372100000005,136.97470000000004,30.418813111111106,22.165758848190308
900,1,320,320,1,20,5000,7000,500,1000,1000,2000,2503,2103.1952,133.68210000000013,36.30645981495893,12.577263832092285
900,1,320,320,1,20,5000,7000,500,1000,1000,2000,5802,2187.886399999995,138.3702,28.2733908888889,18.789685010910034
900,1,320,320,1,20,5000,7000,500,1000,1000,2000,6455,2161.9338000000007,137.42330000000007,28.395957555555547,4.304887771606445
900,1,320,320,1,20,5000,7000,500,1000,1000,2000,5608,2199.8962999999994,140.14810000000003,30.188016533980583,5.532734155654907
900,1,320,320,1,20,5000,7000,500,1000,1000,2000,8258,2142.514299999998,135.83440000000004,30.25589188888889,21.138386011123657
900,1,320,320,1,20,5000,7000,500,1000,1000,2000,7486,2141.567300000001,137.54850000000002,29.477778238239775,44.23150300979614
900,1,320,320,1,20,5000,7000,500,1000,1000,2000,1839,2133.323700000001,134.9636,28.011312162581678,35.18618583679199
900,1,320,320,1,20,5000,7000,500,1000,1000,2000,3282,2109.2212000000018,133.27019999999996,28.00734644444444,12.19006085395813
900,1,320,320,1,20,5000,7000,500,1000,1000,2000,3216,2130.6549000000027,135.13479999999993,28.202768666666664,7.506180047988892
900,1,320,320,1,20,5000,7000,500,1000,1000,2000,9034,2106.6401,132.7615,32.41750300000001,4.525735139846802
900,1,320,320,1,20,5000,7000,500,1000,1000,2000,7143,2074.181800000001,133.97120000000004,25.64395755555556,8.646138191223145
900,1,320,320,1,20,5000,7000,500,1000,1000,2000,2446,2171.5580000000004,140.66129999999984,26.50160036915754,14.513890027999878
900,1,320,320,1,20,5000,7000,500,1000,1000,2000,5924,2116.9982,134.68790000000004,28.849329571428566,5.926975965499878
900,1,320,320,1,20,5000,7000,500,1000,1000,2000,8881,2064.0625999999997,129.91219999999993,29.011126530921224,6.953449010848999
900,1,320,320,1,20,5000,7000,500,1000,1000,2000,6634,2054.7075,130.41510000000002,33.31622704118617,16.851027011871338
900,1,320,320,1,20,5000,7000,500,1000,1000,2000,3097,2085.666100000004,132.62939999999998,32.29404478606966,23.083689212799072
900,1,320,320,1,20,5000,7000,500,1000,1000,2000,1211,2049.9919000000023,129.0772,26.34920186455331,15.80114221572876
900,1,320,320,1,20,5000,7000,500,1000,1000,2000,1921,2116.9407999999985,137.95250000000013,26.527525222222227,3.4724819660186768
900,1,320,320,1,20,5000,7000,500,1000,1000,2000,2740,2172.8986999999975,137.7045,27.655946444444446,25.50746488571167
900,1,320,320,1,20,5000,7000,500,1000,1000,2000,3306,2118.9002,135.5512000000001,32.73831994871793,6.697657108306885
900,1,320,320,1,20,5000,7000,500,1000,1000,2000,4366,2115.425399999998,135.25710000000007,28.338221332406114,5.674227952957153
900,2,160,320,1,20,5000,7000,500,1000,1000,2000,6347,2172.3920999999987,137.1226,30.927378611940313,2.123404026031494
900,2,160,320,1,20,5000,7000,500,1000,1000,2000,7536,2063.0563,131.35209999999998,30.31651411111111,2.291609048843384
900,2,160,320,1,20,5000,7000,500,1000,1000,2000,4078,2106.043400000004,133.8913,25.354946444444447,3.813987970352173
900,2,160,320,1,20,5000,7000,500,1000,1000,2000,4726,2176.7031999999995,139.8233,28.218052851851855,2.3996129035949707
900,2,160,320,1,20,5000,7000,500,1000,1000,2000,5978,2176.3478999999993,142.65630000000021,30.177128548672563,2.395969867706299
900,2,160,320,1,20,5000,7000,500,1000,1000,2000,8836,2210.9478999999997,141.39660000000006,26.176564467492256,2.6785590648651123
900,2,160,320,1,20,5000,7000,500,1000,1000,2000,3380,2190.3601,138.86030000000002,29.0516918888889,2.3723442554473877
900,2,160,320,1,20,5000,7000,500,1000,1000,2000,3669,2123.6614000000036,138.4280999999999,26.05842522222222,2.317735195159912
900,2,160,320,1,20,5000,7000,500,1000,1000,2000,7882,2155.3637000000053,136.93099999999993,27.685479777777758,2.8956758975982666
900,2,160,320,1,20,5000,7000,500,1000,1000,2000,2503,2103.178700000001,135.39709999999997,32.04638880167003,1.8644089698791504
900,2,160,320,1,20,5000,7000,500,1000,1000,2000,5802,2187.873699999996,139.74829999999983,25.360935333333334,2.476024866104126
900,2,160,320,1,20,5000,7000,500,1000,1000,2000,6455,2161.9380000000006,136.7899,26.00965128180318,2.427474021911621
900,2,160,320,1,20,5000,7000,500,1000,1000,2000,5608,2199.891999999998,141.63860000000014,27.930601999999997,2.8104751110076904
900,2,160,320,1,20,5000,7000,500,1000,1000,2000,8258,2142.5067999999974,136.49319999999997,28.414446444444444,2.619227886199951
900,2,160,320,1,20,5000,7000,500,1000,1000,2000,7486,2141.5597000000034,138.1321,27.23272422222223,2.877795934677124
900,2,160,320,1,20,5000,7000,500,1000,1000,2000,1839,2133.2993,135.74050000000003,26.64806435697399,2.3767588138580322
900,2,160,320,1,20,5000,7000,500,1000,1000,2000,3282,2109.214200000001,133.2837,26.48064270856102,3.2764270305633545
900,2,160,320,1,20,5000,7000,500,1000,1000,2000,3216,2130.6394000000014,135.01670000000001,27.528437727879798,2.7542269229888916
900,2,160,320,1,20,5000,7000,500,1000,1000,2000,9034,2106.6371,133.01620000000003,28.210503,1.9312078952789307
900,2,160,320,1,20,5000,7000,500,1000,1000,2000,7143,2074.1717000000026,133.37499999999994,24.403981952380946,2.424470901489258
900,2,160,320,1,20,5000,7000,500,1000,1000,2000,2446,2171.5330999999996,137.9449999999999,23.193657555555554,2.1384689807891846
900,2,160,320,1,20,5000,7000,500,1000,1000,2000,5924,2117.021199999999,134.4007,27.78893057142857,2.11838698387146
900,2,160,320,1,20,5000,7000,500,1000,1000,2000,8881,2064.048799999999,129.94350000000009,28.21999188888889,3.4012961387634277
900,2,160,320,1,20,5000,7000,500,1000,1000,2000,6634,2054.7194,132.52040000000002,27.577947444444447,2.6739609241485596
900,2,160,320,1,20,5000,7000,500,1000,1000,2000,3097,2085.681400000004,134.17860000000005,27.372400744434643,2.308089017868042
900,2,160,320,1,20,5000,7000,500,1000,1000,2000,1211,2049.9768000000013,130.6970000000001,22.194290888888883,2.207914113998413
900,2,160,320,1,20,5000,7000,500,1000,1000,2000,1921,2116.9672999999975,135.75920000000005,25.58063533333333,2.2289769649505615
900,2,160,320,1,20,5000,7000,500,1000,1000,2000,2740,2172.8872999999976,139.98210000000012,25.052658066102378,3.108086109161377
900,2,160,320,1,20,5000,7000,500,1000,1000,2000,3306,2118.8672000000006,134.87520000000004,31.785614111111105,2.4612627029418945
900,2,160,320,1,20,5000,7000,500,1000,1000,2000,4366,2115.4116999999974,135.32409999999993,26.321357555555558,2.270761013031006
900,4,80,320,1,20,5000,7000,500,1000,1000,2000,6347,2172.3923999999993,137.61620000000005,25.771379777777774,1.829704999923706
900,4,80,320,1,20,5000,7000,500,1000,1000,2000,7536,2063.051300000001,132.50819999999993,28.381625222222215,2.130596160888672
900,4,80,320,1,20,5000,7000,500,1000,1000,2000,4078,2106.031300000004,134.43979999999996,23.959013111111105,1.8473210334777832
900,4,80,320,1,20,5000,7000,500,1000,1000,2000,4726,2176.6677999999974,139.40190000000007,26.302257555555563,2.0109140872955322
900,4,80,320,1,20,5000,7000,500,1000,1000,2000,5978,2176.3448999999996,141.34589999999997,27.510357752212393,2.001704216003418
900,4,80,320,1,20,5000,7000,500,1000,1000,2000,8836,2210.9399000000003,139.88440000000003,25.19784644444444,2.327378988265991
900,4,80,320,1,20,5000,7000,500,1000,1000,2000,3380,2190.3783999999996,140.66169999999994,23.376186113268606,2.026707887649536
900,4,80,320,1,20,5000,7000,500,1000,1000,2000,3669,2123.627000000004,137.68339999999998,22.57089658239278,1.8271450996398926
900,4,80,320,1,20,5000,7000,500,1000,1000,2000,7882,2155.358600000004,136.6847,25.92651014826498,2.0236871242523193
900,4,80,320,1,20,5000,7000,500,1000,1000,2000,2503,2103.1908000000003,134.11130000000023,31.074258555555556,1.6582112312316895
900,4,80,320,1,20,5000,7000,500,1000,1000,2000,5802,2187.880699999996,139.67950000000008,24.800679777777784,1.8865389823913574
900,4,80,320,1,20,5000,7000,500,1000,1000,2000,6455,2161.9325999999987,139.21259999999992,24.18849915668202,2.1458990573883057
900,4,80,320,1,20,5000,7000,500,1000,1000,2000,5608,2199.8853999999983,140.06470000000007,31.21203633333333,1.8914530277252197
900,4,80,320,1,20,5000,7000,500,1000,1000,2000,8258,2142.496199999996,136.5623000000001,27.03505080544747,2.056288957595825
900,4,80,320,1,20,5000,7000,500,1000,1000,2000,7486,2141.5501000000027,136.5938,23.88756876859505,1.9715070724487305
900,4,80,320,1,20,5000,7000,500,1000,1000,2000,1839,2133.303700000001,135.73919999999995,24.209729859569645,1.6695067882537842
900,4,80,320,1,20,5000,7000,500,1000,1000,2000,3282,2109.2104000000013,133.0893,28.911461655066162,2.1764440536499023
900,4,80,320,1,20,5000,7000,500,1000,1000,2000,3216,2130.642700000002,134.70319999999998,24.776396325542567,2.2202508449554443
900,4,80,320,1,20,5000,7000,500,1000,1000,2000,9034,2106.6214999999993,134.28870000000006,24.286735333333343,1.6477749347686768
900,4,80,320,1,20,5000,7000,500,1000,1000,2000,7143,2074.170900000002,133.83380000000002,22.488513111111107,1.784749984741211
900,4,80,320,1,20,5000,7000,500,1000,1000,2000,2446,2171.5296,138.89659999999986,23.232668666666665,2.027751922607422
900,4,80,320,1,20,5000,7000,500,1000,1000,2000,5924,2116.998199999999,136.11420000000007,24.828172428571424,1.8608062267303467
900,4,80,320,1,20,5000,7000,500,1000,1000,2000,8881,2064.0502999999994,131.71899999999997,25.395757555555555,2.0544259548187256
900,4,80,320,1,20,5000,7000,500,1000,1000,2000,6634,2054.7092,131.29560000000006,25.312386008237223,2.000293016433716
900,4,80,320,1,20,5000,7000,500,1000,1000,2000,3097,2085.6763000000037,133.87029999999993,25.459872641791044,1.6599998474121094
900,4,80,320,1,20,5000,7000,500,1000,1000,2000,1211,2049.9807000000037,128.69959999999998,20.822226040128413,1.9208440780639648
900,4,80,320,1,20,5000,7000,500,1000,1000,2000,1921,2116.9493999999986,136.57890000000006,22.76016866666667,1.959717035293579
900,4,80,320,1,20,5000,7000,500,1000,1000,2000,2740,2172.8744999999976,137.6729000000001,23.38285755555555,2.448591709136963
900,4,80,320,1,20,5000,7000,500,1000,1000,2000,3306,2118.8676,135.9456000000001,28.415725222222225,1.8318002223968506
900,4,80,320,1,20,5000,7000,500,1000,1000,2000,4366,2115.4093999999977,134.46450000000002,24.473101999999997,2.0265049934387207
900,8,40,320,1,20,5000,7000,500,1000,1000,2000,6347,2172.381199999998,137.15380000000007,26.451366671641793,1.6825063228607178
900,8,40,320,1,20,5000,7000,500,1000,1000,2000,7536,2082.732,131.12610000000006,23.855990888888893,2.0431969165802
900,8,40,320,1,20,5000,7000,500,1000,1000,2000,4078,2106.033600000004,136.60879999999997,23.421307349794233,1.666024923324585
900,8,40,320,1,20,5000,7000,500,1000,1000,2000,4726,2176.679899999998,141.35130000000004,25.754079777777786,1.9534809589385986
900,8,40,320,1,20,5000,7000,500,1000,1000,2000,5978,2176.3098999999997,141.32130000000012,27.257450672566375,1.96185302734375
900,8,40,320,1,20,5000,7000,500,1000,1000,2000,8836,2210.9351,139.39040000000003,22.834446444444442,2.2531230449676514
900,8,40,320,1,20,5000,7000,500,1000,1000,2000,3380,2190.3614000000007,138.84849999999994,21.91782330652504,2.052976131439209
900,8,40,320,1,20,5000,7000,500,1000,1000,2000,3669,2123.6266000000023,139.83089999999996,21.958057555555555,1.7155230045318604
900,8,40,320,1,20,5000,7000,500,1000,1000,2000,7882,2155.355900000005,136.41759999999988,23.794304470031545,1.8965868949890137
900,8,40,320,1,20,5000,7000,500,1000,1000,2000,2503,2103.1826,134.74780000000007,28.442625222222222,1.6064679622650146
900,8,40,320,1,20,5000,7000,500,1000,1000,2000,5802,2187.875799999998,137.96979999999994,23.44402422222222,1.8147351741790771
900,8,40,320,1,20,5000,7000,500,1000,1000,2000,6455,2161.9446000000003,137.74330000000006,23.348846444444447,2.007481813430786
900,8,40,320,1,20,5000,7000,500,1000,1000,2000,5608,2199.8913,141.11610000000007,25.99863533333334,1.7178151607513428
900,8,40,320,1,20,5000,7000,500,1000,1000,2000,8258,2142.4908999999966,135.98129999999998,24.196179777777786,1.970466136932373
900,8,40,320,1,20,5000,7000,500,1000,1000,2000,7486,2141.5551000000028,136.87539999999996,23.49770199999999,2.044631004333496
900,8,40,320,1,20,5000,7000,500,1000,1000,2000,1839,2133.2897000000007,135.89019999999988,23.21891255155875,1.6486787796020508
900,8,40,320,1,20,5000,7000,500,1000,1000,2000,3282,2109.2095,134.07530000000006,23.97722644861338,2.033607006072998
900,8,40,320,1,20,5000,7000,500,1000,1000,2000,3216,2130.631800000002,134.40619999999998,24.076128499806835,2.1469297409057617
900,8,40,320,1,20,5000,7000,500,1000,1000,2000,9034,2106.618,133.7631999999999,22.555658142857144,1.5927598476409912
900,8,40,320,1,20,5000,7000,500,1000,1000,2000,7143,2074.165500000001,134.12490000000003,21.65522422222222,1.8177850246429443
900,8,40,320,1,20,5000,7000,500,1000,1000,2000,2446,2171.5378000000005,139.65389999999994,21.350535770889486,1.963184118270874
900,8,40,320,1,20,5000,7000,500,1000,1000,2000,5924,2117.0165999999986,136.35029999999998,24.628472428571424,1.812319040298462
900,8,40,320,1,20,5000,7000,500,1000,1000,2000,8881,2064.0399000000007,131.3597,22.731857555555557,1.921462059020996
900,8,40,320,1,20,5000,7000,500,1000,1000,2000,6634,2054.700699999999,131.7769,23.203695398682047,1.9721920490264893
900,8,40,320,1,20,5000,7000,500,1000,1000,2000,3097,2085.6600000000035,133.76739999999995,25.525490888888893,1.6444809436798096
900,8,40,320,1,20,5000,7000,500,1000,1000,2000,1211,2049.9782000000027,130.39059999999995,22.280157179775287,2.1089420318603516
900,8,40,320,1,20,5000,7000,500,1000,1000,2000,1921,2116.941799999998,137.70680000000004,22.85622422222222,1.9563541412353516
900,8,40,320,1,20,5000,7000,500,1000,1000,2000,2740,2172.8714999999975,138.3768000000001,23.31394428899637,2.4485208988189697
900,8,40,320,1,20,5000,7000,500,1000,1000,2000,3306,2118.8646,135.91140000000004,26.796219948717944,1.8154830932617188
900,8,40,320,1,20,5000,7000,500,1000,1000,2000,4366,2115.3921999999975,135.67049999999995,23.131943857142858,2.021202802658081
