seed,is_complete,completed_variant_count,expected_variant_count,completed_variants,missing_variants,extra_variants
1087,True,2,2,"baseline,comp_advantage",,
2010,True,2,2,"baseline,comp_advantage",,
3899,True,2,2,"baseline,comp_advantage",,
4410,True,2,2,"baseline,comp_advantage",,
5641,True,2,2,"baseline,comp_advantage",,
6027,True,2,2,"baseline,comp_advantage",,
10602,True,2,2,"baseline,comp_advantage",,
14714,True,2,2,"baseline,comp_advantage",,
15262,True,2,2,"baseline,comp_advantage",,
20773,True,2,2,"baseline,comp_advantage",,
21327,True,2,2,"baseline,comp_advantage",,
23329,True,2,2,"baseline,comp_advantage",,
27243,True,2,2,"baseline,comp_advantage",,
28388,True,2,2,"baseline,comp_advantage",,
29523,True,2,2,"baseline,comp_advantage",,
33347,True,2,2,"baseline,comp_advantage",,
35721,True,2,2,"baseline,comp_advantage",,
47925,True,2,2,"baseline,comp_advantage",,
48268,True,2,2,"baseline,comp_advantage",,
50264,True,2,2,"baseline,comp_advantage",,
50984,True,2,2,"baseline,comp_advantage",,
53408,True,2,2,"baseline,comp_advantage",,
57519,True,2,2,"baseline,comp_advantage",,
60194,True,2,2,"baseline,comp_advantage",,
60220,True,2,2,"baseline,comp_advantage",,
61677,True,2,2,"baseline,comp_advantage",,
64745,True,2,2,"baseline,comp_advantage",,
65523,True,2,2,"baseline,comp_advantage",,
65843,True,2,2,"baseline,comp_advantage",,
69527,True,2,2,"baseline,comp_advantage",,
70327,True,2,2,"baseline,comp_advantage",,
70730,True,2,2,"baseline,comp_advantage",,
72146,True,2,2,"baseline,comp_advantage",,
72402,True,2,2,"baseline,comp_advantage",,
78435,True,2,2,"baseline,comp_advantage",,
79088,True,2,2,"baseline,comp_advantage",,
80721,True,2,2,"baseline,comp_advantage",,
81222,True,2,2,"baseline,comp_advantage",,
81911,True,2,2,"baseline,comp_advantage",,
91728,True,2,2,"baseline,comp_advantage",,
108225,True,2,2,"baseline,comp_advantage",,
108511,True,2,2,"baseline,comp_advantage",,
108594,True,2,2,"baseline,comp_advantage",,
109654,True,2,2,"baseline,comp_advantage",,
110055,True,2,2,"baseline,comp_advantage",,
110116,True,2,2,"baseline,comp_advantage",,
110682,True,2,2,"baseline,comp_advantage",,
112316,True,2,2,"baseline,comp_advantage",,
113260,True,2,2,"baseline,comp_advantage",,
115403,True,2,2,"baseline,comp_advantage",,
116436,True,2,2,"baseline,comp_advantage",,
117059,True,2,2,"baseline,comp_advantage",,
117791,True,2,2,"baseline,comp_advantage",,
122745,True,2,2,"baseline,comp_advantage",,
124685,True,2,2,"baseline,comp_advantage",,
127154,True,2,2,"baseline,comp_advantage",,
131782,True,2,2,"baseline,comp_advantage",,
137602,True,2,2,"baseline,comp_advantage",,
137693,True,2,2,"baseline,comp_advantage",,
137836,True,2,2,"baseline,comp_advantage",,
138451,True,2,2,"baseline,comp_advantage",,
140763,True,2,2,"baseline,comp_advantage",,
141574,True,2,2,"baseline,comp_advantage",,
143022,True,2,2,"baseline,comp_advantage",,
144274,True,2,2,"baseline,comp_advantage",,
145299,True,2,2,"baseline,comp_advantage",,
146585,True,2,2,"baseline,comp_advantage",,
147537,True,2,2,"baseline,comp_advantage",,
149047,True,2,2,"baseline,comp_advantage",,
151000,True,2,2,"baseline,comp_advantage",,
153349,True,2,2,"baseline,comp_advantage",,
159109,True,2,2,"baseline,comp_advantage",,
162375,True,2,2,"baseline,comp_advantage",,
174052,True,2,2,"baseline,comp_advantage",,
174431,True,2,2,"baseline,comp_advantage",,
176967,True,2,2,"baseline,comp_advantage",,
179329,True,2,2,"baseline,comp_advantage",,
179499,True,2,2,"baseline,comp_advantage",,
181404,True,2,2,"baseline,comp_advantage",,
184906,True,2,2,"baseline,comp_advantage",,
185527,True,2,2,"baseline,comp_advantage",,
189090,True,2,2,"baseline,comp_advantage",,
193272,True,2,2,"baseline,comp_advantage",,
194493,True,2,2,"baseline,comp_advantage",,
196697,True,2,2,"baseline,comp_advantage",,
197314,True,2,2,"baseline,comp_advantage",,
198288,True,2,2,"baseline,comp_advantage",,
202788,True,2,2,"baseline,comp_advantage",,
203906,True,2,2,"baseline,comp_advantage",,
205178,True,2,2,"baseline,comp_advantage",,
208263,True,2,2,"baseline,comp_advantage",,
209510,True,2,2,"baseline,comp_advantage",,
211351,True,2,2,"baseline,comp_advantage",,
212694,True,2,2,"baseline,comp_advantage",,
215549,True,2,2,"baseline,comp_advantage",,
220410,True,2,2,"baseline,comp_advantage",,
223610,True,2,2,"baseline,comp_advantage",,
224195,True,2,2,"baseline,comp_advantage",,
224478,True,2,2,"baseline,comp_advantage",,
224701,True,2,2,"baseline,comp_advantage",,
226267,True,2,2,"baseline,comp_advantage",,
226589,True,2,2,"baseline,comp_advantage",,
229225,True,2,2,"baseline,comp_advantage",,
231332,True,2,2,"baseline,comp_advantage",,
232555,True,2,2,"baseline,comp_advantage",,
236634,True,2,2,"baseline,comp_advantage",,
237902,True,2,2,"baseline,comp_advantage",,
238922,True,2,2,"baseline,comp_advantage",,
239617,True,2,2,"baseline,comp_advantage",,
239744,True,2,2,"baseline,comp_advantage",,
239950,True,2,2,"baseline,comp_advantage",,
240715,True,2,2,"baseline,comp_advantage",,
241117,True,2,2,"baseline,comp_advantage",,
241442,True,2,2,"baseline,comp_advantage",,
245421,True,2,2,"baseline,comp_advantage",,
245466,True,2,2,"baseline,comp_advantage",,
245576,True,2,2,"baseline,comp_advantage",,
245912,True,2,2,"baseline,comp_advantage",,
246441,True,2,2,"baseline,comp_advantage",,
254791,True,2,2,"baseline,comp_advantage",,
255407,True,2,2,"baseline,comp_advantage",,
258973,True,2,2,"baseline,comp_advantage",,
262875,True,2,2,"baseline,comp_advantage",,
263035,True,2,2,"baseline,comp_advantage",,
266300,True,2,2,"baseline,comp_advantage",,
266747,True,2,2,"baseline,comp_advantage",,
267093,True,2,2,"baseline,comp_advantage",,
268333,True,2,2,"baseline,comp_advantage",,
270600,True,2,2,"baseline,comp_advantage",,
271983,True,2,2,"baseline,comp_advantage",,
273040,True,2,2,"baseline,comp_advantage",,
273298,True,2,2,"baseline,comp_advantage",,
276209,True,2,2,"baseline,comp_advantage",,
282114,True,2,2,"baseline,comp_advantage",,
282392,True,2,2,"baseline,comp_advantage",,
282842,True,2,2,"baseline,comp_advantage",,
287728,True,2,2,"baseline,comp_advantage",,
289817,True,2,2,"baseline,comp_advantage",,
291361,True,2,2,"baseline,comp_advantage",,
293374,True,2,2,"baseline,comp_advantage",,
296343,True,2,2,"baseline,comp_advantage",,
302326,True,2,2,"baseline,comp_advantage",,
303068,True,2,2,"baseline,comp_advantage",,
305476,True,2,2,"baseline,comp_advantage",,
312904,True,2,2,"baseline,comp_advantage",,
314686,True,2,2,"baseline,comp_advantage",,
317399,True,2,2,"baseline,comp_advantage",,
320372,True,2,2,"baseline,comp_advantage",,
321337,True,2,2,"baseline,comp_advantage",,
324404,True,2,2,"baseline,comp_advantage",,
325099,True,2,2,"baseline,comp_advantage",,
327054,True,2,2,"baseline,comp_advantage",,
328439,True,2,2,"baseline,comp_advantage",,
333017,True,2,2,"baseline,comp_advantage",,
333143,True,2,2,"baseline,comp_advantage",,
336806,True,2,2,"baseline,comp_advantage",,
342204,True,2,2,"baseline,comp_advantage",,
344401,True,2,2,"baseline,comp_advantage",,
353215,True,2,2,"baseline,comp_advantage",,
353884,True,2,2,"baseline,comp_advantage",,
354388,True,2,2,"baseline,comp_advantage",,
355619,True,2,2,"baseline,comp_advantage",,
356002,True,2,2,"baseline,comp_advantage",,
357820,True,2,2,"baseline,comp_advantage",,
359039,True,2,2,"baseline,comp_advantage",,
361299,True,2,2,"baseline,comp_advantage",,
362804,True,2,2,"baseline,comp_advantage",,
365837,True,2,2,"baseline,comp_advantage",,
366120,True,2,2,"baseline,comp_advantage",,
368863,True,2,2,"baseline,comp_advantage",,
370191,True,2,2,"baseline,comp_advantage",,
372049,True,2,2,"baseline,comp_advantage",,
372755,True,2,2,"baseline,comp_advantage",,
374908,True,2,2,"baseline,comp_advantage",,
378648,True,2,2,"baseline,comp_advantage",,
385324,True,2,2,"baseline,comp_advantage",,
385502,True,2,2,"baseline,comp_advantage",,
386385,True,2,2,"baseline,comp_advantage",,
388451,True,2,2,"baseline,comp_advantage",,
389228,True,2,2,"baseline,comp_advantage",,
392733,True,2,2,"baseline,comp_advantage",,
394465,True,2,2,"baseline,comp_advantage",,
397055,True,2,2,"baseline,comp_advantage",,
397234,True,2,2,"baseline,comp_advantage",,
399493,True,2,2,"baseline,comp_advantage",,
401997,True,2,2,"baseline,comp_advantage",,
408636,True,2,2,"baseline,comp_advantage",,
411283,True,2,2,"baseline,comp_advantage",,
412384,True,2,2,"baseline,comp_advantage",,
416284,True,2,2,"baseline,comp_advantage",,
416581,True,2,2,"baseline,comp_advantage",,
422970,True,2,2,"baseline,comp_advantage",,
430515,True,2,2,"baseline,comp_advantage",,
431396,True,2,2,"baseline,comp_advantage",,
431617,True,2,2,"baseline,comp_advantage",,
432977,True,2,2,"baseline,comp_advantage",,
435308,True,2,2,"baseline,comp_advantage",,
437809,True,2,2,"baseline,comp_advantage",,
437866,True,2,2,"baseline,comp_advantage",,
440123,True,2,2,"baseline,comp_advantage",,
440653,True,2,2,"baseline,comp_advantage",,
441554,True,2,2,"baseline,comp_advantage",,
445144,True,2,2,"baseline,comp_advantage",,
452290,True,2,2,"baseline,comp_advantage",,
453482,True,2,2,"baseline,comp_advantage",,
455331,True,2,2,"baseline,comp_advantage",,
456356,True,2,2,"baseline,comp_advantage",,
459404,True,2,2,"baseline,comp_advantage",,
460446,True,2,2,"baseline,comp_advantage",,
460722,True,2,2,"baseline,comp_advantage",,
461796,True,2,2,"baseline,comp_advantage",,
461861,True,2,2,"baseline,comp_advantage",,
464471,True,2,2,"baseline,comp_advantage",,
465345,True,2,2,"baseline,comp_advantage",,
466702,True,2,2,"baseline,comp_advantage",,
469145,True,2,2,"baseline,comp_advantage",,
469556,True,2,2,"baseline,comp_advantage",,
472131,True,2,2,"baseline,comp_advantage",,
472298,True,2,2,"baseline,comp_advantage",,
473253,True,2,2,"baseline,comp_advantage",,
473997,True,2,2,"baseline,comp_advantage",,
475760,True,2,2,"baseline,comp_advantage",,
479068,True,2,2,"baseline,comp_advantage",,
479679,True,2,2,"baseline,comp_advantage",,
480416,True,2,2,"baseline,comp_advantage",,
480957,True,2,2,"baseline,comp_advantage",,
481886,True,2,2,"baseline,comp_advantage",,
484762,True,2,2,"baseline,comp_advantage",,
489107,True,2,2,"baseline,comp_advantage",,
492022,True,2,2,"baseline,comp_advantage",,
494958,True,2,2,"baseline,comp_advantage",,
495401,True,2,2,"baseline,comp_advantage",,
495402,True,2,2,"baseline,comp_advantage",,
496478,True,2,2,"baseline,comp_advantage",,
497919,True,2,2,"baseline,comp_advantage",,
502084,True,2,2,"baseline,comp_advantage",,
504483,True,2,2,"baseline,comp_advantage",,
505780,True,2,2,"baseline,comp_advantage",,
509760,True,2,2,"baseline,comp_advantage",,
512136,True,2,2,"baseline,comp_advantage",,
514215,True,2,2,"baseline,comp_advantage",,
516657,True,2,2,"baseline,comp_advantage",,
517538,True,2,2,"baseline,comp_advantage",,
519815,True,2,2,"baseline,comp_advantage",,
522983,True,2,2,"baseline,comp_advantage",,
524794,True,2,2,"baseline,comp_advantage",,
527611,True,2,2,"baseline,comp_advantage",,
528112,True,2,2,"baseline,comp_advantage",,
529276,True,2,2,"baseline,comp_advantage",,
531148,True,2,2,"baseline,comp_advantage",,
531966,True,2,2,"baseline,comp_advantage",,
533361,True,2,2,"baseline,comp_advantage",,
534010,True,2,2,"baseline,comp_advantage",,
534437,True,2,2,"baseline,comp_advantage",,
538582,True,2,2,"baseline,comp_advantage",,
539246,True,2,2,"baseline,comp_advantage",,
540631,True,2,2,"baseline,comp_advantage",,
543181,True,2,2,"baseline,comp_advantage",,
544493,True,2,2,"baseline,comp_advantage",,
546160,True,2,2,"baseline,comp_advantage",,
546566,True,2,2,"baseline,comp_advantage",,
547920,True,2,2,"baseline,comp_advantage",,
549862,True,2,2,"baseline,comp_advantage",,
551141,True,2,2,"baseline,comp_advantage",,
551935,True,2,2,"baseline,comp_advantage",,
554061,True,2,2,"baseline,comp_advantage",,
554565,True,2,2,"baseline,comp_advantage",,
557554,True,2,2,"baseline,comp_advantage",,
560927,True,2,2,"baseline,comp_advantage",,
562121,True,2,2,"baseline,comp_advantage",,
568701,True,2,2,"baseline,comp_advantage",,
572806,True,2,2,"baseline,comp_advantage",,
574644,True,2,2,"baseline,comp_advantage",,
577361,True,2,2,"baseline,comp_advantage",,
579773,True,2,2,"baseline,comp_advantage",,
580005,True,2,2,"baseline,comp_advantage",,
582309,True,2,2,"baseline,comp_advantage",,
583172,True,2,2,"baseline,comp_advantage",,
584456,True,2,2,"baseline,comp_advantage",,
586398,True,2,2,"baseline,comp_advantage",,
586510,True,2,2,"baseline,comp_advantage",,
586699,True,2,2,"baseline,comp_advantage",,
586973,True,2,2,"baseline,comp_advantage",,
591781,True,2,2,"baseline,comp_advantage",,
594138,True,2,2,"baseline,comp_advantage",,
595079,True,2,2,"baseline,comp_advantage",,
595328,True,2,2,"baseline,comp_advantage",,
596361,True,2,2,"baseline,comp_advantage",,
597825,True,2,2,"baseline,comp_advantage",,
598514,True,2,2,"baseline,comp_advantage",,
601161,True,2,2,"baseline,comp_advantage",,
602873,True,2,2,"baseline,comp_advantage",,
605287,True,2,2,"baseline,comp_advantage",,
609026,True,2,2,"baseline,comp_advantage",,
610245,True,2,2,"baseline,comp_advantage",,
610796,True,2,2,"baseline,comp_advantage",,
612732,True,2,2,"baseline,comp_advantage",,
617269,True,2,2,"baseline,comp_advantage",,
624803,True,2,2,"baseline,comp_advantage",,
631051,True,2,2,"baseline,comp_advantage",,
631173,True,2,2,"baseline,comp_advantage",,
631363,True,2,2,"baseline,comp_advantage",,
635612,True,2,2,"baseline,comp_advantage",,
639065,True,2,2,"baseline,comp_advantage",,
643829,True,2,2,"baseline,comp_advantage",,
644891,True,2,2,"baseline,comp_advantage",,
650122,True,2,2,"baseline,comp_advantage",,
650943,True,2,2,"baseline,comp_advantage",,
655714,True,2,2,"baseline,comp_advantage",,
656054,True,2,2,"baseline,comp_advantage",,
661707,True,2,2,"baseline,comp_advantage",,
663658,True,2,2,"baseline,comp_advantage",,
663813,True,2,2,"baseline,comp_advantage",,
664527,True,2,2,"baseline,comp_advantage",,
665452,True,2,2,"baseline,comp_advantage",,
667073,True,2,2,"baseline,comp_advantage",,
670045,True,2,2,"baseline,comp_advantage",,
670354,True,2,2,"baseline,comp_advantage",,
676170,True,2,2,"baseline,comp_advantage",,
677021,True,2,2,"baseline,comp_advantage",,
678197,True,2,2,"baseline,comp_advantage",,
678641,True,2,2,"baseline,comp_advantage",,
682056,True,2,2,"baseline,comp_advantage",,
682666,True,2,2,"baseline,comp_advantage",,
683805,True,2,2,"baseline,comp_advantage",,
687865,True,2,2,"baseline,comp_advantage",,
688431,True,2,2,"baseline,comp_advantage",,
695034,True,2,2,"baseline,comp_advantage",,
697981,True,2,2,"baseline,comp_advantage",,
701483,True,2,2,"baseline,comp_advantage",,
702028,True,2,2,"baseline,comp_advantage",,
703771,True,2,2,"baseline,comp_advantage",,
703949,True,2,2,"baseline,comp_advantage",,
705866,True,2,2,"baseline,comp_advantage",,
707759,True,2,2,"baseline,comp_advantage",,
708240,True,2,2,"baseline,comp_advantage",,
710115,True,2,2,"baseline,comp_advantage",,
712189,True,2,2,"baseline,comp_advantage",,
715106,True,2,2,"baseline,comp_advantage",,
715533,True,2,2,"baseline,comp_advantage",,
719048,True,2,2,"baseline,comp_advantage",,
722064,True,2,2,"baseline,comp_advantage",,
724036,True,2,2,"baseline,comp_advantage",,
724068,True,2,2,"baseline,comp_advantage",,
725987,True,2,2,"baseline,comp_advantage",,
728140,True,2,2,"baseline,comp_advantage",,
729459,True,2,2,"baseline,comp_advantage",,
733953,True,2,2,"baseline,comp_advantage",,
735633,True,2,2,"baseline,comp_advantage",,
737269,True,2,2,"baseline,comp_advantage",,
738426,True,2,2,"baseline,comp_advantage",,
739336,True,2,2,"baseline,comp_advantage",,
739903,True,2,2,"baseline,comp_advantage",,
741896,True,2,2,"baseline,comp_advantage",,
743312,True,2,2,"baseline,comp_advantage",,
743325,True,2,2,"baseline,comp_advantage",,
745342,True,2,2,"baseline,comp_advantage",,
747287,True,2,2,"baseline,comp_advantage",,
747642,True,2,2,"baseline,comp_advantage",,
748846,True,2,2,"baseline,comp_advantage",,
750147,True,2,2,"baseline,comp_advantage",,
751687,True,2,2,"baseline,comp_advantage",,
753523,True,2,2,"baseline,comp_advantage",,
755547,True,2,2,"baseline,comp_advantage",,
758389,True,2,2,"baseline,comp_advantage",,
760044,True,2,2,"baseline,comp_advantage",,
761499,True,2,2,"baseline,comp_advantage",,
762973,True,2,2,"baseline,comp_advantage",,
763059,True,2,2,"baseline,comp_advantage",,
765827,True,2,2,"baseline,comp_advantage",,
766339,True,2,2,"baseline,comp_advantage",,
766985,True,2,2,"baseline,comp_advantage",,
768859,True,2,2,"baseline,comp_advantage",,
769066,True,2,2,"baseline,comp_advantage",,
770979,True,2,2,"baseline,comp_advantage",,
772641,True,2,2,"baseline,comp_advantage",,
774892,True,2,2,"baseline,comp_advantage",,
777150,True,2,2,"baseline,comp_advantage",,
777731,True,2,2,"baseline,comp_advantage",,
782665,True,2,2,"baseline,comp_advantage",,
793335,True,2,2,"baseline,comp_advantage",,
795054,True,2,2,"baseline,comp_advantage",,
796027,True,2,2,"baseline,comp_advantage",,
796262,True,2,2,"baseline,comp_advantage",,
799339,True,2,2,"baseline,comp_advantage",,
800182,True,2,2,"baseline,comp_advantage",,
801768,True,2,2,"baseline,comp_advantage",,
802904,True,2,2,"baseline,comp_advantage",,
810991,True,2,2,"baseline,comp_advantage",,
813617,True,2,2,"baseline,comp_advantage",,
813854,True,2,2,"baseline,comp_advantage",,
818564,True,2,2,"baseline,comp_advantage",,
824110,True,2,2,"baseline,comp_advantage",,
824466,True,2,2,"baseline,comp_advantage",,
824487,True,2,2,"baseline,comp_advantage",,
825689,True,2,2,"baseline,comp_advantage",,
826006,True,2,2,"baseline,comp_advantage",,
827551,True,2,2,"baseline,comp_advantage",,
828273,True,2,2,"baseline,comp_advantage",,
829835,True,2,2,"baseline,comp_advantage",,
830943,True,2,2,"baseline,comp_advantage",,
831040,True,2,2,"baseline,comp_advantage",,
834777,True,2,2,"baseline,comp_advantage",,
838648,True,2,2,"baseline,comp_advantage",,
840701,True,2,2,"baseline,comp_advantage",,
840905,True,2,2,"baseline,comp_advantage",,
842827,True,2,2,"baseline,comp_advantage",,
844102,True,2,2,"baseline,comp_advantage",,
846854,True,2,2,"baseline,comp_advantage",,
846927,True,2,2,"baseline,comp_advantage",,
847050,True,2,2,"baseline,comp_advantage",,
850253,True,2,2,"baseline,comp_advantage",,
853702,True,2,2,"baseline,comp_advantage",,
853922,True,2,2,"baseline,comp_advantage",,
854725,True,2,2,"baseline,comp_advantage",,
855755,True,2,2,"baseline,comp_advantage",,
861434,True,2,2,"baseline,comp_advantage",,
861602,True,2,2,"baseline,comp_advantage",,
861718,True,2,2,"baseline,comp_advantage",,
863385,True,2,2,"baseline,comp_advantage",,
864824,True,2,2,"baseline,comp_advantage",,
867108,True,2,2,"baseline,comp_advantage",,
870064,True,2,2,"baseline,comp_advantage",,
871381,True,2,2,"baseline,comp_advantage",,
872306,True,2,2,"baseline,comp_advantage",,
873087,True,2,2,"baseline,comp_advantage",,
873143,True,2,2,"baseline,comp_advantage",,
875492,True,2,2,"baseline,comp_advantage",,
877233,True,2,2,"baseline,comp_advantage",,
885107,True,2,2,"baseline,comp_advantage",,
888075,True,2,2,"baseline,comp_advantage",,
888604,True,2,2,"baseline,comp_advantage",,
889172,True,2,2,"baseline,comp_advantage",,
895124,True,2,2,"baseline,comp_advantage",,
895348,True,2,2,"baseline,comp_advantage",,
897704,True,2,2,"baseline,comp_advantage",,
899644,True,2,2,"baseline,comp_advantage",,
900613,True,2,2,"baseline,comp_advantage",,
901968,True,2,2,"baseline,comp_advantage",,
911752,True,2,2,"baseline,comp_advantage",,
911829,True,2,2,"baseline,comp_advantage",,
914983,True,2,2,"baseline,comp_advantage",,
919932,True,2,2,"baseline,comp_advantage",,
925520,True,2,2,"baseline,comp_advantage",,
927335,True,2,2,"baseline,comp_advantage",,
932667,True,2,2,"baseline,comp_advantage",,
933274,True,2,2,"baseline,comp_advantage",,
934509,True,2,2,"baseline,comp_advantage",,
935125,True,2,2,"baseline,comp_advantage",,
937400,True,2,2,"baseline,comp_advantage",,
937614,True,2,2,"baseline,comp_advantage",,
939943,True,2,2,"baseline,comp_advantage",,
940926,True,2,2,"baseline,comp_advantage",,
946643,True,2,2,"baseline,comp_advantage",,
953842,True,2,2,"baseline,comp_advantage",,
956925,True,2,2,"baseline,comp_advantage",,
957734,True,2,2,"baseline,comp_advantage",,
958432,True,2,2,"baseline,comp_advantage",,
960027,True,2,2,"baseline,comp_advantage",,
963598,True,2,2,"baseline,comp_advantage",,
965327,True,2,2,"baseline,comp_advantage",,
970507,True,2,2,"baseline,comp_advantage",,
973889,True,2,2,"baseline,comp_advantage",,
976782,True,2,2,"baseline,comp_advantage",,
981230,True,2,2,"baseline,comp_advantage",,
982015,True,2,2,"baseline,comp_advantage",,
982251,True,2,2,"baseline,comp_advantage",,
983055,True,2,2,"baseline,comp_advantage",,
985268,True,2,2,"baseline,comp_advantage",,
985883,True,2,2,"baseline,comp_advantage",,
987435,True,2,2,"baseline,comp_advantage",,
988612,True,2,2,"baseline,comp_advantage",,
994686,True,2,2,"baseline,comp_advantage",,
997328,True,2,2,"baseline,comp_advantage",,
997971,True,2,2,"baseline,comp_advantage",,
