bucket_label,baseline_key,gate_key,baseline_run_dir,gate_run_dir,baseline_planned_seed_count,gate_planned_seed_count,baseline_recorded_seed_count,gate_recorded_seed_count,baseline_ok_seed_count,gate_ok_seed_count,baseline_valid_seed_count,gate_valid_seed_count,paired_seed_count,pair_rate_vs_baseline_valid_pct,pair_rate_vs_gate_valid_pct,matched_nccr_min,matched_nccr_max,matched_abs_diff_max,dheft_makespan_n,dheft_makespan_mean,dheft_makespan_sd,dheft_makespan_median,dheft_makespan_q1,dheft_makespan_q3,dheft_makespan_ci95_low,dheft_makespan_ci95_high,dheft_vcpus_n,dheft_vcpus_mean,dheft_vcpus_sd,dheft_vcpus_median,dheft_vcpus_q1,dheft_vcpus_q3,dheft_vcpus_ci95_low,dheft_vcpus_ci95_high,nheft_makespan_n,nheft_makespan_mean,nheft_makespan_sd,nheft_makespan_median,nheft_makespan_q1,nheft_makespan_q3,nheft_makespan_ci95_low,nheft_makespan_ci95_high,nheft_vcpus_n,nheft_vcpus_mean,nheft_vcpus_sd,nheft_vcpus_median,nheft_vcpus_q1,nheft_vcpus_q3,nheft_vcpus_ci95_low,nheft_vcpus_ci95_high,gheft_makespan_n,gheft_makespan_mean,gheft_makespan_sd,gheft_makespan_median,gheft_makespan_q1,gheft_makespan_q3,gheft_makespan_ci95_low,gheft_makespan_ci95_high,gheft_vcpus_n,gheft_vcpus_mean,gheft_vcpus_sd,gheft_vcpus_median,gheft_vcpus_q1,gheft_vcpus_q3,gheft_vcpus_ci95_low,gheft_vcpus_ci95_high,gate_makespan_change_vs_nheft_pct_n,gate_makespan_change_vs_nheft_pct_mean,gate_makespan_change_vs_nheft_pct_sd,gate_makespan_change_vs_nheft_pct_median,gate_makespan_change_vs_nheft_pct_q1,gate_makespan_change_vs_nheft_pct_q3,gate_makespan_change_vs_nheft_pct_ci95_low,gate_makespan_change_vs_nheft_pct_ci95_high,gate_vcpu_reduction_vs_nheft_pct_n,gate_vcpu_reduction_vs_nheft_pct_mean,gate_vcpu_reduction_vs_nheft_pct_sd,gate_vcpu_reduction_vs_nheft_pct_median,gate_vcpu_reduction_vs_nheft_pct_q1,gate_vcpu_reduction_vs_nheft_pct_q3,gate_vcpu_reduction_vs_nheft_pct_ci95_low,gate_vcpu_reduction_vs_nheft_pct_ci95_high,gheft_gain_over_dheft_pct_n,gheft_gain_over_dheft_pct_mean,gheft_gain_over_dheft_pct_sd,gheft_gain_over_dheft_pct_median,gheft_gain_over_dheft_pct_q1,gheft_gain_over_dheft_pct_q3,gheft_gain_over_dheft_pct_ci95_low,gheft_gain_over_dheft_pct_ci95_high,gheft_performance_retention_n,gheft_performance_retention_count,gheft_performance_retention_rate_pct,gheft_performance_retention_ci95_low,gheft_performance_retention_ci95_high,gheft_resource_saving_n,gheft_resource_saving_count,gheft_resource_saving_rate_pct,gheft_resource_saving_ci95_low,gheft_resource_saving_ci95_high,gheft_joint_success_n,gheft_joint_success_count,gheft_joint_success_rate_pct,gheft_joint_success_ci95_low,gheft_joint_success_ci95_high,wilcoxon_gheft_vs_dheft_makespan_n,wilcoxon_gheft_vs_dheft_makespan_nonzero_n,wilcoxon_gheft_vs_dheft_makespan_positive_n,wilcoxon_gheft_vs_dheft_makespan_negative_n,wilcoxon_gheft_vs_dheft_makespan_zero_n,wilcoxon_gheft_vs_dheft_makespan_mean_difference,wilcoxon_gheft_vs_dheft_makespan_median_difference,wilcoxon_gheft_vs_dheft_makespan_statistic,wilcoxon_gheft_vs_dheft_makespan_p_raw,wilcoxon_gheft_vs_nheft_makespan_n,wilcoxon_gheft_vs_nheft_makespan_nonzero_n,wilcoxon_gheft_vs_nheft_makespan_positive_n,wilcoxon_gheft_vs_nheft_makespan_negative_n,wilcoxon_gheft_vs_nheft_makespan_zero_n,wilcoxon_gheft_vs_nheft_makespan_mean_difference,wilcoxon_gheft_vs_nheft_makespan_median_difference,wilcoxon_gheft_vs_nheft_makespan_statistic,wilcoxon_gheft_vs_nheft_makespan_p_raw,wilcoxon_gheft_vs_nheft_vcpus_n,wilcoxon_gheft_vs_nheft_vcpus_nonzero_n,wilcoxon_gheft_vs_nheft_vcpus_positive_n,wilcoxon_gheft_vs_nheft_vcpus_negative_n,wilcoxon_gheft_vs_nheft_vcpus_zero_n,wilcoxon_gheft_vs_nheft_vcpus_mean_difference,wilcoxon_gheft_vs_nheft_vcpus_median_difference,wilcoxon_gheft_vs_nheft_vcpus_statistic,wilcoxon_gheft_vs_nheft_vcpus_p_raw,composition_key,composition_label,bucket_order,composition_order,wilcoxon_gheft_vs_dheft_makespan_p_holm,wilcoxon_gheft_vs_dheft_makespan_significant_holm,wilcoxon_gheft_vs_nheft_makespan_p_holm,wilcoxon_gheft_vs_nheft_makespan_significant_holm,wilcoxon_gheft_vs_nheft_vcpus_p_holm,wilcoxon_gheft_vs_nheft_vcpus_significant_holm
"(0.10, 0.18]",e01x,e31x,/Users/tengfeisun/Developer/2026/with-downloadscheduling2022-t/experiments/four/e01x/run_20260812_233857_151_500,/Users/tengfeisun/Developer/2026/with-downloadscheduling2022-t/experiments/four/e31x/run_20260812_221447_151_500,500,500,500,500,500,500,488,488,488,100.0,100.0,0.1107,0.177,0.0199,488,41.18570327868853,4.861832177051429,40.27255,37.56105000000001,44.04559999999999,40.77192720286885,41.6185840829918,488,42.049180327868854,4.143429441937001,42.0,39.0,45.0,41.682377049180324,42.415983606557376,488,40.988255665525074,4.988524734723379,40.186307372116886,37.141673024044906,43.92697109500806,40.551442622763545,41.43421437673681,488,55.19877049180328,4.51593556750838,55.0,52.0,58.0,54.81352459016394,55.60655737704918,488,42.881733175346604,5.505784014753838,41.97585828460039,38.59128767383133,45.97027047980434,42.40332679771363,43.37695409762797,488,45.584016393442624,4.504288471699055,45.0,42.75,48.25,45.18647540983606,45.98155737704918,488,4.706637140903892,6.0321347634193625,3.2123757602055028,1.0709818334573453,6.966712837856388,4.186269203104079,5.251229174184214,488,17.19576045483056,7.611309072874006,17.50208855472013,12.108150470219435,22.595861229458308,16.51105246991357,17.86163737103362,488,-4.148560788640964,5.826886785529366,-2.8129191777436597,-6.376480411372619,-0.5525051044007926,-4.6816719889088345,-3.660781868960787,488,90,18.442622950819672,14.959016393442623,21.92622950819672,488,481,98.56557377049181,97.3360655737705,99.59016393442623,488,90,18.442622950819672,15.163934426229508,21.92622950819672,488,486,90,396,2,-1.6960298966580722,-1.1750835989935489,11858.0,1.145980386888768e-52,488,461,414,47,27,1.8934775098215215,1.31176785066069,7236.0,3.7524229768077965e-58,488,485,481,4,3,9.614754098360656,9.0,45.5,3.7723321359346445e-81,x,Balanced (CCR ~= IDR),0,0,2.0627646963997823e-51,True,7.880088251296373e-57,True,7.921897485462754e-80,True
"(0.10, 0.18]",e01y,e31y,/Users/tengfeisun/Developer/2026/with-downloadscheduling2022-t/experiments/four/e01y/run_20260812_233857_151_500,/Users/tengfeisun/Developer/2026/with-downloadscheduling2022-t/experiments/four/e31y/run_20260812_233415_151_500,500,500,500,500,500,500,274,274,274,100.0,100.0,0.1177,0.1792,0.04109999999999999,274,41.19295291970803,4.953367119911984,39.9611,37.692474999999995,44.15850000000001,40.61065545620438,41.780851341240876,274,42.10948905109489,4.068423625957108,42.0,39.0,45.0,41.62408759124087,42.59133211678832,274,40.76987696223119,5.155802904185872,39.741356939397654,36.89715761463341,43.846576065333636,40.1813459483162,41.38194462022538,274,55.605839416058394,4.476814775956328,56.0,52.0,59.0,55.0875,56.127737226277375,274,42.45069453468725,5.66570508737164,41.329490774152994,38.45214781728383,45.45745432293723,41.78386854395109,43.12413240017547,274,46.82116788321168,4.583070146134137,47.0,44.0,50.0,46.27372262773723,47.36861313868613,274,4.208758232355374,6.123719338672345,2.848293257279254,0.6449536687021188,6.0837054472276035,3.5309603625431656,4.945335347510673,274,15.611116119064626,7.320744523683828,15.384615384615385,10.204081632653061,20.967741935483872,14.758467677936972,16.479729587470374,274,-3.058813438484234,5.989930794907744,-2.1823522815680096,-4.7731174148659505,-0.0001092068806244306,-3.817309497754427,-2.379860075381949,274,65,23.722627737226276,18.613138686131386,28.83211678832117,274,268,97.81021897810218,95.98540145985402,99.27007299270073,274,61,22.26277372262774,17.51824817518248,27.37226277372263,274,272,65,207,2,-1.257741614979231,-0.9365433916302912,6518.0,1.7512645706436857e-20,274,255,226,29,19,1.6808175724560757,1.1282449193607036,2716.0,8.380296528547556e-31,274,271,268,3,3,8.784671532846716,9.0,15.0,3.4881907675446147e-46,y,Image-dominant (CCR < IDR),0,1,1.9263910277080544e-19,True,1.340847444567609e-29,True,4.1858289210535375e-45,True
"(0.10, 0.18]",e01z,e31z,/Users/tengfeisun/Developer/2026/with-downloadscheduling2022-t/experiments/four/e01z/run_20260812_233857_151_500,/Users/tengfeisun/Developer/2026/with-downloadscheduling2022-t/experiments/four/e31z/run_20260812_235008_151_500,500,500,500,500,500,500,475,475,475,100.0,100.0,0.1125,0.1766,0.0468,475,41.257398736842106,4.829857375382681,40.34440000000001,37.62735000000001,43.96690000000001,40.82863585263157,41.695814778947366,475,42.22526315789474,4.193851447327074,42.0,39.0,45.0,41.856842105263155,42.59368421052631,475,41.143516988705606,4.843665822570671,40.25926658476658,37.5271722263233,43.82977322133722,40.714172639601664,41.578601518912144,475,54.92631578947368,4.33813942808838,55.0,52.0,58.0,54.543157894736844,55.317894736842106,475,43.46906593733444,5.582942609577715,42.72230810810811,39.63432393213614,46.438185245751846,42.97000587249721,43.96228998495753,475,44.25473684210527,4.6243204181085895,44.0,41.0,47.0,43.84205263157895,44.66947368421052,475,5.728830154046024,6.64463455336163,4.412066054168478,1.5441569076286026,8.577626045972316,5.132646456612679,6.339833403198058,475,19.227490011066486,7.940200473972545,18.867924528301888,13.725490196078432,24.57578372159908,18.520138648062474,19.94832960549455,475,-5.434093041310909,6.720749112571989,-3.8725585542545224,-8.737287215769333,-1.004497986349009,-6.065951884944527,-4.861046095836877,475,69,14.526315789473685,11.368421052631579,17.68421052631579,475,471,99.15789473684211,98.3157894736842,99.78947368421052,475,69,14.526315789473685,11.368421052631579,17.894736842105264,475,473,69,404,2,-2.211667200492332,-1.6217293413173621,8785.0,7.298408404466663e-57,475,453,403,50,22,2.3255489486288243,1.709253968253961,5218.0,1.1331195076503483e-61,475,472,471,1,3,10.67157894736842,10.0,2.0,3.942900365329439e-79,z,Data-dominant (CCR > IDR),0,2,1.3866975968486659e-55,True,2.4928629168307664e-60,True,7.885800730658878e-78,True
"(0.18, 0.32]",e02x,e32x,/Users/tengfeisun/Developer/2026/with-downloadscheduling2022-t/experiments/four/e02x/run_20260812_233857_151_500,/Users/tengfeisun/Developer/2026/with-downloadscheduling2022-t/experiments/four/e32x/run_20260812_221535_151_500,500,500,500,500,500,500,394,394,394,100.0,100.0,0.1801,0.2433,0.0199,394,41.78719796954314,4.5588395547496585,40.8903,38.50789999999999,44.342774999999996,41.34247428299492,42.24012666243655,394,42.545685279187815,4.197926807164093,42.5,39.0,45.0,42.12937817258884,42.954314720812185,394,41.577719942947446,4.819174198320901,40.83790052839472,38.04801582684091,44.322370675917654,41.11197778944776,42.06710333214425,394,56.4263959390863,4.757307351563001,56.0,53.0,60.0,55.94670050761421,56.90355329949239,394,43.26115194890123,5.533356551836427,42.24241295892102,39.17850137155186,46.50412583138243,42.71365897355913,43.8085536921859,394,47.65736040609137,4.53562198669198,48.0,45.0,51.0,47.20558375634518,48.10659898477157,394,4.1145024509273025,6.669534645694494,2.7845114201565213,0.022799458484798616,7.0460279812172075,3.4671885771637534,4.779546385626157,394,15.296055645898193,7.447091710101393,15.517241379310345,9.836065573770492,19.664812646370024,14.575762050874449,16.02147262804401,394,-3.4916160589666134,6.293702645530032,-2.4683288820667575,-5.8749780177166455,-0.00010534318437975102,-4.120658308358292,-2.882941319230313,394,88,22.33502538071066,18.274111675126903,26.395939086294415,394,385,97.71573604060913,96.19289340101523,98.98477157360406,394,87,22.081218274111674,18.02030456852792,26.14213197969543,394,393,88,305,1,-1.4739539793580856,-1.0210796836238671,13783.0,1.9074406920708134e-28,394,365,295,70,29,1.6834320059537868,1.161101549545176,9276.0,5.885331063566162e-33,394,391,385,6,3,8.769035532994923,9.0,106.5,1.5109156487155765e-65,x,Balanced (CCR ~= IDR),1,0,2.4796728996920576e-27,True,1.0593595914419091e-31,True,2.2663734730733646e-64,True
"(0.18, 0.32]",e02y,e32y,/Users/tengfeisun/Developer/2026/with-downloadscheduling2022-t/experiments/four/e02y/run_20260812_233857_151_500,/Users/tengfeisun/Developer/2026/with-downloadscheduling2022-t/experiments/four/e32y/run_20260812_233407_151_500,500,500,500,500,500,500,238,238,238,100.0,100.0,0.1809,0.2586,0.0548,238,42.418452100840334,4.772010037273543,41.90984999999999,38.948675,45.013799999999996,41.83320879201681,43.0269637710084,238,42.89495798319328,4.31969972271565,43.0,40.0,46.0,42.357142857142854,43.436974789915965,238,41.7660646811053,5.195659364052088,41.11526847281989,37.97537034158885,44.460315583333326,41.128672652738835,42.43023505105247,238,57.14705882352941,4.974980839255119,57.0,54.0,60.0,56.52090336134454,57.78151260504202,238,43.32748673625238,5.975801422948211,41.97661400710055,39.01179665116666,46.34375078429004,42.593350193701994,44.100013846117626,238,48.92857142857143,4.455966329008353,49.0,46.0,52.0,48.365546218487395,49.483193277310924,238,3.774832712032967,6.558292446774224,2.59795755381392,0.0,5.774637134611464,2.9780165189882695,4.648563431001996,238,14.068938686518395,7.721466741398561,13.819628647214854,9.25925925925926,19.910714285714285,13.069237913489395,15.049607973905735,238,-2.0771699056429425,7.047646293185048,-0.8378259136182173,-4.007716419444559,1.4658005034547803,-3.0132631187301806,-1.2246856935593449,238,89,37.39495798319328,31.092436974789916,43.69747899159664,238,225,94.53781512605042,91.59663865546219,97.05882352941177,238,84,35.294117647058826,29.41176470588235,41.186974789915816,238,236,89,147,2,-0.9090346354120519,-0.33250477447669624,9587.0,2.8267064026785717e-05,238,218,169,49,20,1.5614220551470857,1.0724957287844283,3621.0,4.762592996687897e-19,238,231,225,6,7,8.218487394957982,8.0,116.5,4.826726177162374e-39,y,Image-dominant (CCR < IDR),1,1,0.00011306825610714287,True,4.286333697019108e-18,True,4.826726177162374e-38,True
"(0.18, 0.32]",e02z,e32z,/Users/tengfeisun/Developer/2026/with-downloadscheduling2022-t/experiments/four/e02z/run_20260812_233857_151_500,/Users/tengfeisun/Developer/2026/with-downloadscheduling2022-t/experiments/four/e32z/run_20260812_235019_151_500,500,500,500,500,500,500,417,417,417,100.0,100.0,0.1802,0.243,0.0645,417,41.677890887290175,4.575079616385152,40.72460000000001,38.331,44.2835,41.238260419664265,42.121663723021584,417,42.8705035971223,4.34758089074252,43.0,40.0,46.0,42.44604316546763,43.28297362110312,417,41.78386362060085,4.714158300234321,41.13360000000001,38.327893916349815,44.48996716196136,41.32718595996203,42.23691285684135,417,56.26858513189448,4.856082245203663,56.0,53.0,59.0,55.80815347721823,56.729016786570746,417,43.959464038363464,5.450174915538023,43.193686232790995,40.01306935270807,47.556062962962976,43.43994509287905,44.47988191494255,417,46.302158273381295,4.7215565539551685,46.0,43.0,49.0,45.853717026378895,46.752997601918466,417,5.314727197753383,7.186443576771235,3.8901204278361474,0.965965244789331,8.740653428001528,4.64295627289033,6.032246065668499,417,17.46952165198828,7.798714264833286,17.543859649122805,12.5,23.214285714285715,16.706850010400633,18.19761766625794,417,-5.540245353917339,7.161475342130332,-3.974377848632943,-8.30599121566482,-0.9659215690594657,-6.242794333835378,-4.866614247208984,417,63,15.107913669064748,11.750599520383693,18.705035971223023,417,409,98.08153477218225,96.64268585131894,99.28057553956835,417,61,14.628297362110311,11.270983213429256,18.225419664268586,417,415,63,352,2,-2.2815731510733004,-1.6503901408450758,7038.0,2.146540070267289e-49,417,397,342,55,20,2.1756004177626207,1.5800999999999945,7466.0,1.4972023554910013e-44,417,415,409,6,2,9.96642685851319,10.0,95.5,1.630544359371242e-69,z,Data-dominant (CCR > IDR),1,2,3.649118119454391e-48,True,2.8446844754329026e-43,True,2.6088709749939874e-68,True
"(0.32, 0.56]",e03x,e33x,/Users/tengfeisun/Developer/2026/with-downloadscheduling2022-t/experiments/four/e03x/run_20260812_233857_151_500,/Users/tengfeisun/Developer/2026/with-downloadscheduling2022-t/experiments/four/e33x/run_20260812_221549_151_500,500,500,500,500,500,500,285,285,285,100.0,100.0,0.3201,0.4536,0.01999999999999999,285,46.00031789473684,4.350917799623438,45.59959999999999,42.795399999999994,48.6821,45.49478242982456,46.50466167543859,285,44.17894736842105,4.557872652171992,44.0,41.0,47.0,43.64912280701754,44.69824561403509,285,44.76562774844325,5.1245256031632955,44.08348305128205,40.98533862179361,47.684191627447056,44.18451423777408,45.373150416994896,285,58.17894736842105,4.945432408290163,58.0,55.0,62.0,57.59298245614035,58.75438596491228,285,46.42522881323777,6.0838689318952,45.38192476489028,42.13365449515906,49.26882687140115,45.73302389110636,47.15576161121547,285,49.98947368421052,4.738577229362842,50.0,47.0,53.0,49.449122807017545,50.533421052631574,285,3.8724581777443237,8.742960252825814,1.9461493481613337,0.0,6.430247426989304,2.8560293762606204,4.889140271947558,285,13.780537691072125,7.999364401466479,14.285714285714285,8.16326530612245,19.047619047619047,12.840967758399636,14.716837628772847,285,-0.899364721446784,8.686688671118667,-0.2861023907501241,-4.7204247391831915,4.777134985626958,-1.8980036980965735,0.09072021781712496,285,136,47.719298245614034,42.10526315789474,53.333333333333336,285,272,95.43859649122807,92.98245614035088,97.54385964912281,285,127,44.56140350877193,38.94736842105263,50.526315789473685,285,284,136,148,1,-0.4249109185009378,-0.12792111801242356,19256.0,0.47973726405346095,285,251,184,67,34,1.659601064794529,0.8877321741315569,7333.0,1.7697583678352425e-13,285,281,272,9,4,8.189473684210526,8.0,303.0,1.7576508296386483e-46,x,Balanced (CCR ~= IDR),2,0,0.47973726405346095,False,1.415806694268194e-12,True,2.2849460785302428e-45,True
"(0.32, 0.56]",e03y,e33y,/Users/tengfeisun/Developer/2026/with-downloadscheduling2022-t/experiments/four/e03y/run_20260812_233857_151_500,/Users/tengfeisun/Developer/2026/with-downloadscheduling2022-t/experiments/four/e33y/run_20260812_233401_151_500,500,500,500,500,500,500,184,184,184,100.0,100.0,0.3306,0.4811,0.0948,184,47.1887195652174,4.9627906754414886,46.96919999999999,43.317074999999996,50.151650000000004,46.48510385869565,47.914067663043475,184,44.95108695652174,4.556002335602423,45.0,41.0,48.0,44.30434782608695,45.630434782608695,184,44.39239684604554,5.094535239666233,43.7574184246824,40.79550522399353,47.75405674863563,43.663298667715225,45.12405818478734,184,58.69565217391305,5.170828495696585,58.0,55.0,62.0,57.95108695652174,59.43478260869565,184,46.19582861922446,6.128185127477056,45.26990843674814,41.950128541647146,49.8132069665205,45.31613524072494,47.08594609060883,184,51.14673913043478,4.753507789323574,51.0,47.75,54.0,50.44021739130435,51.82608695652174,184,4.135866077833615,8.070391171112492,2.025817886257735,0.0,6.905326900453362,3.018512135180306,5.32810036486222,184,12.614369382738133,6.957075804532143,12.200956937799042,7.96078431372549,16.666666666666664,11.612239865769896,13.64136750035778,184,2.076645377747765,8.18575811600353,2.7005292936550958,-1.3608654702937681,7.406065341559314,0.8701435839102402,3.2036584682262665,184,119,64.67391304347827,57.608695652173914,71.73913043478261,184,178,96.73913043478261,94.02173913043478,98.91304347826087,184,115,62.5,55.43478260869565,69.56521739130434,184,183,119,64,1,0.9928909459929366,1.226972252024062,5202.0,7.4010006531711495e-06,184,158,123,35,26,1.8034317731789142,0.8947295789662704,2106.0,4.263617917488403e-13,184,181,178,3,3,7.548913043478261,7.0,29.5,2.7480583963245632e-31,y,Image-dominant (CCR < IDR),2,1,3.700500326585575e-05,True,2.984532542241882e-12,True,1.923640877427194e-30,True
"(0.32, 0.56]",e03z,e33z,/Users/tengfeisun/Developer/2026/with-downloadscheduling2022-t/experiments/four/e03z/run_20260812_233857_151_500,/Users/tengfeisun/Developer/2026/with-downloadscheduling2022-t/experiments/four/e33z/run_20260812_235025_151_500,500,500,500,500,500,500,469,469,469,100.0,100.0,0.3206,0.4679,0.12880000000000003,469,45.222974200426435,4.6146385572311335,44.50849999999999,41.8065,47.8462,44.80356487739871,45.66102738805969,469,43.53304904051173,4.683289474170046,43.0,40.0,46.0,43.1065565031983,43.96588486140725,469,45.00244981359776,5.029165846527781,44.25720670262794,41.21689534697856,48.005871902394105,44.5475656112865,45.46764443313253,469,57.91684434968017,5.066176791778024,58.0,54.0,61.0,57.46268656716418,58.375266524520256,469,47.28985296974597,6.442778152058452,46.27046153846154,42.86064146023468,50.20416611195159,46.71954839543837,47.877530701667936,469,48.230277185501066,4.910117338051238,48.0,45.0,51.0,47.78678038379531,48.68017057569296,469,5.2018922069991005,9.417577799645139,2.9883341258849625,0.0,9.766566174195766,4.356549699731318,6.0574246898001025,469,16.460441657132467,7.94922204764726,16.666666666666664,10.714285714285714,22.641509433962266,15.741541165714734,17.190553105025014,469,-4.598099600851002,9.605087141419302,-3.08779169447888,-9.256223176524712,1.522168214606699,-5.479294529653957,-3.735934143907316,469,146,31.13006396588486,26.865671641791046,35.39445628997868,469,460,98.08102345415779,96.80170575692964,99.14712153518124,469,144,30.70362473347548,26.439232409381663,34.9680170575693,469,468,146,322,1,-2.0668787693195365,-1.35843690248565,27600.0,1.2008100175129954e-20,469,445,332,113,24,2.2874031561482173,1.2532684454978522,19692.0,2.9098012675224976e-28,469,465,460,5,4,9.686567164179104,10.0,88.5,9.853238968676367e-78,z,Data-dominant (CCR > IDR),2,2,1.4409720210155944e-19,True,4.073721774531497e-27,True,1.6750506246749825e-76,True
"(0.56, 1.00]",e04x,e34x,/Users/tengfeisun/Developer/2026/with-downloadscheduling2022-t/experiments/four/e04x/run_20260812_233857_151_500,/Users/tengfeisun/Developer/2026/with-downloadscheduling2022-t/experiments/four/e34x/run_20260812_221557_151_500,500,500,500,500,500,500,173,173,173,100.0,100.0,0.588,0.8686,0.01980000000000004,173,56.32207630057803,6.110500920153019,55.52759999999999,52.1955,60.26510000000001,55.41032807803469,57.2725087716763,173,43.71098265895954,5.177966026182694,44.0,40.0,47.0,42.947976878612714,44.49132947976879,173,50.84603091443983,6.724814735063073,50.04575786163522,45.69642325581396,55.09804087591241,49.86095239553909,51.85586648475043,173,56.104046242774565,5.584513036811203,55.0,52.0,60.0,55.28901734104046,56.947976878612714,173,53.48134854847944,8.604910949534778,52.25334755700326,47.43750517503804,57.06907363203739,52.23169359019759,54.757108157923014,173,47.83815028901734,4.883210562313133,47.0,45.0,51.0,47.12138728323699,48.578034682080926,173,5.365704520357127,11.30795529030869,2.370506954155179,-0.24711078995183544,8.50621686688546,3.7335388975713912,7.112490672737111,173,14.262920734613571,9.293678267846401,14.285714285714285,8.0,21.428571428571427,12.870541156276198,15.606169975856833,173,4.96547647770231,11.670407089347938,7.02013067872352,-0.9645736664645802,12.669868798248169,3.2224847808004218,6.660352695855081,173,123,71.09826589595376,64.16184971098266,77.45664739884393,173,161,93.0635838150289,89.01734104046243,96.53179190751445,173,114,65.89595375722543,58.959537572254334,72.83236994219654,173,173,123,50,0,2.8407277520986005,3.900684950413236,3720.0,8.003041469350952e-09,173,153,108,45,20,2.635317634039605,1.2101239999999933,2715.0,7.286299119517253e-09,173,169,161,8,4,8.265895953757225,8.0,242.0,1.1313648451953694e-27,x,Balanced (CCR ~= IDR),3,0,5.6021290285456663e-08,True,4.371779471710352e-08,True,6.788189071172216e-27,True
"(0.56, 1.00]",e04y,e34y,/Users/tengfeisun/Developer/2026/with-downloadscheduling2022-t/experiments/four/e04y/run_20260812_233857_151_500,/Users/tengfeisun/Developer/2026/with-downloadscheduling2022-t/experiments/four/e34y/run_20260812_233354_151_500,500,500,500,500,500,500,154,154,154,100.0,100.0,0.5927,0.9248,0.1629,154,57.26402597402598,6.342186153547454,56.653299999999994,52.60972499999998,61.908,56.26512564935066,58.26245266233767,154,45.0,5.3099979690554076,44.0,41.0,48.0,44.18181818181818,45.85064935064935,154,50.92942674799948,6.468835710484354,50.07071631434469,46.39754492345668,54.779664282936835,49.92212992119671,51.94571680351752,154,55.65584415584416,6.084782121469095,55.0,51.0,59.0,54.72727272727273,56.642857142857146,154,53.067004087303914,7.840951248875803,51.61598917830224,47.79151457305971,56.754734142434664,51.8415769506403,54.31663209091043,154,48.4025974025974,5.113763921486706,48.0,45.0,52.0,47.603896103896105,49.22077922077922,154,4.432146791723584,10.643678778474193,0.7748691029413004,0.0,7.2861753774557005,2.832392473853611,6.141742911425572,154,12.598010369448986,8.680200295898894,12.834591626630061,7.175324675324675,19.278033794162827,11.210144494818344,13.948244215161411,154,7.251603901911227,9.585714538450407,9.078997585029008,2.500480733466952,13.179029350697471,5.724324864774079,8.740430109724892,154,128,83.11688311688312,76.62337662337663,88.96103896103897,154,140,90.9090909090909,86.36363636363636,94.8051948051948,154,115,74.67532467532467,67.53246753246754,81.16883116883118,154,154,128,26,0,4.197021886722067,5.079802472307776,1604.0,3.5155066101357034e-15,154,134,96,38,20,2.137577339304424,0.39196092780749225,2180.0,1.9690817091949168e-07,154,150,140,10,4,7.253246753246753,7.0,249.5,2.902046341139969e-24,y,Image-dominant (CCR < IDR),3,1,3.1639559491221334e-14,True,5.90724512758475e-07,True,1.4510231705699844e-23,True
"(0.56, 1.00]",e04z,e34z,/Users/tengfeisun/Developer/2026/with-downloadscheduling2022-t/experiments/four/e04z/run_20260812_233857_151_500,/Users/tengfeisun/Developer/2026/with-downloadscheduling2022-t/experiments/four/e34z/run_20260812_235035_151_500,500,500,500,500,500,500,495,495,495,100.0,100.0,0.5652,0.9045,0.25360000000000005,495,54.519226868686864,5.525094284884894,53.8228,50.7208,57.9547,54.036409792929305,55.00021795959596,495,42.72929292929293,4.980879483606591,43.0,39.0,46.0,42.28484848484848,43.173737373737374,495,50.3390756990648,5.871415180054174,49.81846111111112,46.01063991307571,53.799813656148714,49.818240443319425,50.846598970885765,495,56.696969696969695,5.878414754799481,56.0,53.0,60.0,56.16767676767677,57.216161616161614,495,54.007960488145564,8.72031503208497,51.89061350293542,47.90264257114258,58.49965906394913,53.26158418710146,54.79608848834276,495,47.971717171717174,4.716583723958411,48.0,45.0,51.0,47.56156565656566,48.38994949494949,495,7.574644629169893,14.47740459858864,3.5000946100289276,-0.013522784642446736,11.942748529258104,6.323686185044412,8.87762554074391,495,14.942789150074962,8.33446133923335,15.384615384615385,10.0,20.15625,14.191418437389446,15.666305477532806,495,0.6959994043711428,14.25173685112565,3.1736780506673368,-4.907559714928926,10.143979988673811,-0.5814958334524516,1.9383641025409593,495,298,60.2020202020202,55.95959595959596,64.64646464646465,495,466,94.14141414141415,91.91919191919192,96.16161616161617,495,278,56.16161616161616,51.91919191919192,60.60606060606061,495,495,298,197,0,0.5112663805413032,1.7499427480915983,48625.0,6.176800553500396e-05,495,469,345,124,26,3.668884789080762,1.7892957027790786,23540.0,5.975344458557018e-27,495,484,466,18,11,8.725252525252525,9.0,831.0,7.137372448253638e-79,z,Data-dominant (CCR > IDR),3,2,0.00018530401660501187,True,7.170413350268422e-26,True,1.3561007651681912e-77,True
"(1.00, 1.78]",e05x,e35x,/Users/tengfeisun/Developer/2026/with-downloadscheduling2022-t/experiments/four/e05x/run_20260812_233857_151_500,/Users/tengfeisun/Developer/2026/with-downloadscheduling2022-t/experiments/four/e35x/run_20260812_221603_151_500,500,500,500,500,500,500,108,108,108,100.0,100.0,1.105,1.6452,0.01970000000000005,108,72.84357499999999,7.259523774694213,72.55815000000001,67.52829999999999,77.5594,71.5026452314815,74.19653377314815,108,41.02777777777778,5.854079707450506,41.0,37.0,45.0,39.916666666666664,42.129629629629626,108,56.84573647121236,7.401077448251174,55.78657612428228,51.12404328170694,59.96483441385434,55.4754279569271,58.255418857993604,108,49.425925925925924,5.5251400011081095,50.0,46.0,53.0,48.398148148148145,50.4537037037037,108,60.89821283090718,9.796084702530203,58.682824837973094,54.353453423076914,65.14766675114797,59.115961540548184,62.79211583804064,108,41.370370370370374,3.790279235620206,41.0,39.0,44.0,40.666666666666664,42.092592592592595,108,7.527992102706071,13.760337106321359,3.6346904645110176,-0.06823073471260711,10.871044771375129,5.140780877076396,10.259940158611602,108,15.610391293171501,9.414593184399004,16.666666666666664,11.484034833091437,20.466457023060798,13.771045725130318,17.344805416156003,108,16.191799422378384,11.687201967247738,18.126754871222527,9.951987428382758,24.342191005816744,13.960101970759352,18.38376298776396,108,98,90.74074074074075,85.18518518518519,95.37037037037037,108,100,92.5925925925926,87.03703703703704,97.22222222222223,108,90,83.33333333333333,75.92592592592592,89.81481481481481,108,108,98,10,0,11.945362169092826,12.798648051561752,254.0,1.691187622379961e-16,108,107,79,28,1,4.052476359694812,2.025792100309655,1139.0,5.357437663916683e-08,108,106,100,6,2,8.055555555555555,8.0,78.5,3.4230718075894386e-18,x,Balanced (CCR ~= IDR),4,0,1.691187622379961e-15,True,2.6787188319583415e-07,True,1.3692287230357754e-17,True
"(1.00, 1.78]",e05y,e35y,/Users/tengfeisun/Developer/2026/with-downloadscheduling2022-t/experiments/four/e05y/run_20260812_233857_151_500,/Users/tengfeisun/Developer/2026/with-downloadscheduling2022-t/experiments/four/e35y/run_20260812_233038_151_500,500,500,500,500,500,500,397,397,397,100.0,100.0,1.0458,1.7513,0.43630000000000013,397,74.86722317380352,7.484597499641069,74.06410000000001,69.78249999999998,79.57330000000002,74.1298097607053,75.59832620277078,397,41.98992443324937,5.830510073874152,41.0,38.0,46.0,41.415617128463474,42.55667506297229,397,56.34432551494072,7.614972270233011,55.23320994824399,50.80638665027059,60.14342709163348,55.59860475081041,57.094758410046346,397,48.94458438287154,5.672185560378967,49.0,45.0,52.0,48.3904282115869,49.50125944584383,397,58.92316081257675,8.047954658778087,57.43932265977436,53.29667073170732,63.13384385714285,58.145144078013786,59.71453315015242,397,41.4382871536524,4.2627521209433805,41.0,38.0,44.0,41.015113350125944,41.848866498740556,397,4.9626789282085895,9.489402097938497,2.772047327166941,-0.09546781270514515,9.992232081281205,4.026010476252378,5.904392388141728,397,14.707284721007147,9.446053153941097,15.217391304347828,9.090909090909092,20.689655172413794,13.750908525396303,15.604129958067617,397,21.144575077232062,8.620863877518213,22.131569776738736,16.3990199287356,26.912624453485684,20.29324770976045,21.984398014187942,397,389,97.98488664987406,96.4735516372796,99.24433249370277,397,366,92.19143576826197,89.4206549118388,94.7103274559194,397,358,90.17632241813602,86.90176322418137,92.9471032745592,397,397,389,8,0,15.944062361226775,16.070016998272877,104.0,1.8533032973433638e-66,397,368,267,101,29,2.578835297636027,1.5572630272952708,14944.0,1.3228946365925576e-20,397,389,366,23,8,7.506297229219143,7.0,1143.5,8.725531373665975e-62,y,Image-dominant (CCR < IDR),4,1,4.077267254155401e-65,True,1.3228946365925577e-19,True,1.2215743923132366e-60,True
"(1.00, 1.78]",e05z,e35z,/Users/tengfeisun/Developer/2026/with-downloadscheduling2022-t/experiments/four/e05z/run_20260812_233857_151_500,/Users/tengfeisun/Developer/2026/with-downloadscheduling2022-t/experiments/four/e35z/run_20260812_235041_151_500,500,500,500,500,500,500,490,490,490,100.0,100.0,1.0516,1.6873,0.44329999999999997,490,71.0819455102041,7.856664386821388,70.97084999999998,65.596025,75.82937500000003,70.38163330612245,71.78205058163265,490,39.19591836734694,5.428319258561769,39.0,35.0,43.0,38.71632653061224,39.673469387755105,490,57.94497187127196,7.325116631308663,56.50908016533035,53.109383413122195,62.2115819311344,57.32370090857238,58.60306383291622,490,51.012244897959185,5.8999716699975355,51.0,47.0,55.0,50.48158163265306,51.53061224489796,490,61.81983258525674,9.228330427110548,60.20870668419664,55.69671446385262,65.75638712469586,61.01859423799106,62.64745287703597,490,42.093877551020405,4.444541615175255,42.0,39.0,45.0,41.70816326530612,42.48979591836735,490,7.147441431181119,12.857888157401307,4.599648292903015,-0.1640979110388447,12.06519817661715,6.061554626577784,8.298102815436499,490,16.874171328109817,9.317993893785337,17.349498327759196,11.904761904761903,23.036858974358974,16.05355136925155,17.692120140524604,490,12.641270950781449,11.727124372648317,14.286697759114872,8.129718650809464,20.14590339542464,11.587254172433322,13.657398725234076,490,432,88.16326530612245,85.3061224489796,91.0204081632653,490,462,94.28571428571429,92.24489795918367,96.3265306122449,490,408,83.26530612244898,79.79591836734694,86.53061224489795,490,490,432,58,0,9.262112924947337,9.942908155721067,8863.0,4.087368295598268e-60,490,477,351,126,13,3.874860713984781,2.578161703030144,22791.0,6.791254739420405e-30,490,479,462,17,11,8.918367346938776,9.0,845.0,5.371007946305335e-78,z,Data-dominant (CCR > IDR),4,2,8.174736591196537e-59,True,1.0186882109130607e-28,True,9.667814303349603e-77,True
"(1.78, 3.16]",e06x,e36x,/Users/tengfeisun/Developer/2026/with-downloadscheduling2022-t/experiments/four/e06x/run_20260812_233857_151_500,/Users/tengfeisun/Developer/2026/with-downloadscheduling2022-t/experiments/four/e36x/run_20260812_221608_151_500,500,500,500,500,500,500,59,59,59,100.0,100.0,1.9421,2.8605,0.01990000000000003,59,100.83200847457628,10.68117125106522,100.4129,94.26395000000002,105.52395000000001,98.10054627118645,103.5468490677966,59,35.05084745762712,5.01523103883374,35.0,31.5,39.0,33.779661016949156,36.33898305084746,59,69.60072850197123,8.228516211176263,67.79194063664764,64.36123596586796,71.95498106101098,67.59755296604266,71.78225454000918,59,45.13559322033898,5.799695673105865,45.0,40.0,48.0,43.69491525423729,46.57627118644068,59,76.45616238198738,8.13080286308653,74.86645967507884,70.41691776285423,80.70858195767184,74.44389703835527,78.57400427485862,59,35.05084745762712,4.158181502455625,35.0,32.0,38.0,34.0,36.11864406779661,59,10.66675524737005,13.07560960445823,10.202323886571136,1.237895655477998,17.292159807908288,7.449321412731243,14.000475232868702,59,21.860138163146726,8.192554705926073,22.5,17.94871794871795,26.7479674796748,19.803280154777212,23.89735924855305,59,23.433638521135972,10.92671878958849,24.95745919466032,17.326457648310992,32.31005347914106,20.60762842074758,26.087231884255864,59,57,96.61016949152543,91.52542372881356,100.0,59,58,98.30508474576271,94.91525423728814,100.0,59,56,94.91525423728814,88.13559322033899,100.0,59,59,57,2,0,24.375846092588898,24.70666628386472,9.0,3.7909295080327214e-11,59,57,47,10,2,6.8554338800161485,6.072930666535797,163.0,1.3520598958362482e-07,59,59,58,1,0,10.084745762711865,9.0,1.5,2.4517636514629273e-11,x,Balanced (CCR ~= IDR),5,0,3.032743606426177e-10,True,5.408239583344993e-07,True,7.355290954388782e-11,True
"(1.78, 3.16]",e06y,e36y,/Users/tengfeisun/Developer/2026/with-downloadscheduling2022-t/experiments/four/e06y/run_20260812_233857_151_500,/Users/tengfeisun/Developer/2026/with-downloadscheduling2022-t/experiments/four/e36y/run_20260812_232823_151_500,500,500,500,500,500,500,186,186,186,100.0,100.0,1.9714,3.0606,0.5767,186,103.38474784946236,9.629300455881724,102.81694999999999,96.36755000000002,110.65090000000001,102.0233872983871,104.78054231182796,186,35.376344086021504,4.92958849989146,35.0,32.0,38.0,34.68817204301075,36.10215053763441,186,70.29373033755465,8.925705265236951,68.08158408658576,64.35193277921455,74.5409817587428,69.02319848691499,71.63419382032063,186,45.11827956989247,5.622059759824669,45.0,41.0,49.0,44.306451612903224,45.93010752688172,186,77.1491909856504,9.541508208291159,75.82174196929775,69.82735019437968,82.64228288547193,75.7961537282404,78.56078662853368,186,35.145161290322584,4.248421420767884,35.0,32.0,38.0,34.526881720430104,35.75268817204301,186,10.375436094420666,11.855395251317777,9.23682102304844,2.321013901905839,16.854718161068377,8.684964639994906,12.088216823329649,186,21.496990101774745,9.480130333692735,21.88470066518847,15.555555555555555,27.607425949103046,20.125663063970656,22.844924693096146,186,25.109190176020054,8.68216152740172,25.998739113850057,19.533336057540815,31.665313722442978,23.83935013349606,26.349858145204582,186,185,99.46236559139786,98.38709677419355,100.0,186,182,97.84946236559139,95.6989247311828,99.46236559139786,186,181,97.31182795698925,94.6236559139785,99.46236559139786,186,186,185,1,0,26.235556863811972,26.29718267963832,11.0,3.38928034504363e-32,186,180,155,25,6,6.855460648095752,6.019606118853368,1492.0,2.025074909878172e-21,186,184,182,2,2,9.973118279569892,10.0,8.5,6.390570637883561e-32,y,Image-dominant (CCR < IDR),5,1,4.744992483061082e-31,True,2.227582400865989e-20,True,5.112456510306849e-31,True
"(1.78, 3.16]",e06z,e36z,/Users/tengfeisun/Developer/2026/with-downloadscheduling2022-t/experiments/four/e06z/run_20260812_233857_151_500,/Users/tengfeisun/Developer/2026/with-downloadscheduling2022-t/experiments/four/e36z/run_20260812_235049_151_500,500,500,500,500,500,500,493,493,493,100.0,100.0,1.8541,2.9684,0.8081,493,95.49461967545639,11.58179258101582,93.5565,87.92689999999999,102.87639999999998,94.49867521298174,96.52182829107504,493,33.3711967545639,5.125076044233532,33.0,30.0,37.0,32.926977687626774,33.825557809330626,493,70.76658685945085,8.044264208363227,70.05434247045419,65.03679464750994,74.73939328214969,70.07027756487521,71.47944183948053,493,44.98580121703854,5.518059892449989,45.0,41.0,49.0,44.50709939148073,45.47875253549695,493,78.66996616736672,10.774133010560124,77.03031954385965,71.21783703703704,83.70782714183734,77.74712301263087,79.61926491241164,493,35.12576064908722,4.157519106565415,35.0,32.0,38.0,34.75659229208925,35.48483772819473,493,11.726870915489915,14.49913274230473,9.064230990774776,2.253298532545776,17.492025608707976,10.46529381636439,13.020442078968829,493,21.322184534700632,9.31066425779851,21.052631578947366,14.705882352941178,27.906976744186046,20.505564543954232,22.155378523358042,493,16.86088404012804,12.565609703124622,18.885128803856336,9.683616745964018,25.47346914416909,15.727899255494965,17.98271718542831,493,451,91.48073022312373,88.84381338742394,93.91480730223124,493,485,98.37728194726166,97.16024340770791,99.39148073022312,493,443,89.8580121703854,87.2210953346856,92.49492900608519,493,493,451,42,0,16.82465350808967,17.72313023093072,5040.0,1.0906506910788876e-69,493,484,405,79,9,7.903379307915849,6.285636042735035,10325.0,1.321391656025335e-55,493,491,485,6,2,9.860040567951318,9.0,61.5,4.4664287714351135e-82,z,Data-dominant (CCR > IDR),5,2,2.6175616585893305e-68,True,2.6427833120506697e-54,True,1.0272786174300761e-80,True
"(3.16, 5.62]",e07x,e37x,/Users/tengfeisun/Developer/2026/with-downloadscheduling2022-t/experiments/four/e07x/run_20260812_233857_151_500,/Users/tengfeisun/Developer/2026/with-downloadscheduling2022-t/experiments/four/e37x/run_20260812_221615_151_500,500,500,500,500,500,500,31,31,31,100.0,100.0,3.4964,4.9726,0.019700000000000273,31,147.15725806451613,13.40606228840207,147.41410000000002,141.17055,153.71099999999998,142.45133524193548,151.6594456451613,31,28.903225806451612,4.968935759359861,29.0,25.0,31.0,27.29032258064516,30.70967741935484,31,95.02221783001858,5.546933298001229,95.23141293110854,90.83810317325714,99.64768823479895,93.0908178269296,96.89451313612665,31,42.58064516129032,5.389954814581084,43.0,38.0,47.0,40.67741935483871,44.45161290322581,31,108.96002465661007,15.937462101242161,103.50414059134258,98.99635720369797,118.0382370300318,103.55051020226914,114.72142065509021,31,28.35483870967742,3.1890268849789076,28.0,26.0,30.0,27.258064516129032,29.483870967741936,31,14.610660496405925,14.785477748618932,12.080517177448622,2.6571985260553497,21.13084068189672,9.688586831527997,20.014534145956315,31,32.72009417810224,8.99863726052289,34.21052631578947,26.95630081300813,40.66731141199226,29.525260715437827,35.69901968524156,31,25.272697340953837,13.337644771662342,28.210548370756722,17.651213767524034,33.8536598840276,20.35966313103659,29.714023307584544,31,30,96.7741935483871,90.3225806451613,100.0,31,31,100.0,100.0,100.0,31,30,96.7741935483871,90.3225806451613,100.0,31,31,30,1,0,38.19723340790603,39.746730940407815,6.0,1.30385160446167e-08,31,31,27,4,0,13.93780682659151,10.927813336603208,26.0,9.955838322639465e-07,31,31,31,0,0,14.225806451612904,13.0,0.0,1.156322296772174e-06,x,Balanced (CCR ~= IDR),6,0,7.82310962677002e-08,True,1.991167664527893e-06,True,2.312644593544348e-06,True
"(3.16, 5.62]",e07y,e37y,/Users/tengfeisun/Developer/2026/with-downloadscheduling2022-t/experiments/four/e07y/run_20260812_233857_151_500,/Users/tengfeisun/Developer/2026/with-downloadscheduling2022-t/experiments/four/e37y/run_20260812_232816_151_500,500,500,500,500,500,500,199,199,199,100.0,100.0,3.4748,5.4317,1.0594000000000001,199,154.43615326633167,15.885666937874777,153.93069999999994,142.85434999999998,164.07459999999998,152.1982706155779,156.70715424623117,199,29.608040201005025,5.009802076615459,29.0,26.0,33.0,28.92964824120603,30.2964824120603,199,96.03410340002104,8.546651837408847,95.70802944631347,89.91305035592528,100.99942208655023,94.87867845678166,97.22444303562922,199,41.608040201005025,5.531099921517425,41.0,38.0,45.5,40.8391959798995,42.36180904522613,199,107.95029388729782,12.178035655063875,106.66903042405328,98.92058562295249,114.72547746878521,106.27615445429794,109.67826885478878,199,29.2964824120603,3.6122040179249764,29.0,27.0,32.0,28.809045226130653,29.798994974874372,199,12.817652993287751,12.507778616296793,10.39752460811581,4.143602705307895,21.32613522661774,11.12431680402151,14.59367052161286,199,28.921213025624507,9.138935134860628,28.57142857142857,23.52941176470588,34.883720930232556,27.646550733660327,30.21534745786215,199,29.602089425641466,8.99764962314344,30.28193910133058,24.048947865390613,36.061066076703185,28.364240661475474,30.822762708480944,199,199,100.0,100.0,100.0,199,198,99.49748743718592,98.49246231155779,100.0,199,198,99.49748743718592,98.49246231155779,100.0,199,199,199,0,0,46.48585937903385,46.032859927797816,0.0,2.0947485657182746e-34,199,198,173,25,1,11.916190487276767,10.073588652482314,1078.0,1.6715412871817053e-27,199,199,198,1,0,12.311557788944723,12.0,1.0,1.9556063728356414e-34,y,Image-dominant (CCR < IDR),6,1,3.142122848577412e-33,True,2.173003673336217e-26,True,1.7600457355520774e-33,True
"(3.16, 5.62]",e07z,e37z,/Users/tengfeisun/Developer/2026/with-downloadscheduling2022-t/experiments/four/e07z/run_20260812_233857_151_500,/Users/tengfeisun/Developer/2026/with-downloadscheduling2022-t/experiments/four/e37z/run_20260812_235056_151_500,500,500,500,500,500,500,493,493,493,100.0,100.0,3.2975,5.2742,1.4310999999999998,493,136.12191561866126,16.309785403127677,135.28150000000005,124.60620000000002,146.1118,134.69426499999997,137.5623375557809,493,27.578093306288032,4.519659721639044,27.0,24.0,31.0,27.170385395537526,27.969574036511155,493,95.75220623834016,9.280071920707803,95.51733057094172,89.27719199876836,101.50298199730568,94.95924430921991,96.60216989403239,493,40.84178498985801,5.312138888579897,41.0,37.0,44.0,40.37931034482759,41.30425963488844,493,110.75073915529174,14.566339204179414,109.25733572526258,100.1962600055878,118.7059855670103,109.48311218919783,112.0325183087533,493,28.815415821501013,3.582421752008181,29.0,26.0,31.0,28.49898580121704,29.127789046653145,493,16.171226772729494,15.210345269571649,14.517060517200687,5.920712891944034,23.569354925932,14.881904853765734,17.543630437818415,493,28.822590317578143,8.919571681450249,28.888888888888886,23.684210526315788,34.285714285714285,28.011525841199752,29.606821097262433,493,17.52198382321445,14.606108144760011,19.135848261836383,10.475401399717489,27.36406548846005,16.216162454783976,18.792152058617614,493,436,88.43813387423936,85.59837728194726,91.27789046653145,493,493,100.0,100.0,100.0,493,436,88.43813387423936,85.59837728194726,91.07505070993915,493,493,436,57,0,25.371176463369505,25.921224708677954,6284.0,1.0623251305268649e-66,493,492,443,49,1,14.998532916951582,13.292645940633719,5008.0,1.4025204044680834e-69,493,493,493,0,0,12.026369168356998,12.0,0.0,1.409704177544899e-82,z,Data-dominant (CCR > IDR),6,2,2.4433478002117893e-65,True,3.225796930276592e-68,True,3.383290026107758e-81,True
"(5.62, 10.00]",e08x,e38x,/Users/tengfeisun/Developer/2026/with-downloadscheduling2022-t/experiments/four/e08x/run_20260812_233857_151_500,/Users/tengfeisun/Developer/2026/with-downloadscheduling2022-t/experiments/four/e38x/run_20260812_221622_151_500,500,500,500,500,500,500,12,12,12,100.0,100.0,7.0247,8.2499,0.018200000000000216,12,237.3896666666667,25.401271399759526,244.45165000000003,216.40410000000003,248.26467500000007,223.51620479166672,251.18953916666663,12,23.083333333333332,4.851585182997284,22.0,19.0,26.5,20.5,25.833333333333332,12,144.65842802399683,17.066633378677214,144.41794379107222,132.64166658894226,152.7425435120515,135.71929894584053,154.32664877112774,12,35.833333333333336,2.79067711996189,36.5,33.75,38.0,34.333333333333336,37.25,12,159.50201541393653,13.848980955681952,160.17610667346509,153.29374775781878,167.37544743092585,151.85122358094208,166.87479397981014,12,23.083333333333332,2.745519766433815,23.0,22.0,24.5,21.5,24.5,12,11.126232967775257,11.549477175072672,15.253250420391584,-0.013060786252405587,19.44265571795702,4.801211003068648,17.223281579462537,12,35.45862022083559,7.271549011296766,33.84502923976608,31.013257575757578,39.74039829302987,31.550913817651434,39.416379455981094,12,32.15625138032407,9.056131444495747,33.875402647251605,28.105946759748807,37.840889416480906,27.07970102492168,36.770766826783664,12,12,100.0,100.0,100.0,12,12,100.0,100.0,100.0,12,12,100.0,100.0,100.0,12,12,12,0,0,77.88765125273014,79.50229332653488,0.0,0.00048828125,12,12,9,3,0,14.843587389939684,20.446544767366717,9.0,0.01611328125,12,12,12,0,0,12.75,12.5,0.0,0.00048828125,x,Balanced (CCR ~= IDR),7,0,0.0009765625,True,0.01611328125,True,0.00048828125,True
"(5.62, 10.00]",e08y,e38y,/Users/tengfeisun/Developer/2026/with-downloadscheduling2022-t/experiments/four/e08y/run_20260812_233857_151_500,/Users/tengfeisun/Developer/2026/with-downloadscheduling2022-t/experiments/four/e38y/run_20260812_232040_151_500,500,500,500,500,500,500,254,254,254,100.0,100.0,6.2832,9.8037,2.0612,254,239.7545251968504,26.477973320611806,236.9069,221.623975,257.14722499999993,236.51322669291338,243.03825631889765,254,23.669291338582678,4.4269300172057084,23.0,20.0,26.0,23.12992125984252,24.212598425196852,254,148.13669695915078,12.381057259084768,147.65514677647008,138.82388240063077,156.47138901259933,146.60287144263444,149.65295998390064,254,36.374015748031496,4.799319988037587,36.0,33.0,39.75,35.78740157480315,36.968503937007874,254,160.83478124071422,14.837887435115238,160.17304663496958,150.71755787132273,168.61273613424657,159.02353804698546,162.63964393495763,254,22.988188976377952,3.1478486077680747,23.0,21.0,25.0,22.61023622047244,23.366141732283463,254,8.911946331565401,9.800273371828107,7.654971186088222,2.6551099260692697,14.411353214815641,7.729407139370378,10.144947595719113,254,36.20000392214668,8.991350372550754,36.36363636363637,31.25,41.86046511627907,35.07678925109317,37.291632936383756,254,32.22749579280876,9.00099946610069,33.67544947815965,26.50716934258783,38.657079085194525,31.114275043491876,33.321390622565566,254,253,99.60629921259843,98.81889763779527,100.0,254,254,100.0,100.0,100.0,254,253,99.60629921259843,98.81889763779527,100.0,254,254,253,1,0,78.91974395613622,79.37210634882884,6.0,2.199735349394478e-43,254,254,214,40,0,12.698084281563371,10.992828482729863,2592.0,3.924068575131874e-31,254,254,254,0,0,13.385826771653543,13.0,0.0,1.7695199531978916e-43,y,Image-dominant (CCR < IDR),7,1,3.519576559031165e-42,True,6.670916577724186e-30,True,1.9464719485176808e-42,True
"(5.62, 10.00]",e08z,e38z,/Users/tengfeisun/Developer/2026/with-downloadscheduling2022-t/experiments/four/e08z/run_20260812_233857_151_500,/Users/tengfeisun/Developer/2026/with-downloadscheduling2022-t/experiments/four/e38z/run_20260812_235104_151_500,500,500,500,500,500,500,488,488,488,100.0,100.0,5.9124,9.2457,2.4686,488,203.8291786885246,25.715808947263408,200.8988,185.89367499999997,219.97552499999998,201.56234106557378,206.20549701331964,488,22.32172131147541,3.5928544628424715,22.0,20.0,25.0,22.00409836065574,22.645491803278688,488,143.69235604154855,15.92597506071426,142.31214514274757,133.14444768173314,153.5331292541229,142.30196039009888,145.06439579888507,488,37.006147540983605,4.332433803766491,37.0,34.0,40.0,36.622950819672134,37.38934426229508,488,167.34186298170934,21.98768147869265,166.27458191086652,150.65882028955875,181.02525316645716,165.4072170817651,169.25773196937806,488,22.612704918032787,3.0525181409851645,23.0,20.75,25.0,22.34426229508197,22.885245901639344,488,17.11194647028039,15.086059016462869,14.75540311123384,6.563965414941061,26.06656807959336,15.825068126322,18.46471853927999,488,38.41339382172294,8.78315295056244,38.88888888888889,32.412559618441975,44.73684210526316,37.642074092199564,39.180844209732214,488,16.74878730961042,14.295804318696469,18.050415251071946,8.00011781229941,27.23782788020305,15.496435139701898,18.025651323420448,488,424,86.88524590163935,83.81147540983606,89.75409836065573,488,488,100.0,100.0,100.0,488,424,86.88524590163935,83.81147540983606,89.75409836065573,488,488,424,64,0,36.48731570681522,34.99179087425786,6186.0,5.65169228694353e-66,488,488,435,53,0,23.64950694016082,21.20396714638464,4459.0,3.493857850464362e-70,488,488,488,0,0,14.39344262295082,14.0,0.0,8.969772863869735e-82,z,Data-dominant (CCR > IDR),7,2,1.1868553802581412e-64,True,8.385258841114468e-69,True,1.9733500300513416e-80,True
