vnf_image_size_min,vnf_image_size_max,seed,HEFT,DHEFT,NHEFT,time_sec
1000,3000,6347,8086.5548000000135,354.9211000000001,61.073801999999986,3.189297914505005
1000,3000,7536,7068.360000000018,310.47059999999993,54.53733433333335,3.531661033630371
1000,3000,4078,7351.860800000015,323.8382999999999,42.12448405709877,2.9704227447509766
1000,3000,4726,8087.8449,356.3267000000001,63.400318650702665,3.2348427772521973
1000,3000,5978,8766.907899999995,352.6154000000002,53.250482016666666,4.495365142822266
1000,3000,8836,8352.7673,374.68650000000014,49.924579683333334,3.869562864303589
1000,3000,3380,8270.442099999987,364.52169999999995,53.336701,4.050385236740112
1000,3000,3669,7200.8615999999965,338.3719,50.465009245614056,3.384617805480957
1000,3000,7882,7990.718999999989,348.2595,55.060830227053145,4.237567901611328
1000,3000,2503,7385.81279999999,324.2767999999999,66.64853915357874,3.0620920658111572
1000,3000,5802,8032.574100000001,356.11190000000016,57.14454430867449,3.8032171726226807
1000,3000,6455,7621.8496999999925,347.55289999999997,47.54421825,4.107077121734619
1000,3000,5608,8451.633800000023,375.61750000000006,61.80358095238096,3.971705198287964
1000,3000,8258,7951.820599999996,340.2688999999997,71.54544964864868,4.568039178848267
1000,3000,7486,7592.397400000004,344.87499999999983,50.37915948888889,4.201139211654663
1000,3000,1839,7691.538500000007,336.2329,44.12839916944444,3.8592419624328613
1000,3000,3282,7767.106899999999,325.17390000000006,39.97460881927712,5.415456056594849
1000,3000,3216,7434.1355,333.3979999999999,56.14391945145834,5.343402862548828
1000,3000,9034,6965.361299999987,318.14770000000016,52.07139188888888,4.4228339195251465
1000,3000,7143,6839.632999999983,306.61729999999994,45.43095949056602,5.247499942779541
1000,3000,2446,7847.964199999993,353.3167,44.41110200000001,5.784635066986084
1000,3000,5924,7637.062000000006,336.17580000000004,51.858584890313395,5.382000923156738
1000,3000,8881,7206.104400000005,298.6511999999996,45.34305084833118,6.772728681564331
1000,3000,6634,6928.6655,299.68030000000005,53.006640448948964,6.194662809371948
1000,3000,3097,7304.208199999994,312.4879,59.26265987037036,5.058614015579224
1000,3000,1211,6430.758600000012,286.449,39.75363021281216,7.222941160202026
1000,3000,1921,7907.088199999989,334.7367,50.919837609637966,8.615732908248901
1000,3000,2740,7996.369700000002,346.1885,49.29520282815735,8.694015979766846
1000,3000,3306,7499.517399999991,331.98580000000027,46.90523533333334,6.470515966415405
1000,3000,4366,8002.262400000021,334.09839999999946,53.44927681481482,7.3121559619903564
1000,3000,5455,8725.999100000003,366.08250000000027,67.96970099999999,7.808953046798706
1000,3000,9095,7381.063699999972,314.5739999999999,42.31214033333333,6.888759136199951
1000,3000,8562,8384.9624,375.04830000000015,58.820217666666665,6.862087965011597
1000,3000,9815,6439.858699999989,294.6267999999997,45.682796774193555,6.718847990036011
1000,3000,1466,8208.946000000004,351.56989999999985,49.72012116666666,7.4482879638671875
1000,3000,8480,8305.96970000001,338.4200000000001,67.32856431975306,6.583631992340088
1000,3000,3792,8275.124000000013,370.0321,47.10788682166667,5.336998224258423
1000,3000,4697,7150.55939999999,321.5094000000001,51.055096267419955,6.8606116771698
1000,3000,1565,7349.640099999995,340.64590000000015,51.903529927777775,6.6197168827056885
1000,3000,5891,8430.326099999991,365.54470000000003,76.54464253981482,6.244840860366821
1000,3000,8308,7574.5328,331.0185000000001,64.21135204166666,6.191887140274048
1000,3000,4257,8057.151900000003,346.4951,57.306296425925964,6.9407758712768555
1000,3000,5733,7165.076500000007,321.51330000000013,60.511702,6.146290063858032
1000,3000,2946,7872.044800000004,342.3789,47.11766851629941,7.298928737640381
1000,3000,1292,7126.061199999997,323.51490000000007,35.1117,7.0441529750823975
1000,3000,5439,7376.160399999987,337.98619999999994,53.50543433333333,7.894648790359497
1000,3000,1714,6541.289000000008,298.38290000000006,49.11277966666667,6.246068954467773
1000,3000,9200,7104.354900000011,324.7466999999999,61.37906866666666,5.860647916793823
1000,3000,5804,7737.377699999999,341.38940000000014,64.91492388121344,7.554899215698242
1000,3000,3154,6822.149400000005,299.8773,69.82093633333332,7.8585309982299805
1000,3000,2195,7192.227699999994,320.2107000000003,57.262267718026614,7.412914752960205
1000,3000,3042,8506.88520000001,378.5781000000001,44.115023344170474,7.155267000198364
1000,3000,9808,7723.627200000007,319.49170000000004,58.868500999999995,8.640015840530396
1000,3000,5407,7436.524599999998,316.47700000000003,48.072700999999995,7.4934680461883545
1000,3000,3782,8280.890700000033,359.8040000000001,50.76755987037038,7.73751425743103
1000,3000,5410,6667.531599999995,298.5816000000001,51.20819729544894,7.735753059387207
1000,3000,8428,7871.843099999999,353.5632999999998,49.430967666666675,6.923739194869995
1000,3000,7236,8138.2427,358.12890000000004,48.49871911666669,8.926470041275024
1000,3000,2085,6466.1483999999855,322.9991000000003,50.904249826086954,5.59185004234314
1000,3000,2139,6980.933999999996,332.9772000000002,44.62277487993681,6.0060670375823975
1000,3000,6801,7241.408900000004,314.02670000000006,50.014691990991,7.918723106384277
1000,3000,6820,8055.651500000014,359.39259999999956,54.14611373168479,8.652748107910156
1000,3000,3830,8896.860300000011,380.0614,58.68065698861112,6.569339990615845
1000,3000,7975,7550.543899999994,337.83270000000016,43.153751515151505,5.361925840377808
1000,3000,3469,8277.927899999991,361.20640000000014,44.908187111111125,6.759864807128906
1000,3000,1454,6742.4071,303.5953,43.28233433333333,5.968436002731323
1000,3000,2573,7033.326400000002,313.4493999999999,37.14971668210866,6.065938234329224
1000,3000,3931,7618.716599999999,362.92680000000024,43.52474821311475,7.080466270446777
1000,3000,5445,7617.81030000003,324.5509,52.892578066666665,6.560766935348511
1000,3000,5745,7126.55849999998,320.9531,62.49533533333332,7.158056020736694
1000,3000,7167,8180.612300000033,342.21580000000006,64.64411399691357,7.403862953186035
1000,3000,7597,8376.564199999995,357.7342999999998,54.96016278434017,6.940960884094238
1000,3000,7005,8114.428699999978,350.00929999999977,69.45584420623501,6.445262670516968
1000,3000,3239,7507.366099999994,348.6162,53.77597322222222,6.4681501388549805
1000,3000,4331,7501.769199999997,336.35719999999986,48.73535638095238,6.360713958740234
1000,3000,5960,7315.618299999998,310.8325000000004,46.677060082030955,8.087684869766235
1000,3000,1284,7529.914999999997,331.9715999999999,78.47016966666666,7.1944661140441895
1000,3000,2402,8557.253799999993,362.3935000000003,58.54006866666668,7.683203935623169
1000,3000,8146,7657.64219999998,327.06770000000006,52.51516111386594,7.659139156341553
1000,3000,1786,8177.406700000007,362.0238999999999,52.062760986964605,5.962268114089966
1000,3000,8911,7839.158099999987,343.51759999999996,41.795320832074786,7.331480264663696
1000,3000,7510,7687.697099999996,347.94669999999996,62.69546986666665,5.321697950363159
1000,3000,6556,8173.058099999998,347.20529999999985,61.97517412882527,7.293431043624878
1000,3000,5726,7355.068500000007,308.87959999999987,44.722533880645926,7.333417892456055
1000,3000,2935,7739.196699999988,315.1732999999998,40.96271825844749,8.835400819778442
1000,3000,7223,8654.246200000007,383.1563999999997,59.19316766666667,6.234955072402954
1000,3000,1405,7771.1812000000045,332.6576,61.51063533333331,7.031635046005249
1000,3000,6792,7709.990799999976,334.62530000000004,50.99221966666668,5.45569920539856
1000,3000,7527,8110.826399999994,361.44989999999973,49.538118367841776,5.219582796096802
1000,3000,3965,7565.9501999999975,341.0594999999999,42.022234000000005,5.897612810134888
1000,3000,9686,7263.8221999999905,314.5986000000002,43.162300999999985,4.850865840911865
1000,3000,2054,7559.438900000032,324.3952000000001,62.8710613307922,6.086413145065308
1000,3000,7502,7518.968700000003,324.47730000000007,49.74966766666667,6.345150947570801
1000,3000,5872,7452.377800000012,349.2815,48.07714110833334,6.227403879165649
1000,3000,1751,7894.8452,333.9851999999998,48.30642507692308,7.3903961181640625
1000,3000,5095,7886.116699999985,338.09239999999966,58.33799366666664,5.856464147567749
1000,3000,8465,8274.02520000001,348.73979999999995,59.66113985310736,5.500668048858643
1000,3000,8504,8641.402699999984,374.1191000000002,52.30970723888889,5.87602424621582
1000,3000,8819,8630.612899999995,366.9110999999999,55.60206766666668,5.476006269454956
1000,3000,4921,7526.425300000025,328.3937000000001,66.30486766666668,6.078737258911133
3000,5000,6347,15753.214600000048,688.2674000000004,90.31667609046292,4.697525978088379
3000,5000,7536,14801.69440000002,643.8115000000001,91.57209227777774,6.260356187820435
3000,5000,4078,15135.197500000042,659.5138000000001,77.83296866666666,4.826499938964844
3000,5000,4726,15671.183299999959,689.6602999999996,103.967886,5.2808380126953125
3000,5000,5978,17166.901099999995,687.1592000000004,86.80686633333329,6.8550498485565186
3000,5000,8836,15936.099899999943,708.5118000000001,78.9870905,6.796327829360962
3000,5000,3380,15920.437100000012,698.2127999999999,92.9885660556004,6.079586744308472
3000,5000,3669,14500.865400000012,672.2207000000004,83.63291422499996,4.692590713500977
3000,5000,7882,15757.375900000012,682.1408999999999,92.296105125,6.116219997406006
3000,5000,2503,15102.485000000042,657.6104000000001,111.09409771759263,4.924820899963379
3000,5000,5802,15549.23920000001,689.5615999999997,88.6025373333333,5.1380181312561035
3000,5000,6455,15105.190999999975,680.6697999999996,78.94036766666667,6.0153281688690186
3000,5000,5608,16134.974299999989,709.9425,100.38288129416665,5.768890142440796
3000,5000,8258,15785.150499999983,673.6021000000003,121.42833533333335,6.457432985305786
3000,5000,7486,15092.40320000003,677.7483000000001,90.32236354413448,6.046798229217529
3000,5000,1839,15441.546200000032,669.6802000000001,75.9079531121272,5.722329139709473
3000,5000,3282,15717.113999999987,658.5074999999998,77.10346399999996,6.302363157272339
3000,5000,3216,14867.470800000012,666.7313999999997,92.97896166666666,5.882270097732544
3000,5000,9034,14248.692699999974,651.4809999999994,84.502303,4.680193901062012
3000,5000,7143,14272.966800000017,640.9684999999998,76.2213353333333,5.518905878067017
3000,5000,2446,15381.303099999972,689.5380000000005,80.80989466666666,5.086101055145264
3000,5000,5924,15387.0564,667.7375999999997,93.47809402777777,5.578680753707886
3000,5000,8881,15256.105499999996,633.2302000000004,80.69103299074075,5.611852169036865
3000,5000,6634,14762.0069,631.6888999999998,96.54803533333335,5.993417024612427
3000,5000,3097,15154.20370000001,645.8210000000005,95.52727886944447,4.790580987930298
3000,5000,1211,13697.427599999992,619.7822999999996,74.59846766666666,6.501532077789307
3000,5000,1921,16007.095699999993,669.7241,84.82375216238539,6.259483814239502
3000,5000,2740,15663.028200000002,679.5214999999997,80.86711890555549,6.728450775146484
3000,5000,3306,15116.17809999997,665.6666000000001,82.83078652079492,5.990332841873169
3000,5000,4366,16185.588000000032,668.4044000000001,84.76823433333333,5.2278759479522705
3000,5000,5455,16925.999199999973,699.8462999999992,110.38354444444441,5.780381917953491
3000,5000,9095,15247.725899999967,648.5210000000004,80.96802536604038,4.848694086074829
3000,5000,8562,15934.956400000008,707.6655000000001,99.45422130833332,4.372266054153442
3000,5000,9815,13873.2,627.5104000000002,78.87606766666669,3.8921761512756348
3000,5000,1466,15842.281900000013,684.9034000000003,83.74386766666667,4.7058210372924805
3000,5000,8480,16589.300100000066,672.3789999999997,108.40660728930818,4.946253776550293
3000,5000,3792,15708.452800000023,703.2403000000004,80.56480099999996,4.815216064453125
3000,5000,4697,14850.559200000018,656.0048999999999,83.00649759014266,4.523544788360596
3000,5000,1565,14899.645500000006,674.6881000000004,79.61733533333334,4.783783197402954
3000,5000,5891,16263.656800000008,699.7243,120.11569190909088,5.1022210121154785
3000,5000,8308,15257.86480000001,664.8328,120.51125226578418,4.66514778137207
3000,5000,4257,15873.820000000049,680.0015000000001,89.28991784367183,5.059867858886719
3000,5000,5733,14615.081800000018,655.4155999999997,104.82953533333333,4.558078050613403
3000,5000,2946,15605.381699999987,676.5145999999996,83.181486940349,4.89875602722168
3000,5000,1292,14576.05980000003,656.8482000000002,64.7001671755725,4.89460301399231
3000,5000,5439,14859.496000000017,671.0595000000001,87.5149042543263,4.893308877944946
3000,5000,1714,13791.290099999987,631.7586000000002,83.76066766666672,4.280685186386108
3000,5000,9200,14387.692100000004,658.0802000000001,103.49827907407409,4.914765119552612
3000,5000,5804,15370.708400000027,675.6199999999999,104.25251426927741,4.792994976043701
3000,5000,3154,14472.150499999992,634.9667000000001,118.03866670588233,4.94734787940979
3000,5000,2195,14525.553899999979,653.8594999999999,98.58890979757714,4.846362113952637
3000,5000,3042,16106.86989999998,712.2594,77.63457638333334,5.770240068435669
3000,5000,9808,15556.960800000013,652.8416000000002,98.44080637620368,6.362534999847412
3000,5000,5407,15386.519100000023,650.1991999999999,88.06345374166666,4.569782972335815
3000,5000,3782,15797.554099999994,693.1371999999997,86.91344163675214,5.333910942077637
3000,5000,5410,14250.868399999992,631.9151,86.30357250555554,5.218875885009766
3000,5000,8428,15388.5011,687.7144000000002,87.18238110694443,5.0384321212768555
3000,5000,7236,15788.238699999998,691.5739000000003,79.69871911666665,5.083897829055786
3000,5000,2085,13466.147599999964,656.3324000000001,89.03430000520832,3.79836106300354
3000,5000,2139,14197.60420000002,666.3107,75.73233433333331,5.8957459926605225
3000,5000,6801,15008.071899999979,647.6060999999997,85.22115425925927,5.432924032211304
3000,5000,6820,15622.311900000004,693.4656,88.90673433333333,6.226532220840454
3000,5000,3830,16863.521700000038,712.8677999999998,89.45573733333332,4.632815837860107
3000,5000,7975,15033.874300000023,671.1658999999996,74.06096766666664,4.646067380905151
3000,5000,3469,16011.256100000006,694.5246000000001,75.75913633333332,5.0225841999053955
3000,5000,1454,14209.072800000016,636.9215000000004,74.30430883055557,5.624859094619751
3000,5000,2573,14549.993899999987,648.5857999999997,67.57362284166666,5.549420118331909
3000,5000,3931,14802.053599999992,696.7426,76.54377143611111,5.475576162338257
3000,5000,5445,15451.148100000053,659.3108,86.70200957908847,5.373060703277588
3000,5000,5745,14776.556399999998,654.0905000000001,102.27612660648148,5.066006183624268
3000,5000,7167,16347.27670000001,676.2932000000002,108.59010216000003,7.069892168045044
3000,5000,7597,16176.565099999956,692.0482999999991,87.78116866666666,5.378373861312866
3000,5000,7005,16097.758299999987,684.4629,117.30290200000002,5.307271957397461
3000,5000,3239,14690.697900000001,682.6765999999997,89.82128433333332,4.746694326400757
3000,5000,4331,15068.436899999982,670.4908999999989,80.93868516151201,5.3540260791778564
3000,5000,5960,15165.61579999999,644.6288000000004,79.892888,5.648169040679932
3000,5000,1284,15213.249399999972,665.3537000000003,129.85136866666664,5.370115041732788
3000,5000,2402,16440.58639999999,695.7267999999997,96.36680099999995,6.406654119491577
3000,5000,8146,15540.966199999988,660.8385999999994,90.43145731067962,6.337875127792358
3000,5000,1786,15744.073300000007,695.3572000000004,86.23464538730035,5.057646036148071
3000,5000,8911,15539.159900000019,676.8634999999999,80.34783433333332,6.230710029602051
3000,5000,7510,15087.697299999994,681.5302999999998,101.896086375,4.570511102676392
3000,5000,6556,16123.06640000003,681.1267000000001,104.68997468638891,5.242347955703735
3000,5000,5726,15288.40490000002,642.2130999999999,81.47220100000001,6.257986068725586
3000,5000,2935,15955.865199999978,648.2090999999999,71.95109681111113,7.33660101890564
3000,5000,7223,16254.23580000002,716.5073999999998,92.37224411111109,5.318841218948364
3000,5000,1405,15704.519499999999,666.2175,107.27534638363426,5.85440731048584
3000,5000,6792,15409.991099999996,668.5991000000007,85.88535299999998,4.603149175643921
3000,5000,7527,15727.495399999967,694.800500000001,84.81730436228186,4.5852673053741455
3000,5000,3965,14999.284599999968,674.4669,74.50734251666665,5.629863739013672
3000,5000,9686,14930.496499999988,647.9322,83.0787421777778,4.636770963668823
3000,5000,2054,15242.779799999997,657.6393999999997,107.562575537037,5.088125944137573
3000,5000,7502,15335.63920000001,656.5963000000003,85.86150933333333,6.12128210067749
3000,5000,5872,14702.371300000006,683.2643999999998,81.02686096666667,5.270831823348999
3000,5000,1751,15794.83920000001,670.1623,83.85272021111108,5.470494985580444
3000,5000,5095,15752.781500000014,671.7164000000002,93.57573433333329,5.256076097488403
3000,5000,8465,16140.697999999984,682.0734000000001,96.64911455932204,5.304170846939087
3000,5000,8504,16191.406400000023,708.0192000000003,90.31284028382838,5.3751609325408936
3000,5000,8819,16547.28840000002,700.2447999999997,94.21523433333327,6.073488235473633
3000,5000,4921,15193.085099999973,661.7268000000005,102.37206866666668,5.64163613319397
5000,7000,6347,23419.883400000035,1021.6008000000004,129.75247066666665,4.812752962112427
5000,7000,7536,22535.024500000058,977.1447000000002,131.61136264814814,5.307204961776733
5000,7000,4078,22918.526699999977,993.4386000000002,110.271702,5.050282001495361
5000,7000,4726,23254.521600000044,1022.9937999999994,145.81712885185192,5.234435081481934
5000,7000,5978,25566.902099999952,1020.4926000000003,121.6297252751524,6.516489028930664
5000,7000,8836,23519.432099999955,1041.8450999999995,116.81162483333331,6.684745788574219
5000,7000,3380,23570.43729999997,1031.5461000000005,128.71963433333335,5.895134925842285
5000,7000,3669,21800.867599999987,1005.5542000000003,115.10548499999999,4.559398174285889
5000,7000,7882,23524.04649999994,1015.4744,134.42490488888885,5.468240737915039
5000,7000,2503,22819.151300000034,990.9437000000001,154.721502,4.16601300239563
5000,7000,5802,23065.90710000001,1022.8948999999998,123.50109024722222,5.444928884506226
5000,7000,6455,22588.51609999997,1014.0027999999995,112.297201,5.5216710567474365
5000,7000,5608,23818.298400000083,1043.9119000000012,132.50409001728755,4.927045106887817
5000,7000,8258,23618.493200000088,1006.9358000000002,163.613702,4.986829996109009
5000,7000,7486,22592.403600000005,1011.0817000000001,125.24190655212547,4.872286081314087
5000,7000,1839,23191.547699999963,1003.0135,109.37053733333335,4.156699180603027
5000,7000,3282,23667.108399999932,991.8406,104.22339613333334,5.195283889770508
5000,7000,3216,22300.80310000002,1000.0646999999998,127.94768073046129,4.015823841094971
5000,7000,9034,21532.02679999999,984.8143999999994,120.46518077777779,3.0469648838043213
5000,7000,7143,21706.30229999999,974.4383999999999,110.39866766666664,3.6751530170440674
5000,7000,2446,22914.632199999967,1022.8711000000003,114.36436866666666,3.715358018875122
5000,7000,5924,23137.055899999978,1001.0708999999996,131.7102702307692,3.5299839973449707
5000,7000,8881,23306.101499999964,966.5633000000005,116.62821262037039,4.11776328086853
5000,7000,6634,22595.33189999999,965.0218999999998,143.36859991666668,3.988736867904663
5000,7000,3097,23004.208000000002,979.1545000000004,132.63430099999997,3.440295934677124
5000,7000,1211,20964.09320000005,953.1155999999996,111.66017737499998,4.1826841831207275
5000,7000,1921,24107.088799999998,1003.0571,116.72150099999999,4.312115907669067
5000,7000,2740,23329.694599999944,1012.8547999999997,114.20077346111107,4.675600051879883
5000,7000,3306,22732.851999999937,999.0003000000002,115.81526766666667,3.6580731868743896
5000,7000,4366,24368.921699999977,1001.7377000000002,118.74885755555549,4.5159690380096436
5000,7000,5455,25126.008400000068,1033.1927999999998,149.07576952136753,4.339576959609985
5000,7000,9095,23114.395499999984,981.8544000000004,114.88487683966243,3.8740530014038086
5000,7000,8562,23484.957300000024,1040.9988999999982,126.33926134166664,3.606482982635498
5000,7000,9815,21306.535800000052,960.8439000000002,116.458801,3.7327511310577393
5000,7000,1466,23475.61409999998,1018.2366000000003,117.17346766666665,4.009933948516846
5000,7000,8480,24872.632199999982,1005.7122999999997,142.46563873584904,4.110481023788452
5000,7000,3792,23141.791699999958,1036.573900000001,114.63387048230814,3.977046012878418
5000,7000,4697,22550.558999999983,990.5373999999998,116.78974716111111,3.541943073272705
5000,7000,1565,22449.64880000004,1008.0216000000005,113.36565923775511,3.9965057373046875
5000,7000,5891,24096.99380000004,1033.0578000000016,171.66158381818187,3.7958219051361084
5000,7000,8308,22941.19790000003,998.1661,169.7499950555556,3.840750217437744
5000,7000,4257,23690.48950000002,1013.3350000000002,128.33612755669608,4.397122144699097
5000,7000,5733,22065.078799999963,988.7488999999997,151.62405825000002,3.5358779430389404
5000,7000,2946,23338.714600000003,1009.8478999999996,114.63522867824071,3.9401867389678955
5000,7000,1292,22026.059000000005,990.1815000000005,97.42360099999995,4.190413951873779
5000,7000,5439,22342.82999999998,1004.3929000000002,121.86210099999998,4.1887900829315186
5000,7000,1714,21041.297900000078,965.0923000000004,117.09400100000005,3.7316391468048096
5000,7000,9200,21671.016099999993,991.4131000000001,141.90058312126112,3.980309009552002
5000,7000,5804,23004.03689999999,1008.9530999999997,148.99348335416659,4.2737510204315186
5000,7000,3154,22122.15400000003,968.7533000000002,170.04401460504198,3.165548801422119
5000,7000,2195,21858.88279999998,987.1926,141.01332637220776,3.5988271236419678
5000,7000,3042,23706.88200000002,1045.5931999999993,111.49214305000004,3.988781213760376
5000,7000,9808,23390.297399999978,986.1751000000003,141.37893499074076,4.657320261001587
5000,7000,5407,23336.513199999976,983.5322999999997,120.03561966666666,3.2089736461639404
5000,7000,3782,23314.227400000127,1026.4708,121.34036766666665,4.117432117462158
5000,7000,5410,21834.207199999997,965.2485999999999,123.81456766666665,3.6224100589752197
5000,7000,8428,22905.174900000016,1021.0825000000001,123.6619145412037,3.5021400451660156
5000,7000,7236,23438.231999999924,1024.907,115.98685244999999,3.609196662902832
5000,7000,2085,20466.15019999998,989.6658000000003,122.47192389937496,2.853976011276245
5000,7000,2139,21414.273600000008,999.6442,110.12473433333331,4.182694911956787
5000,7000,6801,22774.744800000088,980.9396999999999,120.15718944444447,4.028029203414917
5000,7000,6820,23188.981599999966,1026.7991000000002,122.09706766666665,4.653741836547852
5000,7000,3830,24830.19119999994,1046.2013000000004,126.00229980800539,3.8795788288116455
5000,7000,7975,22517.20519999997,1004.4990999999997,107.07925251645828,3.3255579471588135
5000,7000,3469,23744.590599999967,1027.8579999999995,111.22605328205125,4.003886938095093
5000,7000,1454,21675.74359999999,970.2550000000005,109.46980099999995,3.7857956886291504
5000,7000,2573,22066.661199999984,981.9190999999996,102.42615317499995,3.638422966003418
5000,7000,3931,21985.39080000002,1030.0761,108.94263184863524,4.154983758926392
5000,7000,5445,23284.476900000067,992.6438999999998,117.51773433333331,3.8628101348876953
5000,7000,5745,22426.549699999952,987.4236000000001,140.1327730648148,3.7983579635620117
5000,7000,7167,24513.943000000072,1009.6265000000001,153.15910199999996,5.02357816696167
5000,7000,7597,23976.554199999933,1025.3812000000003,121.13290100000006,3.994020938873291
5000,7000,7005,24081.097099999974,1017.7964000000003,177.36066866666675,4.014685869216919
5000,7000,3239,21874.03099999998,1016.0098999999996,118.82953842341598,3.600499153137207
5000,7000,4331,22635.10450000002,1003.8242999999991,114.29070100000003,3.9982969760894775
5000,7000,5960,23015.6203,977.9623000000004,115.10576866666668,4.082983016967773
5000,7000,1284,22896.584600000053,998.6871000000004,186.6949157931034,3.7945971488952637
5000,7000,2402,24323.921299999995,1029.0582000000006,129.6660852184064,4.366060972213745
5000,7000,8146,23424.310000000034,994.1723999999994,128.10610876699025,4.276803255081177
5000,7000,1786,23310.744600000013,1028.6908000000008,120.92116866666665,3.6695218086242676
5000,7000,8911,23239.156399999934,1010.1966999999997,113.44746766666665,4.6416730880737305
5000,7000,7510,22487.688599999958,1014.8632999999999,139.42500199999995,3.2402760982513428
5000,7000,6556,24073.061200000026,1014.4598,144.55527474305558,3.876595973968506
5000,7000,5726,23221.727599999984,975.5460000000002,114.64700099999999,4.285155773162842
5000,7000,2935,24172.52279999992,981.5420999999999,98.85812917499996,5.39096212387085
5000,7000,7223,23854.243600000053,1049.8403000000012,128.1068343333333,4.321605920791626
5000,7000,1405,23637.849900000023,999.5507,163.13526208148153,3.9740118980407715
5000,7000,6792,23109.9961,1001.9327000000008,119.43938633333327,3.95450496673584
5000,7000,7527,23344.15489999997,1028.1335000000017,114.31391839999999,3.325451135635376
5000,7000,3965,22432.62140000008,1007.8003999999997,108.62636935833329,3.5981340408325195
5000,7000,9686,22597.154899999994,981.2651999999998,115.96152195555555,3.213710069656372
5000,7000,2054,22926.11450000005,990.9727999999998,148.90045928511572,4.127261161804199
5000,7000,7502,23152.304500000035,989.9296000000003,119.75145477777772,4.102305173873901
5000,7000,5872,21952.3718,1016.5977999999999,112.18839849624058,3.9836957454681396
5000,7000,1751,23694.84089999999,1003.9528000000004,120.53877218055553,4.027703046798706
5000,7000,5095,23619.45449999996,1005.0500000000002,133.67646766666672,3.8776140213012695
5000,7000,8465,24007.364400000006,1015.4067000000005,124.2371814814815,4.006395101547241
5000,7000,8504,23741.40879999999,1041.3525999999993,119.689203,3.6382598876953125
5000,7000,8819,24463.951399999936,1033.5780000000004,127.63006766666665,3.780681848526001
5000,7000,4921,22859.754700000092,995.0602000000003,141.59925874363427,3.631223678588867
7000,9000,6347,31086.55479999993,1354.9343000000006,158.11441034999999,3.3410840034484863
7000,9000,7536,30268.359999999902,1310.4781,169.96179227777782,4.350075721740723
7000,9000,4078,30701.8608,1326.7719999999986,143.58323533333333,3.615978956222534
7000,9000,4726,30837.844899999993,1356.3267000000003,203.8125353333334,3.7751829624176025
7000,9000,5978,33966.90790000003,1353.8261999999997,156.55093300000001,4.744815111160278
7000,9000,8836,31102.767300000076,1375.1784999999995,149.15461301666664,4.512716054916382
7000,9000,3380,31220.442100000117,1364.879600000001,161.7856213258704,4.436527967453003
7000,9000,3669,29100.861600000026,1338.8873000000003,150.58143433333333,3.8901240825653076
7000,9000,7882,31290.719000000056,1348.8079999999977,167.22016745141076,4.155439138412476
7000,9000,2503,30535.812800000083,1324.2768,203.590702,3.269386053085327
7000,9000,5802,30582.574100000074,1356.2282999999998,155.19402100000005,4.0473127365112305
7000,9000,6455,30071.84970000007,1347.3360999999998,144.97893433333329,4.059791326522827
7000,9000,5608,31501.633799999952,1377.2453000000012,171.35017890829178,3.76387619972229
7000,9000,8258,31451.820599999974,1340.2688999999996,217.06346866666667,4.161310911178589
7000,9000,7486,30092.397399999863,1344.4148000000014,157.9296676666666,3.960378885269165
7000,9000,1839,30941.538499999937,1336.3464999999999,144.11127066666668,3.8594350814819336
7000,9000,3282,31617.106899999937,1325.1739000000005,138.32722946666672,4.659085035324097
7000,9000,3216,29734.13549999998,1333.3979999999995,165.43909122916662,3.9999780654907227
7000,9000,9034,28815.361300000084,1318.1476999999988,154.80721411111114,3.0337982177734375
7000,9000,7143,29139.63299999996,1307.7716999999998,142.314004,3.4955551624298096
7000,9000,2446,30447.964199999988,1356.2043999999992,149.79284855423037,3.590785026550293
7000,9000,5924,30887.06200000003,1334.4044999999992,174.69090869230766,3.438559055328369
7000,9000,8881,31356.1044000001,1299.8967999999993,150.32199225,4.008974075317383
7000,9000,6634,30428.665499999996,1298.3292000000006,193.18488902187502,3.899789810180664
7000,9000,3097,30854.2082000001,1312.4879000000008,169.58547856682003,3.2128348350524902
7000,9000,1211,28230.75859999995,1286.4490000000003,148.4471004833333,3.9549992084503174
7000,9000,1921,32207.08820000004,1336.3904999999993,150.85363433333342,4.287426233291626
7000,9000,2740,30996.369700000054,1346.1884999999995,148.3362686666667,4.744450092315674
7000,9000,3306,30349.517400000055,1332.3335999999995,149.697301,3.815279006958008
7000,9000,4366,32552.26239999992,1335.0712999999994,151.4625343333333,4.444173812866211
7000,9000,5455,33325.99909999995,1366.5258,188.0263471538462,4.441534042358398
7000,9000,9095,30981.063700000002,1315.1878,139.682501,3.8499550819396973
7000,9000,8562,31034.962399999957,1374.3323999999984,158.3091986554456,3.8257410526275635
7000,9000,9815,28739.858700000004,1294.1768000000006,151.99680099999995,3.5017430782318115
7000,9000,1466,31108.945999999913,1351.5699000000004,149.81939670694447,4.141235113143921
7000,9000,8480,33155.96969999999,1339.0457999999999,180.08149396961218,4.415858268737793
7000,9000,3792,30575.12400000009,1369.907100000001,147.88116766666664,4.210874795913696
7000,9000,4697,30250.5594,1323.8708,149.74828149444446,3.6826276779174805
7000,9000,1565,29999.64009999992,1341.3546000000006,143.62063713518518,3.788017988204956
7000,9000,5891,31930.326099999977,1366.3910000000017,214.9840264222608,3.7558341026306152
7000,9000,8308,30624.53279999999,1331.499499999999,220.9797975084877,3.7549149990081787
7000,9000,4257,31507.15190000004,1346.6681000000003,168.69725292592597,4.801358938217163
7000,9000,5733,29515.07649999997,1322.0821,196.64523533333335,3.5438079833984375
7000,9000,2946,31072.04480000002,1343.1811000000002,150.46500099999994,4.266403913497925
7000,9000,1292,29476.06120000003,1323.5148999999994,130.04923433333335,4.321224927902222
7000,9000,5439,29826.160400000055,1337.7261000000005,157.11066750000003,4.610351800918579
7000,9000,1714,28291.28899999996,1298.4252000000001,151.08643433333336,3.8231451511383057
7000,9000,9200,28954.354900000006,1324.7467000000015,189.32825115312826,4.141367197036743
7000,9000,5804,30637.37769999999,1342.2868,185.02086659230324,4.832805871963501
7000,9000,3154,29772.149400000024,1302.0864000000006,221.15308267226885,3.6434762477874756
7000,9000,2195,29192.227700000003,1320.5239999999992,199.2767567471064,4.45641016960144
7000,9000,3042,31306.88520000002,1378.9266999999993,144.40880971666672,4.818197011947632
7000,9000,9808,31223.62719999997,1319.4885000000004,183.33690008333332,5.2187182903289795
7000,9000,5407,31286.524600000004,1316.8661000000009,153.10795299999992,4.256196022033691
7000,9000,3782,30830.89069999992,1359.804,155.551001,4.542885065078735
7000,9000,5410,29417.531600000028,1298.5796000000007,156.84170100000003,4.4884350299835205
7000,9000,8428,30421.84309999996,1354.4158999999995,157.18953433333334,4.615139007568359
7000,9000,7236,31088.242700000028,1358.2407999999998,146.9225857833332,4.484508991241455
7000,9000,2085,27466.148399999947,1322.9991,159.72584056604163,3.127439260482788
7000,9000,2139,28630.93399999994,1332.977199999999,143.00860885780372,4.798446178436279
7000,9000,6801,30541.408899999988,1314.2728999999997,153.148505,4.695125102996826
7000,9000,6820,30755.65149999996,1360.1325000000015,156.4299548270874,5.391835927963257
7000,9000,3830,32796.86030000002,1379.5348000000001,161.0035676666667,4.18126916885376
7000,9000,7975,30000.54390000003,1337.8112999999998,139.75317066666665,3.8516108989715576
7000,9000,3469,31477.92789999999,1361.1914999999995,147.139206,4.104074954986572
7000,9000,1454,29142.40710000002,1303.5973999999997,139.82730200000006,3.5725507736206055
7000,9000,2573,29583.326399999984,1315.2524000000003,136.09298850833335,3.3929882049560547
7000,9000,3931,29168.716600000054,1363.4090999999999,141.03112211607387,4.040774822235107
7000,9000,5445,31117.810299999946,1325.977300000001,150.8200676666666,3.1986608505249023
7000,9000,5745,30076.558500000072,1320.7573000000004,182.70932197685175,3.59598708152771
7000,9000,7167,32680.612299999895,1342.9598999999998,193.9989021599999,4.286262035369873
7000,9000,7597,31776.56420000011,1358.7149000000004,154.43580199999997,3.830228090286255
7000,9000,7005,32064.42870000003,1351.1105999999997,223.6358353333334,3.521800994873047
7000,9000,3239,29057.366099999952,1349.3434,147.80195133333336,3.4728970527648926
7000,9000,4331,30201.769200000017,1337.1575000000016,148.47803903703704,4.311049938201904
7000,9000,5960,30865.61830000002,1311.2955000000013,149.1714353333333,3.862567901611328
7000,9000,1284,30579.914999999975,1332.0203000000006,237.08050544827586,3.969338893890381
7000,9000,2402,32207.25379999991,1362.3915000000006,164.7605438329432,4.107432126998901
7000,9000,8146,31307.642200000068,1327.5056999999997,166.4377576712963,4.38703727722168
7000,9000,1786,30877.40670000002,1362.0239000000008,155.06440200000003,3.1869449615478516
7000,9000,8911,30939.1581,1343.530099999999,147.09793774083332,4.543611288070679
7000,9000,7510,29887.697100000038,1348.1970000000003,180.3220697083333,2.8968381881713867
7000,9000,6556,32023.058100000027,1347.7929999999994,195.29114411749845,3.953386068344116
7000,9000,5726,31155.06850000007,1308.8796000000004,148.62729487179783,4.1717848777771
7000,9000,2935,32389.19670000006,1314.8757000000012,127.8037240205555,4.977189779281616
7000,9000,7223,31454.2462,1383.173700000001,161.4934676666667,3.6755099296569824
7000,9000,1405,31571.1811999999,1332.8838999999998,208.04444094722214,3.7732038497924805
7000,9000,6792,30809.990800000112,1335.2658,156.4953029999999,3.5237269401550293
7000,9000,7527,30960.82639999995,1361.467100000001,147.57245073333326,3.222710132598877
7000,9000,3965,29865.950199999956,1341.1334999999983,141.24690469166663,4.304947137832642
7000,9000,9686,30263.82219999998,1314.5985999999991,150.35399973333338,3.3062338829040527
7000,9000,2054,30609.438899999932,1324.3058000000005,192.42360146296295,3.836480140686035
7000,9000,7502,30968.968699999932,1323.2628000000007,154.86789822222218,4.070252895355225
7000,9000,5872,29202.377800000013,1349.9295999999995,146.4125266333334,3.7962920665740967
7000,9000,1751,31594.8452,1337.286299999999,148.61238687777785,3.8999571800231934
7000,9000,5095,31486.11670000009,1338.3830999999998,166.87729480530976,3.4363150596618652
7000,9000,8465,31874.025199999982,1348.7397999999996,157.92544914814812,3.8057379722595215
7000,9000,8504,31291.402699999933,1374.6857999999993,149.339403,3.530474901199341
7000,9000,8819,32380.612899999982,1366.9111000000005,160.371901,3.442700147628784
7000,9000,4921,30526.42529999991,1328.3937000000005,175.07643484317126,3.650139093399048
