scenario,bucket_index,bucket_label,lower,upper,composition,composition_label,data_status,result_dir,raw_rows,ok_rows,valid_rows,dheft_makespan_n,dheft_makespan_mean,dheft_makespan_sd,dheft_makespan_ci95_low,dheft_makespan_ci95_high,dheft_vcpus_n,dheft_vcpus_mean,dheft_vcpus_sd,dheft_vcpus_ci95_low,dheft_vcpus_ci95_high,nheft_makespan_n,nheft_makespan_mean,nheft_makespan_sd,nheft_makespan_ci95_low,nheft_makespan_ci95_high,nheft_vcpus_n,nheft_vcpus_mean,nheft_vcpus_sd,nheft_vcpus_ci95_low,nheft_vcpus_ci95_high,gheft_makespan_n,gheft_makespan_mean,gheft_makespan_sd,gheft_makespan_ci95_low,gheft_makespan_ci95_high,gheft_vcpus_n,gheft_vcpus_mean,gheft_vcpus_sd,gheft_vcpus_ci95_low,gheft_vcpus_ci95_high,nheft_gain_over_dheft_pct_n,nheft_gain_over_dheft_pct_mean,nheft_gain_over_dheft_pct_sd,nheft_gain_over_dheft_pct_ci95_low,nheft_gain_over_dheft_pct_ci95_high,gheft_gain_over_dheft_pct_n,gheft_gain_over_dheft_pct_mean,gheft_gain_over_dheft_pct_sd,gheft_gain_over_dheft_pct_ci95_low,gheft_gain_over_dheft_pct_ci95_high,gheft_change_vs_nheft_pct_n,gheft_change_vs_nheft_pct_mean,gheft_change_vs_nheft_pct_sd,gheft_change_vs_nheft_pct_ci95_low,gheft_change_vs_nheft_pct_ci95_high,gheft_vcpu_reduction_vs_nheft_pct_n,gheft_vcpu_reduction_vs_nheft_pct_mean,gheft_vcpu_reduction_vs_nheft_pct_sd,gheft_vcpu_reduction_vs_nheft_pct_ci95_low,gheft_vcpu_reduction_vs_nheft_pct_ci95_high,nheft_win_count,gheft_win_vs_dheft_count,gheft_resource_saving_count,gheft_joint_success_count,nheft_win_rate_pct,gheft_win_rate_vs_dheft_pct,gheft_resource_saving_rate_vs_nheft_pct,gheft_joint_success_rate_pct,wilcoxon_gheft_vs_dheft_makespan_n,wilcoxon_gheft_vs_dheft_makespan_nonzero_n,wilcoxon_gheft_vs_dheft_makespan_statistic,wilcoxon_gheft_vs_dheft_makespan_p_raw,wilcoxon_gheft_vs_dheft_makespan_p_holm,wilcoxon_gheft_vs_nheft_makespan_n,wilcoxon_gheft_vs_nheft_makespan_nonzero_n,wilcoxon_gheft_vs_nheft_makespan_statistic,wilcoxon_gheft_vs_nheft_makespan_p_raw,wilcoxon_gheft_vs_nheft_makespan_p_holm,wilcoxon_gheft_vs_nheft_vcpus_n,wilcoxon_gheft_vs_nheft_vcpus_nonzero_n,wilcoxon_gheft_vs_nheft_vcpus_statistic,wilcoxon_gheft_vs_nheft_vcpus_p_raw,wilcoxon_gheft_vs_nheft_vcpus_p_holm,wilcoxon_nheft_vs_dheft_makespan_n,wilcoxon_nheft_vs_dheft_makespan_nonzero_n,wilcoxon_nheft_vs_dheft_makespan_statistic,wilcoxon_nheft_vs_dheft_makespan_p_raw,wilcoxon_nheft_vs_dheft_makespan_p_holm
e01x,1,"(0.10, 0.18]",0.1,0.18,x,Balanced (CCR ~= IDR),ok,/Users/tengfeisun/Developer/2026/with-downloadscheduling2022-t/experiments/five/e01x/run_20260829_005641_151_500,500,500,284,284,41.54108274647887,5.096942522432484,40.95996773767605,42.13921183978873,284,41.99647887323944,4.211290762938537,41.49991197183099,42.485915492957744,284,41.34380206170264,5.189796966911957,40.755957543427755,41.946371527803386,284,54.83802816901409,4.529662463643334,54.320422535211264,55.37323943661972,284,43.31066990936322,5.729757833600525,42.66628900708377,43.982432822518,284,45.61619718309859,4.1257467438267446,45.13732394366197,46.09163732394366,284,0.47052074489396245,2.8670388683278025,0.14020986085119372,0.7953620280215359,284,-4.301484652642885,6.030883413329242,-5.016005672201583,-3.633056814425146,284,4.846546494114784,6.202394525386594,4.160968002572979,5.590831758466335,284,16.565128361978935,7.22826806522218,15.735847696235531,17.418607770797212,156,50,279,50,54.929577464788736,17.6056338028169,98.23943661971832,17.6056338028169,284,282,3378.0,1.1722072038867162e-33,1.2894279242753878e-32,284,270,2031.0,9.60658911416484e-37,1.6331201494080228e-35,284,281,10.5,7.590715516442898e-48,8.349787068087187e-47,284,282,15281.0,0.0006557761612295601,0.003278880806147801
e01y,1,"(0.10, 0.18]",0.1,0.18,y,Image-dominant (CCR < IDR),ok,/Users/tengfeisun/Developer/2026/with-downloadscheduling2022-t/experiments/five/e01y/run_20260829_010709_151_500,500,500,274,274,41.19295291970803,4.953367119911984,40.61884354927008,41.793256742700734,274,42.10948905109489,4.068423625957108,41.63503649635037,42.59498175182482,274,40.76987696223119,5.155802904185872,40.166914953678884,41.39664941562951,274,55.605839416058394,4.476814775956328,55.065693430656935,56.14598540145985,274,42.45069453468726,5.66570508737164,41.79544088356739,43.130017476450405,274,46.82116788321168,4.583070146134137,46.284671532846716,47.36496350364963,274,1.0592745240975237,2.8409561673165356,0.7213352512919505,1.3975942274419166,274,-3.0588134384842336,5.989930794907745,-3.7944099393850834,-2.3764580565465474,274,4.208758232355374,6.123719338672345,3.506187290998116,4.964138802460754,274,15.611116119064626,7.320744523683828,14.748412951561448,16.47649195765531,173,65,268,61,63.138686131386855,23.722627737226276,97.8102189781022,22.26277372262774,274,272,6518.0,1.7512645706436857e-20,1.22588519945058e-19,274,255,2716.0,8.380296528547556e-31,1.2570444792821335e-29,274,271,15.0,3.4881907675446147e-46,3.4881907675446145e-45,274,272,10906.0,3.6938419484700967e-09,2.5856893639290676e-08
e01z,1,"(0.10, 0.18]",0.1,0.18,z,Data-dominant (CCR > IDR),ok,/Users/tengfeisun/Developer/2026/with-downloadscheduling2022-t/experiments/five/e01z/run_20260829_040751_151_500,500,500,475,475,41.257398736842106,4.829857375382681,40.82621674210527,41.69095302105263,475,42.22526315789474,4.193851447327074,41.858947368421056,42.59789473684211,475,41.143516988705606,4.843665822570672,40.70921542852458,41.5849676184874,475,54.92631578947368,4.33813942808838,54.53047368421053,55.31368421052632,475,43.469065937334435,5.582942609577715,42.9730625218111,43.98446592290524,475,44.25473684210527,4.6243204181085895,43.85052631578947,44.671578947368424,475,0.23981619339475937,2.990000993588696,-0.040486046883519144,0.5012084231009517,475,-5.434093041310908,6.720749112571989,-6.056938275026258,-4.852540028431934,475,5.728830154046024,6.64463455336163,5.148555332748743,6.330854594209721,475,19.227490011066486,7.940200473972545,18.518533410164615,19.944462517649047,241,69,471,69,50.73684210526316,14.526315789473685,99.1578947368421,14.526315789473685,475,473,8785.0,7.298408404466663e-57,1.3866975968486659e-55,475,453,5218.0,1.1331195076503483e-61,2.4928629168307664e-60,475,472,2.0,3.942900365329439e-79,8.280090767191822e-78,475,473,49489.0,0.02738097026088064,0.10952388104352256
e02x,2,"(0.18, 0.32]",0.18,0.32,x,Balanced (CCR ~= IDR),ok,/Users/tengfeisun/Developer/2026/with-downloadscheduling2022-t/experiments/five/e02x/run_20260829_010516_151_500,500,500,250,250,42.0761368,4.746306592148515,41.500871079999996,42.66574423,250,42.432,4.18706364986635,41.912,42.96,250,42.05443385519358,4.94620793045109,41.450232126620946,42.67516847982135,250,56.24,4.85020597417964,55.62,56.836,250,43.70452492768883,5.821989577185546,42.993230263269865,44.407443236343475,250,47.416,4.369819824798824,46.876,47.968,250,0.01953229658703586,4.27524046917963,-0.5155108386555617,0.5387228746686327,250,-3.8287771615811015,6.65155157103708,-4.681005993736763,-3.0323571128354803,250,3.974389792606152,7.112829209414941,3.1323353197988797,4.866148670556144,250,15.415723931399018,7.309035850800291,14.51184281777096,16.331607007749945,126,52,246,52,50.4,20.8,98.4,20.8,250,249,4988.0,1.4732122671991743e-20,1.1785698137593394e-19,250,234,4395.0,1.8460799116016612e-19,1.1076479469609966e-18,250,248,28.0,2.4462516277603583e-42,1.7123761394322508e-41,250,248,14195.0,0.2716848989092704,0.5433697978185408
e02y,2,"(0.18, 0.32]",0.18,0.32,y,Image-dominant (CCR < IDR),ok,/Users/tengfeisun/Developer/2026/with-downloadscheduling2022-t/experiments/five/e02y/run_20260829_010726_151_500,500,500,238,238,42.418452100840334,4.772010037273543,41.8104712710084,43.03346536764705,238,42.89495798319328,4.31969972271565,42.36974789915966,43.445378151260506,238,41.7660646811053,5.195659364052088,41.11700250623883,42.427289778476705,238,57.14705882352941,4.97498083925512,56.52521008403362,57.78991596638655,238,43.32748673625238,5.975801422948211,42.574161109901645,44.08725291294126,238,48.92857142857143,4.455966329008353,48.35703781512605,49.48739495798319,238,1.5690634147457765,4.462869775462412,1.010014513894158,2.14137714474847,238,-2.0771699056429425,7.047646293185049,-3.0355109254323867,-1.2277211061295976,238,3.7748327120329668,6.558292446774224,2.9812249609963386,4.633688774661887,238,14.068938686518399,7.721466741398561,13.076776862208725,15.038214238183452,156,89,225,84,65.54621848739495,37.39495798319328,94.53781512605042,35.294117647058826,238,236,9587.0,2.8267064026785717e-05,8.480119208035714e-05,238,218,3621.0,4.762592996687897e-19,2.3812964983439487e-18,238,231,116.5,4.826726177162374e-39,2.413363088581187e-38,238,236,7984.0,1.1049191984463949e-08,6.629515190678369e-08
e02z,2,"(0.18, 0.32]",0.18,0.32,z,Data-dominant (CCR > IDR),ok,/Users/tengfeisun/Developer/2026/with-downloadscheduling2022-t/experiments/five/e02z/run_20260829_040759_151_500,500,500,417,417,41.67789088729016,4.575079616385152,41.24883755395684,42.119201978417266,417,42.8705035971223,4.34758089074252,42.462769784172664,43.28776978417266,417,41.78386362060085,4.714158300234321,41.33947055777304,42.23280121012195,417,56.26858513189448,4.856082245203663,55.810551558753,56.73621103117506,417,43.959464038363464,5.450174915538022,43.43559600137625,44.497668404534956,417,46.302158273381295,4.7215565539551685,45.860911270983216,46.76019184652278,417,-0.2943995829370416,3.926010253522638,-0.6646216352989989,0.07456962114422304,417,-5.540245353917339,7.161475342130332,-6.254455336066171,-4.879289022946321,417,5.314727197753383,7.186443576771235,4.630527588517942,6.026013772244892,417,17.46952165198828,7.798714264833286,16.703735747134548,18.20556449590403,197,63,409,61,47.24220623501199,15.107913669064748,98.08153477218225,14.628297362110313,417,415,7038.0,2.146540070267289e-49,3.649118119454391e-48,417,397,7466.0,1.4972023554910013e-44,2.8446844754329026e-43,417,415,95.5,1.630544359371242e-69,2.7719254109311115e-68,417,413,41513.0,0.6116166525092025,0.6116166525092025
e03x,3,"(0.32, 0.56]",0.32,0.56,x,Balanced (CCR ~= IDR),ok,/Users/tengfeisun/Developer/2026/with-downloadscheduling2022-t/experiments/five/e03x/run_20260829_010542_151_500,500,500,270,270,46.05897074074074,4.351353115729089,45.54923186111111,46.58350812037037,270,44.166666666666664,4.514948323548373,43.62222222222222,44.7,270,44.774982990884006,5.16186927033556,44.17640286608557,45.38509740413565,270,58.08148148148148,4.884619441751206,57.492592592592594,58.67777777777778,270,46.40401087069521,6.090212015880688,45.69445637545906,47.1594105349212,270,49.98518518518519,4.68404741131562,49.422222222222224,50.53703703703704,270,2.7803861327895025,6.441908866437396,2.015020810205046,3.535242536040451,270,-0.723129709452901,8.690880195182634,-1.7871453326967652,0.31148097775149364,270,3.8147043181432383,8.793814128512818,2.774756841930495,4.8687614362350295,270,13.635834508393932,8.07111465236505,12.66563687052695,14.613930628200196,181,133,257,124,67.03703703703704,49.25925925925926,95.18518518518519,45.925925925925924,270,269,17733.0,0.7396046341722995,0.7396046341722995,270,236,6487.0,9.359648751493517e-13,1.8719297502987034e-12,270,266,295.0,5.503069559651118e-44,4.952762603686006e-43,270,269,9181.0,2.088236805891709e-12,1.6705894447133674e-11
e03y,3,"(0.32, 0.56]",0.32,0.56,y,Image-dominant (CCR < IDR),ok,/Users/tengfeisun/Developer/2026/with-downloadscheduling2022-t/experiments/five/e03y/run_20260829_010749_151_500,500,500,184,184,47.1887195652174,4.9627906754414886,46.48142527173913,47.89911650815217,184,44.95108695652174,4.556002335602423,44.29891304347826,45.59782608695652,184,44.39239684604554,5.094535239666233,43.682696302073104,45.1464478250478,184,58.69565217391305,5.170828495696585,57.97826086956522,59.44565217391305,184,46.19582861922445,6.128185127477056,45.315914334460146,47.09510596819056,184,51.14673913043478,4.753507789323575,50.43478260869565,51.83152173913044,184,5.801279943247562,6.370552910426111,4.870770741899131,6.712145939599611,184,2.076645377747765,8.18575811600353,0.8904559399479725,3.257423123136568,184,4.135866077833615,8.070391171112492,3.021734737127392,5.340228234238005,184,12.614369382738133,6.957075804532144,11.596725328606782,13.606271591264262,148,119,178,115,80.43478260869566,64.67391304347827,96.73913043478261,62.5,184,183,5202.0,7.4010006531711495e-06,2.9604002612684598e-05,184,158,2106.0,4.263617917488403e-13,1.7054471669953613e-12,184,181,29.5,2.7480583963245632e-31,5.4961167926491265e-31,184,183,1514.0,6.493215475658373e-22,5.843893928092536e-21
e03z,3,"(0.32, 0.56]",0.32,0.56,z,Data-dominant (CCR > IDR),ok,/Users/tengfeisun/Developer/2026/with-downloadscheduling2022-t/experiments/five/e03z/run_20260829_040806_151_500,500,500,469,469,45.222974200426435,4.614638557231134,44.81044434968017,45.64054829424306,469,43.53304904051173,4.683289474170045,43.10874200426439,43.96807036247335,469,45.00244981359776,5.029165846527781,44.542151710588264,45.46128467209987,469,57.91684434968017,5.066176791778025,57.46268656716418,58.37100213219616,469,47.28985296974597,6.442778152058452,46.71124904839564,47.8762033980006,469,48.230277185501066,4.910117338051238,47.7931236673774,48.67590618336887,469,0.3954604750046571,6.243400229939476,-0.17293790299500164,0.9737341601781214,469,-4.598099600851002,9.605087141419302,-5.494632080393003,-3.746549611176221,469,5.2018922069991005,9.41757779964514,4.376876039446363,6.0581421924979,469,16.460441657132467,7.94922204764726,15.742644339815287,17.163110246728557,250,146,460,144,53.304904051172706,31.13006396588486,98.08102345415777,30.703624733475483,469,468,27600.0,1.2008100175129954e-20,1.0807290157616958e-19,469,445,19692.0,2.9098012675224976e-28,3.4917615210269975e-27,469,465,88.5,9.853238968676367e-78,1.773583014361746e-76,469,468,48863.0,0.040067076047686945,0.12020122814306083
e04x,4,"(0.56, 1.00]",0.56,1.0,x,Balanced (CCR ~= IDR),ok,/Users/tengfeisun/Developer/2026/with-downloadscheduling2022-t/experiments/five/e04x/run_20260829_010556_151_500,500,500,269,269,56.195555018587356,5.731729166894865,55.52937274163568,56.88935028810408,269,44.048327137546465,5.080828667873303,43.446096654275095,44.657992565055764,269,50.379418294052115,6.170241005928681,49.649917118935505,51.1299369561546,269,55.88104089219331,5.400453722145762,55.22304832713755,56.51672862453532,269,52.90377188215764,7.810912704285264,52.013974786541965,53.84911529423568,269,48.39776951672862,4.766346054146013,47.817843866171,48.95910780669145,269,10.1708325757702,8.246522262034613,9.196862275189202,11.134551690146015,269,5.680978706652247,11.396643923650933,4.29860878518018,7.022470001203093,269,5.214462371953099,10.798174938209698,3.9619278730309,6.51689675273402,269,12.96124773858976,8.848007862668343,11.919189835574734,14.011195028883552,239,198,249,182,88.84758364312268,73.60594795539033,92.56505576208178,67.65799256505576,269,269,7910.0,1.0266137074540558e-15,6.1596822447243345e-15,269,240,6668.0,4.581938225378483e-13,1.7054471669953613e-12,269,262,591.0,7.025134255280996e-42,4.2150805531685976e-41,269,269,1829.0,1.9895511626879006e-37,2.586416511494271e-36
e04y,4,"(0.56, 1.00]",0.56,1.0,y,Image-dominant (CCR < IDR),ok,/Users/tengfeisun/Developer/2026/with-downloadscheduling2022-t/experiments/five/e04y/run_20260829_010759_151_500,500,500,154,154,57.26402597402598,6.342186153547454,56.27303681818181,58.29696314935065,154,45.0,5.3099979690554076,44.16233766233766,45.83766233766234,154,50.929426747999486,6.468835710484354,49.93192874228098,51.9635135827116,154,55.65584415584416,6.084782121469095,54.7400974025974,56.616883116883116,154,53.067004087303914,7.840951248875803,51.849770331279416,54.3274201464843,154,48.4025974025974,5.113763921486706,47.603896103896105,49.19496753246754,154,10.832752997777426,8.379173106786613,9.495431149731244,12.110815411982978,154,7.251603901911227,9.585714538450407,5.710767618345412,8.756312591088907,154,4.432146791723584,10.643678778474193,2.78666969085795,6.148287424340935,154,12.598010369448987,8.680200295898892,11.23243669860662,13.989604974182038,137,128,140,115,88.96103896103897,83.11688311688312,90.9090909090909,74.67532467532467,154,154,1604.0,3.5155066101357034e-15,1.7577533050678518e-14,154,134,2180.0,1.9690817091949168e-07,1.9690817091949168e-07,154,150,249.5,2.902046341139969e-24,2.902046341139969e-24,154,154,492.0,5.239056655079082e-23,5.239056655079082e-22
e04z,4,"(0.56, 1.00]",0.56,1.0,z,Data-dominant (CCR > IDR),ok,/Users/tengfeisun/Developer/2026/with-downloadscheduling2022-t/experiments/five/e04z/run_20260829_040815_151_500,500,500,495,495,54.519226868686864,5.525094284884894,54.037322742424244,55.001160303030304,495,42.72929292929293,4.980879483606591,42.29494949494949,43.159646464646464,495,50.33907569906481,5.871415180054174,49.825210581993325,50.85690087712321,495,56.696969696969695,5.878414754799481,56.18585858585858,57.214141414141416,495,54.007960488145564,8.72031503208497,53.26284567231361,54.7810844149379,495,47.971717171717174,4.716583723958411,47.56363636363636,48.38383838383838,495,7.420812708517544,8.493738309358077,6.677088052427398,8.161385906464089,495,0.6959994043711429,14.25173685112565,-0.5853284316027242,1.9553923273324423,495,7.574644629169894,14.47740459858864,6.313477851597793,8.870932394643631,495,14.942789150074962,8.33446133923335,14.229801013697578,15.665110419784797,397,298,466,278,80.2020202020202,60.2020202020202,94.14141414141413,56.16161616161616,495,495,48625.0,6.176800553500396e-05,0.0001235360110700079,495,469,23540.0,5.975344458557018e-27,5.975344458557018e-26,495,484,831.0,7.137372448253638e-79,1.4274744896507276e-77,495,495,13231.0,1.1575835996598348e-51,2.0836504793877027e-50
e05x,5,"(1.00, 1.78]",1.0,1.78,x,Balanced (CCR ~= IDR),ok,/Users/tengfeisun/Developer/2026/with-downloadscheduling2022-t/experiments/five/e05x/run_20260829_010610_151_500,500,500,305,305,73.17473475409835,7.931462366629615,72.31394958196721,74.07212351639345,305,40.41311475409836,5.7221716585644,39.77049180327869,41.04262295081967,305,57.2146297655926,7.629606493210679,56.39223275490098,58.05004712075144,305,49.22950819672131,5.83544478816782,48.57704918032787,49.898360655737704,305,60.83893889592651,9.366164772272327,59.79596837910944,61.89975194851095,305,41.26229508196721,4.188414626525512,40.79344262295082,41.72786885245902,305,21.534939347473454,8.866544874711161,20.531285752898082,22.515440041173814,305,16.640716308824143,10.600407913619613,15.442823872822759,17.810648612856625,305,6.71338663808715,12.07889958598873,5.372753473125528,8.098799498900473,305,15.525176326067172,9.243179348053998,14.47134308124352,16.578283868499337,301,286,286,268,98.68852459016394,93.77049180327869,93.77049180327869,87.8688524590164,305,305,1266.0,1.749910117823921e-46,2.4498741649534896e-45,305,290,8062.0,7.505279048713698e-20,5.2536953340995885e-19,305,297,516.5,2.887420345910875e-48,4.042388484275225e-47,305,305,75.0,1.9365552740262366e-51,3.292143965844602e-50
e05y,5,"(1.00, 1.78]",1.0,1.78,y,Image-dominant (CCR < IDR),ok,/Users/tengfeisun/Developer/2026/with-downloadscheduling2022-t/experiments/five/e05y/run_20260829_010824_151_500,500,500,397,397,74.86722317380352,7.484597499641069,74.12592653022669,75.62263760075567,397,41.98992443324937,5.830510073874152,41.413035264483625,42.559193954659946,397,56.34432551494072,7.614972270233011,55.601197983857865,57.09169021499576,397,48.94458438287154,5.672185560378967,48.39288413098237,49.50887909319899,397,58.92316081257675,8.047954658778087,58.15719246235673,59.72526367832999,397,41.4382871536524,4.26275212094338,41.022670025188916,41.8639798488665,397,24.579992605179918,8.186575916570801,23.783173788209275,25.37542513500416,397,21.144575077232062,8.620863877518213,20.30143153259924,21.999242250211026,397,4.9626789282085895,9.489402097938497,4.045677315230802,5.909153825105957,397,14.707284721007147,9.446053153941097,13.786561116039195,15.59714850780105,393,389,366,358,98.99244332493703,97.98488664987406,92.19143576826197,90.17632241813602,397,397,104.0,1.8533032973433638e-66,4.077267254155401e-65,397,368,14944.0,1.3228946365925576e-20,1.0583157092740461e-19,397,389,1143.5,8.725531373665975e-62,1.396085019786556e-60,397,397,27.0,1.035476332554101e-66,2.070952665108202e-65
e05z,5,"(1.00, 1.78]",1.0,1.78,z,Data-dominant (CCR > IDR),ok,/Users/tengfeisun/Developer/2026/with-downloadscheduling2022-t/experiments/five/e05z/run_20260829_040825_151_500,500,500,490,490,71.0819455102041,7.856664386821388,70.38667394897959,71.76989071938775,490,39.19591836734694,5.428319258561769,38.72244897959184,39.67755102040816,490,57.94497187127196,7.325116631308663,57.29646249983064,58.60241329405797,490,51.012244897959185,5.8999716699975355,50.481632653061226,51.53265306122449,490,61.81983258525675,9.228330427110548,61.0144221148499,62.657100473961385,490,42.093877551020405,4.444541615175255,41.70204081632653,42.481632653061226,490,18.09321087287682,9.19572241589695,17.261457199481114,18.895553287285892,490,12.64127095078145,11.727124372648321,11.5921672649937,13.647481496126971,490,7.147441431181119,12.857888157401307,6.023539674233091,8.322993652986924,490,16.874171328109817,9.317993893785337,16.053857201818136,17.687686928072207,472,432,462,408,96.3265306122449,88.16326530612245,94.28571428571428,83.26530612244898,490,490,8863.0,4.087368295598268e-60,8.174736591196537e-59,490,477,22791.0,6.791254739420405e-30,9.507756635188567e-29,490,479,845.0,5.371007946305335e-78,1.0204915097980137e-76,490,490,727.0,4.56693172616253e-80,9.590556624941313e-79
e06x,6,"(1.78, 3.16]",1.78,3.16,x,Balanced (CCR ~= IDR),ok,/Users/tengfeisun/Developer/2026/with-downloadscheduling2022-t/experiments/five/e06x/run_20260829_010619_151_500,500,500,286,286,100.74879615384616,9.969383895828578,99.5951487937063,101.89632927447552,286,35.01748251748252,5.17989114137888,34.41258741258741,35.615472027972025,286,69.21698146202937,7.978239567198683,68.3430018579715,70.14863448060507,286,44.40559440559441,5.595408847596221,43.76573426573427,45.05594405594405,286,75.41940386731466,9.088763765303097,74.36858935273526,76.48266046077917,286,34.87062937062937,3.89971356874992,34.40909090909091,35.32167832167832,286,30.9479960116226,7.851313383275215,30.023013878492236,31.852053164921312,286,24.67632559217212,9.891632431111942,23.519057852184467,25.79943127512276,286,9.596910246469374,12.946526981371806,8.159078876424328,11.107145263084051,286,20.81860191773422,9.189581042923665,19.735948190333332,21.877281903497153,286,279,280,273,100.0,97.55244755244755,97.9020979020979,95.45454545454545,286,286,90.0,3.0531986230680965e-48,4.885117796908954e-47,286,275,4173.0,3.5128413554088425e-29,4.566693762031495e-28,286,284,53.5,3.9080016651888034e-48,4.689601998226564e-47,286,286,0.0,1.1870754623494625e-48,1.89932073975914e-47
e06y,6,"(1.78, 3.16]",1.78,3.16,y,Image-dominant (CCR < IDR),ok,/Users/tengfeisun/Developer/2026/with-downloadscheduling2022-t/experiments/five/e06y/run_20260829_040641_151_500,500,500,186,186,103.38474784946236,9.629300455881724,102.01109173387097,104.78871579301075,186,35.376344086021504,4.92958849989146,34.67204301075269,36.086021505376344,186,70.29373033755463,8.925705265236951,69.04069263257081,71.57652290397559,186,45.11827956989247,5.622059759824669,44.31720430107527,45.90860215053763,186,77.1491909856504,9.541508208291159,75.7998149376402,78.57629056127449,186,35.145161290322584,4.248421420767884,34.543010752688176,35.74744623655914,186,31.812607630165388,7.555800259964764,30.695589268836247,32.87391214074511,186,25.109190176020054,8.68216152740172,23.842683298374016,26.367383028430577,186,10.375436094420666,11.855395251317777,8.701313492753176,12.117640761461205,186,21.496990101774745,9.480130333692735,20.12695017607733,22.84667647741009,186,185,182,181,100.0,99.46236559139786,97.84946236559139,97.31182795698925,186,186,11.0,3.38928034504363e-32,3.38928034504363e-31,186,180,1492.0,2.025074909878172e-21,1.8225674188903546e-20,186,184,8.5,6.390570637883561e-32,1.9171711913650683e-31,186,186,0.0,2.836405306728084e-32,3.1200458374008924e-31
e06z,6,"(1.78, 3.16]",1.78,3.16,z,Data-dominant (CCR > IDR),ok,/Users/tengfeisun/Developer/2026/with-downloadscheduling2022-t/experiments/five/e06z/run_20260829_040834_151_500,500,500,493,493,95.49461967545639,11.581792581015819,94.48602654158216,96.50059744421905,493,33.3711967545639,5.125076044233532,32.926977687626774,33.839807302231236,493,70.76658685945087,8.044264208363227,70.06475385441155,71.47713890851456,493,44.98580121703854,5.518059892449989,44.50101419878296,45.47261663286004,493,78.66996616736671,10.774133010560124,77.73890417740711,79.64974492755516,493,35.12576064908722,4.157519106565415,34.75659229208925,35.494929006085194,493,25.302508102191133,8.895624796663192,24.510191472759775,26.070873612045794,493,16.86088404012804,12.565609703124622,15.744934860820576,17.94029726498519,493,11.726870915489915,14.49913274230473,10.457846558536662,13.057941250516912,493,21.322184534700632,9.310664257798509,20.493517495258956,22.136094662808183,489,451,485,443,99.18864097363083,91.48073022312373,98.37728194726166,89.8580121703854,493,493,5040.0,1.0906506910788876e-69,2.6175616585893305e-68,493,484,10325.0,1.321391656025335e-55,2.7749224776532033e-54,493,491,61.5,4.4664287714351135e-82,1.0272786174300761e-80,493,493,20.0,1.9860742384488761e-82,4.766578172277302e-81
e07x,7,"(3.16, 5.62]",3.16,5.62,x,Balanced (CCR ~= IDR),ok,/Users/tengfeisun/Developer/2026/with-downloadscheduling2022-t/experiments/five/e07x/run_20260829_010634_151_500,500,500,284,284,148.04210809859157,15.324536114329991,146.27267242077463,149.81645254401408,284,29.37323943661972,5.545327712014286,28.732394366197184,30.02825704225352,284,93.440625558265,7.646465134293148,92.55348658074956,94.33532920403715,284,41.017605633802816,5.400861065961587,40.40484154929578,41.66197183098591,284,106.33007598827245,12.464208942413906,104.86054725615159,107.79015891910335,284,28.845070422535212,3.751646563641895,28.422535211267604,29.278169014084508,284,36.364115466522485,7.119684784663367,35.54128312229435,37.1876105868171,284,27.500353214011593,10.879037166733303,26.23322809006685,28.75440097173261,284,14.142865372049217,13.10033644813213,12.661977035897811,15.719573240822953,284,29.028165035990178,9.535482524469439,27.934799346022086,30.128616032943512,284,278,283,277,100.0,97.88732394366197,99.64788732394366,97.53521126760563,284,284,99.0,7.179344200698561e-48,1.0769016301047843e-46,284,283,1904.0,8.785565749887309e-40,1.5814018349797156e-38,284,283,0.0,3.2515606611664954e-48,4.227028859516444e-47,284,284,0.0,2.52178169369004e-48,3.78267254053506e-47
e07y,7,"(3.16, 5.62]",3.16,5.62,y,Image-dominant (CCR < IDR),ok,/Users/tengfeisun/Developer/2026/with-downloadscheduling2022-t/experiments/five/e07y/run_20260829_040722_151_500,500,500,199,199,154.43615326633164,15.88566693787478,152.19541342964823,156.70447478643217,199,29.608040201005025,5.009802076615459,28.90954773869347,30.316582914572866,199,96.03410340002105,8.546651837408847,94.82752670835892,97.22937760098515,199,41.608040201005025,5.531099921517425,40.8643216080402,42.38693467336683,199,107.95029388729782,12.178035655063875,106.26519440954664,109.63638439530082,199,29.2964824120603,3.6122040179249764,28.798994974874372,29.798994974874372,199,37.35947486432105,6.979670315426314,36.38900242319622,38.295793546579084,199,29.60208942564146,8.99764962314344,28.335682287096738,30.853281760273678,199,12.817652993287751,12.507778616296793,11.104073944641167,14.536117753971077,199,28.921213025624507,9.138935134860628,27.65922023685869,30.161745320962808,199,199,198,198,100.0,100.0,99.49748743718592,99.49748743718592,199,199,0.0,2.0947485657182746e-34,2.5136982788619295e-33,199,198,1078.0,1.6715412871817053e-27,1.8386954158998757e-26,199,199,1.0,1.9556063728356414e-34,7.822425491342566e-34,199,199,0.0,2.0947485657182746e-34,2.5136982788619295e-33
e07z,7,"(3.16, 5.62]",3.16,5.62,z,Data-dominant (CCR > IDR),ok,/Users/tengfeisun/Developer/2026/with-downloadscheduling2022-t/experiments/five/e07z/run_20260829_040843_151_500,500,500,493,493,136.12191561866126,16.309785403127677,134.71076712474647,137.58032220588237,493,27.578093306288032,4.519659721639044,27.176470588235293,27.973630831643003,493,95.75220623834018,9.280071920707803,94.94121758497185,96.57731343008874,493,40.84178498985801,5.312138888579897,40.37322515212982,41.300202839756594,493,110.75073915529175,14.566339204179414,109.49460222091251,112.0549989052699,493,28.815415821501013,3.582421752008181,28.496957403651116,29.129817444219068,493,28.894721921838993,9.24808599521255,28.082621762261986,29.720236917362485,493,17.52198382321445,14.60610814476001,16.217968069324286,18.779247389094266,493,16.171226772729494,15.210345269571649,14.870194993494414,17.513744422216668,493,28.822590317578147,8.919571681450249,28.052295456847567,29.60029352354136,490,436,493,436,99.39148073022312,88.43813387423936,100.0,88.43813387423936,493,493,6284.0,1.0623251305268649e-66,2.4433478002117893e-65,493,492,5008.0,1.4025204044680834e-69,3.225796930276592e-68,493,493,0.0,1.409704177544899e-82,3.383290026107758e-81,493,493,26.0,2.0600255556224604e-82,4.766578172277302e-81
e08x,8,"(5.62, 10.00]",5.62,10.0,x,Balanced (CCR ~= IDR),ok,/Users/tengfeisun/Developer/2026/with-downloadscheduling2022-t/experiments/five/e08x/run_20260829_010645_151_500,500,500,307,307,230.83166905537462,24.99859067005853,228.0263244869707,233.64490415309447,307,23.921824104234528,4.539630782581574,23.41368078175896,24.42671009771987,307,141.63832515311532,13.56597178290087,140.129538707445,143.15682049708752,307,36.76547231270359,4.443219850026422,36.28013029315961,37.26384364820847,307,163.89679310870054,18.19039271538881,161.86230398244217,165.9790987358465,307,22.36156351791531,3.109581676209462,22.009771986970684,22.71986970684039,307,38.00054625366831,8.458143408076808,37.08363671245529,38.95175132252457,307,28.24678023788565,10.627484783219856,27.04514607041089,29.415423556812485,307,16.329166451001633,13.765897342830902,14.79355228920322,17.905032940600606,307,38.64180948622388,9.115280921121833,37.61716962746421,39.64828088409023,307,306,306,305,100.0,99.6742671009772,99.6742671009772,99.3485342019544,307,307,12.0,4.900317778893653e-52,8.820572002008576e-51,307,307,1317.0,1.2261890650189952e-46,2.4523781300379904e-45,307,307,1.0,3.791423021784062e-52,5.687134532676093e-51,307,307,0.0,4.356866685134802e-52,8.278046701756124e-51
e08y,8,"(5.62, 10.00]",5.62,10.0,y,Image-dominant (CCR < IDR),ok,/Users/tengfeisun/Developer/2026/with-downloadscheduling2022-t/experiments/five/e08y/run_20260829_040732_151_500,500,500,254,254,239.7545251968504,26.477973320611806,236.53146750000002,243.0336894291339,254,23.669291338582678,4.4269300172057084,23.125885826771654,24.22047244094488,254,148.13669695915084,12.38105725908477,146.5829616458815,149.66776919682565,254,36.374015748031496,4.799319988037587,35.78346456692913,36.95669291338583,254,160.8347812407142,14.837887435115238,159.02620582771215,162.66819163968484,254,22.988188976377952,3.1478486077680747,22.594488188976378,23.37007874015748,254,37.568355986007234,7.88985139723622,36.59126914459927,38.51686292703156,254,32.22749579280875,9.00099946610069,31.104730679633583,33.32633208707489,254,8.911946331565401,9.800273371828105,7.74015039494429,10.115542041222088,254,36.20000392214668,8.991350372550752,35.077700718028915,37.28081418420896,254,253,254,253,100.0,99.60629921259843,100.0,99.60629921259843,254,254,6.0,2.199735349394478e-43,2.8596559542128214e-42,254,254,2592.0,3.924068575131874e-31,6.278509720210998e-30,254,254,0.0,1.7695199531978916e-43,1.4156159625583133e-42,254,254,0.0,2.0488044371533098e-43,2.8683262120146338e-42
e08z,8,"(5.62, 10.00]",5.62,10.0,z,Data-dominant (CCR > IDR),ok,/Users/tengfeisun/Developer/2026/with-downloadscheduling2022-t/experiments/five/e08z/run_20260829_040855_151_500,500,500,488,488,203.8291786885246,25.715808947263408,201.56593790983607,206.14819449282786,488,22.32172131147541,3.5928544628424715,22.010245901639344,22.637295081967213,488,143.69235604154855,15.92597506071426,142.29643786380595,145.09650298555414,488,37.006147540983605,4.332433803766491,36.625,37.38319672131148,488,167.34186298170937,21.98768147869265,165.4321135093852,169.25822592546578,488,22.612704918032787,3.0525181409851645,22.346311475409838,22.883196721311474,488,28.50298499823823,11.396585790200891,27.497758859299115,29.50475080098629,488,16.74878730961042,14.295804318696465,15.503238079688671,18.0011366348976,488,17.11194647028039,15.086059016462869,15.782183182780965,18.4544093745142,488,38.41339382172294,8.783152950562439,37.63359118676169,39.183928682840694,481,424,488,424,98.5655737704918,86.88524590163934,100.0,86.88524590163934,488,488,6186.0,5.65169228694353e-66,1.1868553802581412e-64,488,488,4459.0,3.493857850464362e-70,8.385258841114468e-69,488,488,0.0,8.969772863869735e-82,1.9733500300513416e-80,488,488,138.0,2.6927671185213845e-81,5.924087660747046e-80
