seed,variant,variant_display_label,is_baseline_nheft,configured_tolerance,configured_comp_advantage,configured_drt_advantage,configured_irt_advantage,ccr_data,idr_image,nccr_total,heft_makespan,heft_slr,heft_vcpus,heft_hosts,heft_instances,heft_image_dl_total,heft_image_from_repo,heft_image_from_host,dheft_makespan,dheft_slr,dheft_vcpus,dheft_hosts,dheft_instances,dheft_image_dl_total,dheft_image_from_repo,dheft_image_from_host,nheft_makespan,nheft_slr,nheft_vcpus,nheft_hosts,nheft_instances,nheft_image_dl_total,nheft_image_from_repo,nheft_image_from_host,time_sec,return_code,status,log_file
741896,drt_only,GHEFT,0,0.0,0,1,0,2.1853,1.9961,4.1814,,,,,,,,,,,,,,,,,1790.0947617804854,54.9615,1,1,22,21,21,0,4.964467,0,ok,logs/seed_741896.log
430515,drt_only,GHEFT,0,0.0,0,1,0,2.0855,2.094,4.1795,,,,,,,,,,,,,,,,,994.9732728461541,24.8276,1,1,22,20,20,0,5.081011,0,ok,logs/seed_430515.log
888075,drt_only,GHEFT,0,0.0,0,1,0,2.0776,1.8511,3.9287,,,,,,,,,,,,,,,,,1212.8593462647457,31.1626,1,1,22,24,24,0,5.747135,0,ok,logs/seed_888075.log
914983,drt_only,GHEFT,0,0.0,0,1,0,2.3662,2.3921,4.7583,,,,,,,,,,,,,,,,,815.1879081036908,22.9295,1,1,22,20,20,0,6.915856,0,ok,logs/seed_914983.log
997971,drt_only,GHEFT,0,0.0,0,1,0,2.0965,1.7575,3.854,,,,,,,,,,,,,,,,,1065.4168830209703,36.1234,1,1,22,20,20,0,7.234063,0,ok,logs/seed_997971.log
747642,drt_only,GHEFT,0,0.0,0,1,0,1.8439,1.6471,3.491,,,,,,,,,,,,,,,,,824.8938024864873,18.6507,1,1,22,20,20,0,6.276111,0,ok,logs/seed_747642.log
664527,drt_only,GHEFT,0,0.0,0,1,0,2.0614,2.3814,4.4428,,,,,,,,,,,,,,,,,2236.2684129217055,54.3855,1,1,22,26,26,0,9.256436,0,ok,logs/seed_664527.log
760044,drt_only,GHEFT,0,0.0,0,1,0,1.8112,1.6905,3.5017,,,,,,,,,,,,,,,,,1187.8960963183788,22.5511,1,1,22,20,20,0,8.061626,0,ok,logs/seed_760044.log
215549,drt_only,GHEFT,0,0.0,0,1,0,2.0413,2.1607,4.202,,,,,,,,,,,,,,,,,693.1402936476486,19.7935,1,1,22,20,20,0,6.00768,0,ok,logs/seed_215549.log
370191,drt_only,GHEFT,0,0.0,0,1,0,1.9495,2.0209,3.9704,,,,,,,,,,,,,,,,,994.9473158242536,28.0947,1,1,22,20,20,0,7.562864,0,ok,logs/seed_370191.log
296947,drt_only,GHEFT,0,0.0,0,1,0,1.8108,2.1249,3.9357,,,,,,,,,,,,,,,,,2105.8569100979034,46.4418,1,1,22,23,23,0,6.420244,0,ok,logs/seed_296947.log
963598,drt_only,GHEFT,0,0.0,0,1,0,2.1382,2.0907,4.2289,,,,,,,,,,,,,,,,,1183.7575308292676,30.8334,1,1,22,21,21,0,6.890203,0,ok,logs/seed_963598.log
388451,drt_only,GHEFT,0,0.0,0,1,0,2.0057,2.0188,4.0245,,,,,,,,,,,,,,,,,981.8871483198895,26.175,1,1,22,20,20,0,6.835444,0,ok,logs/seed_388451.log
602873,drt_only,GHEFT,0,0.0,0,1,0,1.8972,1.8074,3.7046,,,,,,,,,,,,,,,,,1746.9551723641623,36.1137,1,1,22,22,22,0,7.190011,0,ok,logs/seed_602873.log
122745,drt_only,GHEFT,0,0.0,0,1,0,2.0329,1.7559,3.7888,,,,,,,,,,,,,,,,,1203.0120109064328,34.6769,1,1,22,21,21,0,7.105906,0,ok,logs/seed_122745.log
484762,drt_only,GHEFT,0,0.0,0,1,0,2.0729,2.2502,4.3231,,,,,,,,,,,,,,,,,893.4131852354948,25.44,1,1,22,20,20,0,6.08033,0,ok,logs/seed_484762.log
514215,drt_only,GHEFT,0,0.0,0,1,0,2.2025,1.9201,4.1226,,,,,,,,,,,,,,,,,812.9193495844496,20.6808,1,1,22,20,20,0,7.722454,0,ok,logs/seed_514215.log
601161,drt_only,GHEFT,0,0.0,0,1,0,1.7901,1.7846,3.5747,,,,,,,,,,,,,,,,,1025.5206386467232,23.3599,1,1,22,21,21,0,8.725302,0,ok,logs/seed_601161.log
78435,drt_only,GHEFT,0,0.0,0,1,0,1.8722,1.728,3.6002,,,,,,,,,,,,,,,,,1485.9257184263558,34.1165,1,1,22,21,21,0,7.664771,0,ok,logs/seed_78435.log
480957,drt_only,GHEFT,0,0.0,0,1,0,2.0883,1.8316,3.9199,,,,,,,,,,,,,,,,,1346.763580092651,38.3237,1,1,22,21,21,0,6.299494,0,ok,logs/seed_480957.log
113260,drt_only,GHEFT,0,0.0,0,1,0,2.2784,2.2082,4.4866,,,,,,,,,,,,,,,,,1684.2727363071729,36.8991,1,1,22,33,33,0,7.751378,0,ok,logs/seed_113260.log
846854,drt_only,GHEFT,0,0.0,0,1,0,1.9578,2.0311,3.9889,,,,,,,,,,,,,,,,,763.6012139147009,22.1857,1,1,22,20,20,0,6.263528,0,ok,logs/seed_846854.log
422970,drt_only,GHEFT,0,0.0,0,1,0,1.9688,2.2331,4.2019,,,,,,,,,,,,,,,,,1439.37996979365,37.0839,1,1,22,20,20,0,6.886522,0,ok,logs/seed_422970.log
762973,drt_only,GHEFT,0,0.0,0,1,0,2.3071,1.7514,4.0585,,,,,,,,,,,,,,,,,865.3111037843353,21.0198,1,1,22,20,20,0,6.734206,0,ok,logs/seed_762973.log
303068,drt_only,GHEFT,0,0.0,0,1,0,2.3781,2.6292,5.0073,,,,,,,,,,,,,,,,,1198.055885428571,34.0803,1,1,22,20,20,0,7.421228,0,ok,logs/seed_303068.log
701483,drt_only,GHEFT,0,0.0,0,1,0,2.4598,2.4831,4.9429,,,,,,,,,,,,,,,,,888.7625315299149,28.7319,1,1,22,20,20,0,5.365591,0,ok,logs/seed_701483.log
193272,drt_only,GHEFT,0,0.0,0,1,0,2.0874,2.2926,4.38,,,,,,,,,,,,,,,,,2018.4453445616211,45.1943,1,1,22,21,21,0,7.123512,0,ok,logs/seed_193272.log
609026,drt_only,GHEFT,0,0.0,0,1,0,1.9304,1.9,3.8304,,,,,,,,,,,,,,,,,965.657679001517,26.5555,1,1,22,20,20,0,7.39301,0,ok,logs/seed_609026.log
385324,drt_only,GHEFT,0,0.0,0,1,0,2.1979,2.4229,4.6208,,,,,,,,,,,,,,,,,2129.8785776565655,67.1945,1,1,22,21,21,0,5.930237,0,ok,logs/seed_385324.log
586699,drt_only,GHEFT,0,0.0,0,1,0,2.0152,2.1638,4.179,,,,,,,,,,,,,,,,,1149.9889597477486,29.9442,1,1,22,21,21,0,5.969427,0,ok,logs/seed_586699.log
127154,drt_only,GHEFT,0,0.0,0,1,0,2.3437,2.3091,4.6528,,,,,,,,,,,,,,,,,1050.5103954264498,38.1001,1,1,22,20,20,0,5.759218,0,ok,logs/seed_127154.log
140763,drt_only,GHEFT,0,0.0,0,1,0,2.0096,1.9508,3.9604,,,,,,,,,,,,,,,,,781.963469576159,20.6612,1,1,22,20,20,0,6.12443,0,ok,logs/seed_140763.log
162375,drt_only,GHEFT,0,0.0,0,1,0,2.274,2.3957,4.6697,,,,,,,,,,,,,,,,,1999.4695645226477,49.4482,1,1,22,21,21,0,6.154495,0,ok,logs/seed_162375.log
320372,drt_only,GHEFT,0,0.0,0,1,0,2.3085,2.7618,5.0703,,,,,,,,,,,,,,,,,903.0076640019349,24.6172,1,1,22,20,20,0,5.410888,0,ok,logs/seed_320372.log
911752,drt_only,GHEFT,0,0.0,0,1,0,2.4212,2.1779,4.5991,,,,,,,,,,,,,,,,,800.4077824661524,20.1794,1,1,22,20,20,0,7.742944,0,ok,logs/seed_911752.log
185527,drt_only,GHEFT,0,0.0,0,1,0,2.1499,1.9347,4.0846,,,,,,,,,,,,,,,,,806.9852924793188,16.6837,1,1,22,20,20,0,6.511957,0,ok,logs/seed_185527.log
766339,drt_only,GHEFT,0,0.0,0,1,0,2.2972,2.1598,4.457,,,,,,,,,,,,,,,,,703.0766924716979,19.0335,1,1,22,20,20,0,7.581351,0,ok,logs/seed_766339.log
911829,drt_only,GHEFT,0,0.0,0,1,0,2.0736,1.9848,4.0584,,,,,,,,,,,,,,,,,1248.7312595892583,24.7082,1,1,22,21,21,0,7.777828,0,ok,logs/seed_911829.log
184906,drt_only,GHEFT,0,0.0,0,1,0,2.2136,2.1649,4.3785,,,,,,,,,,,,,,,,,1097.4178345225152,25.5972,1,1,22,23,23,0,6.847453,0,ok,logs/seed_184906.log
189090,drt_only,GHEFT,0,0.0,0,1,0,2.2059,1.7699,3.9758,,,,,,,,,,,,,,,,,1118.5356061990815,31.732,1,1,22,20,20,0,6.52515,0,ok,logs/seed_189090.log
355619,drt_only,GHEFT,0,0.0,0,1,0,1.8338,1.959,3.7928,,,,,,,,,,,,,,,,,1622.7940085574064,35.621,1,1,22,25,25,0,6.411634,0,ok,logs/seed_355619.log
440123,drt_only,GHEFT,0,0.0,0,1,0,1.9443,2.139,4.0833,,,,,,,,,,,,,,,,,930.1386082480626,20.0931,1,1,22,20,20,0,7.225571,0,ok,logs/seed_440123.log
65843,drt_only,GHEFT,0,0.0,0,1,0,2.2248,1.8468,4.0716,,,,,,,,,,,,,,,,,705.9602396216211,20.4883,1,1,22,21,21,0,4.427044,0,ok,logs/seed_65843.log
356002,drt_only,GHEFT,0,0.0,0,1,0,2.3127,1.9491,4.2618,,,,,,,,,,,,,,,,,643.4302571640375,17.113,1,1,22,20,20,0,6.468559,0,ok,logs/seed_356002.log
546160,drt_only,GHEFT,0,0.0,0,1,0,2.2209,1.9874,4.2083,,,,,,,,,,,,,,,,,1285.9346046832295,23.0128,1,1,22,20,20,0,6.416041,0,ok,logs/seed_546160.log
466702,drt_only,GHEFT,0,0.0,0,1,0,1.7675,1.4706,3.2381,,,,,,,,,,,,,,,,,1170.7231142048188,32.8333,1,1,22,22,22,0,7.232651,0,ok,logs/seed_466702.log
108594,drt_only,GHEFT,0,0.0,0,1,0,1.9566,1.8692,3.8258,,,,,,,,,,,,,,,,,2125.8285769230774,61.8205,1,1,22,22,22,0,6.583104,0,ok,logs/seed_108594.log
302326,drt_only,GHEFT,0,0.0,0,1,0,2.2258,2.0639,4.2897,,,,,,,,,,,,,,,,,984.4530493425775,24.3114,1,1,22,20,20,0,6.615758,0,ok,logs/seed_302326.log
830943,drt_only,GHEFT,0,0.0,0,1,0,2.2562,1.8706,4.1268,,,,,,,,,,,,,,,,,926.9015213711467,26.4123,1,1,22,21,21,0,6.837768,0,ok,logs/seed_830943.log
774892,drt_only,GHEFT,0,0.0,0,1,0,2.0372,1.7201,3.7573,,,,,,,,,,,,,,,,,978.3286603576162,24.3158,1,1,22,22,22,0,7.834963,0,ok,logs/seed_774892.log
317399,drt_only,GHEFT,0,0.0,0,1,0,2.208,1.9442,4.1522,,,,,,,,,,,,,,,,,947.4804513045307,26.5238,1,1,22,21,21,0,6.479632,0,ok,logs/seed_317399.log
179499,drt_only,GHEFT,0,0.0,0,1,0,2.1423,1.882,4.0243,,,,,,,,,,,,,,,,,1022.0561758784198,25.8208,1,1,22,21,21,0,5.65105,0,ok,logs/seed_179499.log
551935,drt_only,GHEFT,0,0.0,0,1,0,2.3306,2.2857,4.6163,,,,,,,,,,,,,,,,,787.6320238108107,15.5747,1,1,22,20,20,0,7.03978,0,ok,logs/seed_551935.log
751687,drt_only,GHEFT,0,0.0,0,1,0,1.9939,1.5425,3.5364,,,,,,,,,,,,,,,,,857.0506031355935,24.8082,1,1,22,21,21,0,5.82555,0,ok,logs/seed_751687.log
531148,drt_only,GHEFT,0,0.0,0,1,0,2.0395,1.8324,3.8719,,,,,,,,,,,,,,,,,1578.7037900378873,34.2022,1,1,22,20,20,0,8.110844,0,ok,logs/seed_531148.log
594138,drt_only,GHEFT,0,0.0,0,1,0,2.3217,2.188,4.5097,,,,,,,,,,,,,,,,,704.4938425593414,20.4681,1,1,22,20,20,0,5.059212,0,ok,logs/seed_594138.log
702028,drt_only,GHEFT,0,0.0,0,1,0,2.2434,2.0204,4.2638,,,,,,,,,,,,,,,,,1098.1268876969689,28.5846,1,1,22,20,20,0,5.89279,0,ok,logs/seed_702028.log
492022,drt_only,GHEFT,0,0.0,0,1,0,1.9726,1.767,3.7396,,,,,,,,,,,,,,,,,987.7964976793886,26.1482,1,1,22,21,21,0,6.789037,0,ok,logs/seed_492022.log
231332,drt_only,GHEFT,0,0.0,0,1,0,2.1944,1.9854,4.1798,,,,,,,,,,,,,,,,,1950.033708115045,55.2925,1,1,22,21,21,0,7.110438,0,ok,logs/seed_231332.log
147537,drt_only,GHEFT,0,0.0,0,1,0,2.3025,2.1542,4.4567,,,,,,,,,,,,,,,,,756.0361116648434,16.6038,1,1,22,21,21,0,6.951013,0,ok,logs/seed_147537.log
109654,drt_only,GHEFT,0,0.0,0,1,0,1.9687,2.1258,4.0945,,,,,,,,,,,,,,,,,1341.6301744547206,32.9021,1,1,22,20,20,0,8.041344,0,ok,logs/seed_109654.log
357820,drt_only,GHEFT,0,0.0,0,1,0,1.8093,1.9133,3.7226,,,,,,,,,,,,,,,,,1162.4861687486027,40.0949,1,1,22,21,21,0,6.167299,0,ok,logs/seed_357820.log
813854,drt_only,GHEFT,0,0.0,0,1,0,2.0714,1.9197,3.9911,,,,,,,,,,,,,,,,,920.4386835941275,21.6315,1,1,22,20,20,0,6.71278,0,ok,logs/seed_813854.log
840701,drt_only,GHEFT,0,0.0,0,1,0,2.0152,2.1089,4.1241,,,,,,,,,,,,,,,,,1625.3974223448276,38.1271,1,1,22,21,21,0,6.682378,0,ok,logs/seed_840701.log
528112,drt_only,GHEFT,0,0.0,0,1,0,2.3272,2.1784,4.5056,,,,,,,,,,,,,,,,,673.2383856666671,16.1823,1,1,22,20,20,0,7.008947,0,ok,logs/seed_528112.log
610245,drt_only,GHEFT,0,0.0,0,1,0,2.2727,2.203,4.4757,,,,,,,,,,,,,,,,,1171.8609001649818,32.0352,1,1,22,20,20,0,6.568725,0,ok,logs/seed_610245.log
540631,drt_only,GHEFT,0,0.0,0,1,0,2.1242,1.7944,3.9186,,,,,,,,,,,,,,,,,688.0402941824823,20.171,1,1,22,20,20,0,6.565614,0,ok,logs/seed_540631.log
670354,drt_only,GHEFT,0,0.0,0,1,0,2.1482,2.0323,4.1805,,,,,,,,,,,,,,,,,1265.2745910837775,32.2872,1,1,22,20,20,0,6.525941,0,ok,logs/seed_670354.log
416284,drt_only,GHEFT,0,0.0,0,1,0,2.1947,2.1807,4.3754,,,,,,,,,,,,,,,,,1273.0673373381294,37.5544,1,1,22,21,21,0,6.679844,0,ok,logs/seed_416284.log
853922,drt_only,GHEFT,0,0.0,0,1,0,2.272,2.61,4.882,,,,,,,,,,,,,,,,,686.0098053547763,16.5561,1,1,22,20,20,0,6.342091,0,ok,logs/seed_853922.log
703771,drt_only,GHEFT,0,0.0,0,1,0,2.2187,2.4239,4.6426,,,,,,,,,,,,,,,,,699.0317587111914,19.2482,1,1,22,20,20,0,6.063396,0,ok,logs/seed_703771.log
131782,drt_only,GHEFT,0,0.0,0,1,0,2.181,2.0884,4.2694,,,,,,,,,,,,,,,,,1162.9369208719907,36.7447,1,1,22,20,20,0,5.948066,0,ok,logs/seed_131782.log
793335,drt_only,GHEFT,0,0.0,0,1,0,2.22,2.3745,4.5945,,,,,,,,,,,,,,,,,1091.0089686644292,30.9748,1,1,22,20,20,0,6.29221,0,ok,logs/seed_793335.log
829835,drt_only,GHEFT,0,0.0,0,1,0,1.8955,1.7367,3.6322,,,,,,,,,,,,,,,,,1055.5577760457609,29.5018,1,1,22,20,20,0,6.943728,0,ok,logs/seed_829835.log
517538,drt_only,GHEFT,0,0.0,0,1,0,2.2633,1.9548,4.2181,,,,,,,,,,,,,,,,,807.0938007679557,20.7194,1,1,22,20,20,0,6.449912,0,ok,logs/seed_517538.log
432977,drt_only,GHEFT,0,0.0,0,1,0,2.1516,1.9983,4.1499,,,,,,,,,,,,,,,,,1579.4314514233126,35.164,1,1,22,20,20,0,6.702233,0,ok,logs/seed_432977.log
202788,drt_only,GHEFT,0,0.0,0,1,0,2.2159,1.9688,4.1847,,,,,,,,,,,,,,,,,1251.170121172839,32.3654,1,1,22,21,21,0,6.474922,0,ok,logs/seed_202788.log
455331,drt_only,GHEFT,0,0.0,0,1,0,2.2718,1.9985,4.2703,,,,,,,,,,,,,,,,,888.8330672617799,23.5127,1,1,22,20,20,0,4.994342,0,ok,logs/seed_455331.log
795054,drt_only,GHEFT,0,0.0,0,1,0,2.2639,2.0231,4.287,,,,,,,,,,,,,,,,,1026.9081179999994,31.7791,1,1,22,20,20,0,5.476329,0,ok,logs/seed_795054.log
612732,drt_only,GHEFT,0,0.0,0,1,0,2.1825,1.7421,3.9246,,,,,,,,,,,,,,,,,1200.6519455413368,38.3827,1,1,22,21,21,0,5.51551,0,ok,logs/seed_612732.log
753523,drt_only,GHEFT,0,0.0,0,1,0,2.0544,2.1089,4.1633,,,,,,,,,,,,,,,,,768.4374951904764,19.8424,1,1,22,20,20,0,6.102117,0,ok,logs/seed_753523.log
239744,drt_only,GHEFT,0,0.0,0,1,0,2.1244,2.1404,4.2648,,,,,,,,,,,,,,,,,1037.4124854931515,24.1036,1,1,22,21,21,0,6.549891,0,ok,logs/seed_239744.log
838648,drt_only,GHEFT,0,0.0,0,1,0,2.2352,2.0032,4.2384,,,,,,,,,,,,,,,,,1033.2212605897435,26.0091,1,1,22,22,22,0,5.453921,0,ok,logs/seed_838648.log
115403,drt_only,GHEFT,0,0.0,0,1,0,1.8905,1.6638,3.5543,,,,,,,,,,,,,,,,,1188.0280063945122,28.1665,1,1,22,20,20,0,6.929772,0,ok,logs/seed_115403.log
712189,drt_only,GHEFT,0,0.0,0,1,0,2.3013,2.4355,4.7368,,,,,,,,,,,,,,,,,1124.6922502391649,33.5888,1,1,22,20,20,0,6.818115,0,ok,logs/seed_712189.log
873143,drt_only,GHEFT,0,0.0,0,1,0,2.028,1.8028,3.8308,,,,,,,,,,,,,,,,,2046.0531817906985,72.4551,1,1,22,20,20,0,5.834135,0,ok,logs/seed_873143.log
877233,drt_only,GHEFT,0,0.0,0,1,0,2.0072,1.6244,3.6316,,,,,,,,,,,,,,,,,737.3483198633539,20.3883,1,1,22,20,20,0,6.214844,0,ok,logs/seed_877233.log
663658,drt_only,GHEFT,0,0.0,0,1,0,2.2654,2.4035,4.6689,,,,,,,,,,,,,,,,,933.1750703909341,24.5705,1,1,22,21,21,0,5.742084,0,ok,logs/seed_663658.log
656054,drt_only,GHEFT,0,0.0,0,1,0,2.0286,1.5223,3.5509,,,,,,,,,,,,,,,,,642.8199730743407,18.3171,1,1,22,21,21,0,6.443851,0,ok,logs/seed_656054.log
464471,drt_only,GHEFT,0,0.0,0,1,0,2.1313,2.1684,4.2997,,,,,,,,,,,,,,,,,1086.780767658385,30.6208,1,1,22,21,21,0,5.616503,0,ok,logs/seed_464471.log
586510,drt_only,GHEFT,0,0.0,0,1,0,2.0974,2.1954,4.2928,,,,,,,,,,,,,,,,,641.1678863811075,19.7882,1,1,22,20,20,0,5.699427,0,ok,logs/seed_586510.log
50264,drt_only,GHEFT,0,0.0,0,1,0,2.1089,2.015,4.1239,,,,,,,,,,,,,,,,,1216.7413244502927,35.2011,1,1,22,24,24,0,5.229324,0,ok,logs/seed_50264.log
719048,drt_only,GHEFT,0,0.0,0,1,0,2.272,2.3824,4.6544,,,,,,,,,,,,,,,,,1379.4191913578265,37.2159,1,1,22,20,20,0,6.663037,0,ok,logs/seed_719048.log
677021,drt_only,GHEFT,0,0.0,0,1,0,2.0831,2.2049,4.288,,,,,,,,,,,,,,,,,1732.211903206896,47.9682,1,1,22,21,21,0,4.600271,0,ok,logs/seed_677021.log
861718,drt_only,GHEFT,0,0.0,0,1,0,2.3666,2.3572,4.7238,,,,,,,,,,,,,,,,,807.8849792377849,27.3194,1,1,22,20,20,0,5.899475,0,ok,logs/seed_861718.log
495401,drt_only,GHEFT,0,0.0,0,1,0,2.132,1.6971,3.8291,,,,,,,,,,,,,,,,,837.0501828582003,24.7915,1,1,22,20,20,0,7.309179,0,ok,logs/seed_495401.log
209510,drt_only,GHEFT,0,0.0,0,1,0,2.1425,1.9115,4.054,,,,,,,,,,,,,,,,,669.3910338612061,15.659,1,1,22,20,20,0,5.390721,0,ok,logs/seed_209510.log
743312,drt_only,GHEFT,0,0.0,0,1,0,2.237,2.2987,4.5357,,,,,,,,,,,,,,,,,800.074282689655,26.0362,1,1,22,20,20,0,5.373429,0,ok,logs/seed_743312.log
212694,drt_only,GHEFT,0,0.0,0,1,0,2.0132,2.1142,4.1274,,,,,,,,,,,,,,,,,1214.3210839681528,40.3952,1,1,22,20,20,0,6.055285,0,ok,logs/seed_212694.log
224701,drt_only,GHEFT,0,0.0,0,1,0,2.0733,1.8833,3.9566,,,,,,,,,,,,,,,,,1038.6143261195336,23.8639,1,1,22,21,21,0,6.056094,0,ok,logs/seed_224701.log
861434,drt_only,GHEFT,0,0.0,0,1,0,2.1938,2.1667,4.3605,,,,,,,,,,,,,,,,,761.1821237801149,21.182,1,1,22,20,20,0,5.752736,0,ok,logs/seed_861434.log
844102,drt_only,GHEFT,0,0.0,0,1,0,1.9542,1.9258,3.88,,,,,,,,,,,,,,,,,937.0122750985224,21.2622,1,1,22,21,21,0,5.422269,0,ok,logs/seed_844102.log
722064,drt_only,GHEFT,0,0.0,0,1,0,1.9854,1.9025,3.8879,,,,,,,,,,,,,,,,,924.5140570257394,28.2078,1,1,22,21,21,0,5.840073,0,ok,logs/seed_722064.log
549862,drt_only,GHEFT,0,0.0,0,1,0,2.3378,1.9466,4.2844,,,,,,,,,,,,,,,,,962.8268704761398,26.6535,1,1,22,20,20,0,5.232477,0,ok,logs/seed_549862.log
2010,drt_only,GHEFT,0,0.0,0,1,0,2.2322,1.7045,3.9367,,,,,,,,,,,,,,,,,1134.7369009565218,27.3835,1,1,22,21,21,0,5.775695,0,ok,logs/seed_2010.log
796027,drt_only,GHEFT,0,0.0,0,1,0,2.0822,1.746,3.8282,,,,,,,,,,,,,,,,,943.105980967611,25.38,1,1,22,21,21,0,4.866533,0,ok,logs/seed_796027.log
401997,drt_only,GHEFT,0,0.0,0,1,0,1.8575,1.7699,3.6274,,,,,,,,,,,,,,,,,1218.680321453288,32.075,1,1,22,25,25,0,5.146217,0,ok,logs/seed_401997.log
35721,drt_only,GHEFT,0,0.0,0,1,0,2.4731,2.0123,4.4854,,,,,,,,,,,,,,,,,711.8250087550075,19.8862,1,1,22,20,20,0,5.696172,0,ok,logs/seed_35721.log
724068,drt_only,GHEFT,0,0.0,0,1,0,2.1572,2.128,4.2852,,,,,,,,,,,,,,,,,959.9119085205482,24.1035,1,1,22,20,20,0,6.538349,0,ok,logs/seed_724068.log
800182,drt_only,GHEFT,0,0.0,0,1,0,1.9132,1.9841,3.8973,,,,,,,,,,,,,,,,,943.706203407767,24.8195,1,1,22,21,21,0,5.163982,0,ok,logs/seed_800182.log
937614,drt_only,GHEFT,0,0.0,0,1,0,1.8838,2.1066,3.9904,,,,,,,,,,,,,,,,,1575.7060937370247,41.6099,1,1,22,21,21,0,4.788156,0,ok,logs/seed_937614.log
722394,drt_only,GHEFT,0,0.0,0,1,0,2.0154,2.3581,4.3735,,,,,,,,,,,,,,,,,1091.1837467984788,28.8628,1,1,22,21,21,0,5.413533,0,ok,logs/seed_722394.log
509760,drt_only,GHEFT,0,0.0,0,1,0,2.0993,2.0244,4.1237,,,,,,,,,,,,,,,,,924.7517335078909,21.9056,1,1,22,20,20,0,7.127892,0,ok,logs/seed_509760.log
70327,drt_only,GHEFT,0,0.0,0,1,0,2.0113,1.8174,3.8287,,,,,,,,,,,,,,,,,670.9622634860335,15.4027,1,1,22,20,20,0,5.349977,0,ok,logs/seed_70327.log
750147,drt_only,GHEFT,0,0.0,0,1,0,2.5878,2.3022,4.89,,,,,,,,,,,,,,,,,704.5633884142004,16.9635,1,1,22,20,20,0,6.773513,0,ok,logs/seed_750147.log
460446,drt_only,GHEFT,0,0.0,0,1,0,2.2039,2.2698,4.4737,,,,,,,,,,,,,,,,,1001.7090692435422,19.4811,1,1,22,21,21,0,5.656187,0,ok,logs/seed_460446.log
748846,drt_only,GHEFT,0,0.0,0,1,0,2.0245,2.1648,4.1893,,,,,,,,,,,,,,,,,956.1832644273508,30.4016,1,1,22,22,22,0,4.971668,0,ok,logs/seed_748846.log
610796,drt_only,GHEFT,0,0.0,0,1,0,2.0532,2.0643,4.1175,,,,,,,,,,,,,,,,,1257.4610706244118,26.4015,1,1,22,22,22,0,5.719855,0,ok,logs/seed_610796.log
372755,drt_only,GHEFT,0,0.0,0,1,0,2.2907,2.1885,4.4792,,,,,,,,,,,,,,,,,938.027955740741,29.1882,1,1,22,20,20,0,6.338677,0,ok,logs/seed_372755.log
324404,drt_only,GHEFT,0,0.0,0,1,0,2.1133,1.8256,3.9389,,,,,,,,,,,,,,,,,820.0597705107606,27.3773,1,1,22,21,21,0,5.939359,0,ok,logs/seed_324404.log
138451,drt_only,GHEFT,0,0.0,0,1,0,2.1405,2.2019,4.3424,,,,,,,,,,,,,,,,,993.0380110961896,21.6338,1,1,22,20,20,0,5.518069,0,ok,logs/seed_138451.log
117059,drt_only,GHEFT,0,0.0,0,1,0,2.179,2.1171,4.2961,,,,,,,,,,,,,,,,,1310.1745026330016,40.9436,1,1,22,22,22,0,5.522338,0,ok,logs/seed_117059.log
976782,drt_only,GHEFT,0,0.0,0,1,0,2.054,1.9676,4.0216,,,,,,,,,,,,,,,,,1091.6799468101985,24.4442,1,1,22,22,22,0,6.383309,0,ok,logs/seed_976782.log
574644,drt_only,GHEFT,0,0.0,0,1,0,2.3556,2.3155,4.6711,,,,,,,,,,,,,,,,,868.2193309205293,17.4244,1,1,22,20,20,0,5.349532,0,ok,logs/seed_574644.log
435308,drt_only,GHEFT,0,0.0,0,1,0,2.3259,2.0155,4.3414,,,,,,,,,,,,,,,,,995.9209508246112,22.8943,1,1,22,20,20,0,5.482777,0,ok,logs/seed_435308.log
635612,drt_only,GHEFT,0,0.0,0,1,0,2.0197,1.7738,3.7935,,,,,,,,,,,,,,,,,811.6688171473813,20.1831,1,1,22,21,21,0,5.821244,0,ok,logs/seed_635612.log
289817,drt_only,GHEFT,0,0.0,0,1,0,1.9891,1.8985,3.8876,,,,,,,,,,,,,,,,,1300.9224521585027,37.9524,1,1,22,20,20,0,6.61642,0,ok,logs/seed_289817.log
639065,drt_only,GHEFT,0,0.0,0,1,0,2.4144,2.2249,4.6393,,,,,,,,,,,,,,,,,1664.3724200840338,42.3086,1,1,22,23,23,0,6.177721,0,ok,logs/seed_639065.log
650943,drt_only,GHEFT,0,0.0,0,1,0,2.1362,1.74,3.8762,,,,,,,,,,,,,,,,,1090.33832512582,28.238,1,1,22,21,21,0,7.340546,0,ok,logs/seed_650943.log
110055,drt_only,GHEFT,0,0.0,0,1,0,1.8383,1.5987,3.437,,,,,,,,,,,,,,,,,974.4878539090905,25.2343,1,1,22,22,22,0,8.978313,0,ok,logs/seed_110055.log
117791,drt_only,GHEFT,0,0.0,0,1,0,2.2909,2.0485,4.3394,,,,,,,,,,,,,,,,,807.5710924186046,22.4145,1,1,22,20,20,0,7.870725,0,ok,logs/seed_117791.log
124685,drt_only,GHEFT,0,0.0,0,1,0,2.0281,1.868,3.8961,,,,,,,,,,,,,,,,,1327.0729463253017,33.7964,1,1,22,21,21,0,6.968995,0,ok,logs/seed_124685.log
997328,drt_only,GHEFT,0,0.0,0,1,0,1.9669,1.8267,3.7936,,,,,,,,,,,,,,,,,869.1955409259258,25.0264,1,1,22,22,22,0,5.227325,0,ok,logs/seed_997328.log
655714,drt_only,GHEFT,0,0.0,0,1,0,2.2618,2.2086,4.4704,,,,,,,,,,,,,,,,,581.5933198787346,16.428,1,1,22,20,20,0,6.638611,0,ok,logs/seed_655714.log
512136,drt_only,GHEFT,0,0.0,0,1,0,2.1456,1.8387,3.9843,,,,,,,,,,,,,,,,,1118.6087042410036,28.8695,1,1,22,22,22,0,5.175068,0,ok,logs/seed_512136.log
695034,drt_only,GHEFT,0,0.0,0,1,0,2.0769,1.9234,4.0003,,,,,,,,,,,,,,,,,941.1656837083882,22.1919,1,1,22,20,20,0,6.575808,0,ok,logs/seed_695034.log
539246,drt_only,GHEFT,0,0.0,0,1,0,1.8861,2.1884,4.0745,,,,,,,,,,,,,,,,,1105.0818810626145,30.906,1,1,22,20,20,0,6.505203,0,ok,logs/seed_539246.log
354388,drt_only,GHEFT,0,0.0,0,1,0,2.2047,1.9526,4.1573,,,,,,,,,,,,,,,,,1187.8152261654989,30.2951,1,1,22,20,20,0,6.608465,0,ok,logs/seed_354388.log
282392,drt_only,GHEFT,0,0.0,0,1,0,2.0631,2.2546,4.3177,,,,,,,,,,,,,,,,,1918.0878811823927,54.8469,1,1,22,20,20,0,6.687342,0,ok,logs/seed_282392.log
465345,drt_only,GHEFT,0,0.0,0,1,0,2.2419,2.3154,4.5573,,,,,,,,,,,,,,,,,729.6867325562916,20.9564,1,1,22,20,20,0,5.87538,0,ok,logs/seed_465345.log
276209,drt_only,GHEFT,0,0.0,0,1,0,2.0559,1.7166,3.7725,,,,,,,,,,,,,,,,,2063.6757789553353,53.0252,1,1,22,28,28,0,5.373524,0,ok,logs/seed_276209.log
48268,drt_only,GHEFT,0,0.0,0,1,0,2.2026,2.2905,4.4931,,,,,,,,,,,,,,,,,1032.9123223898298,25.4182,1,1,22,20,20,0,6.655438,0,ok,logs/seed_48268.log
312904,drt_only,GHEFT,0,0.0,0,1,0,2.4486,2.366,4.8146,,,,,,,,,,,,,,,,,655.4693040465123,16.9399,1,1,22,21,21,0,6.109059,0,ok,logs/seed_312904.log
95163,drt_only,GHEFT,0,0.0,0,1,0,2.3094,2.7509,5.0603,,,,,,,,,,,,,,,,,1126.8939519514572,30.2462,1,1,22,20,20,0,6.426455,0,ok,logs/seed_95163.log
739903,drt_only,GHEFT,0,0.0,0,1,0,2.0835,2.1376,4.2211,,,,,,,,,,,,,,,,,788.5821020000003,22.4908,1,1,22,20,20,0,5.388732,0,ok,logs/seed_739903.log
527611,drt_only,GHEFT,0,0.0,0,1,0,1.9643,1.7217,3.686,,,,,,,,,,,,,,,,,768.3172672758622,21.6259,1,1,22,20,20,0,6.897724,0,ok,logs/seed_527611.log
591781,drt_only,GHEFT,0,0.0,0,1,0,2.29,2.0911,4.3811,,,,,,,,,,,,,,,,,968.1302567225714,23.7293,1,1,22,20,20,0,6.339215,0,ok,logs/seed_591781.log
10602,drt_only,GHEFT,0,0.0,0,1,0,2.136,2.1114,4.2474,,,,,,,,,,,,,,,,,1241.0261711428582,38.4055,1,1,22,22,22,0,5.435762,0,ok,logs/seed_10602.log
91728,drt_only,GHEFT,0,0.0,0,1,0,2.4241,1.8473,4.2714,,,,,,,,,,,,,,,,,856.5935329491524,22.68,1,1,22,20,20,0,7.123278,0,ok,logs/seed_91728.log
777150,drt_only,GHEFT,0,0.0,0,1,0,2.1101,1.9276,4.0377,,,,,,,,,,,,,,,,,1088.5985650747389,29.6582,1,1,22,20,20,0,6.125906,0,ok,logs/seed_777150.log
761499,drt_only,GHEFT,0,0.0,0,1,0,2.0768,1.8637,3.9405,,,,,,,,,,,,,,,,,876.6154263448274,21.0517,1,1,22,20,20,0,6.72058,0,ok,logs/seed_761499.log
453482,drt_only,GHEFT,0,0.0,0,1,0,2.1906,2.3368,4.5274,,,,,,,,,,,,,,,,,708.5878021442466,21.9609,1,1,22,20,20,0,6.099716,0,ok,logs/seed_453482.log
562121,drt_only,GHEFT,0,0.0,0,1,0,2.043,1.8645,3.9075,,,,,,,,,,,,,,,,,777.4227938506052,20.8399,1,1,22,20,20,0,7.062871,0,ok,logs/seed_562121.log
770979,drt_only,GHEFT,0,0.0,0,1,0,1.9568,1.9496,3.9064,,,,,,,,,,,,,,,,,947.7786426532948,23.861,1,1,22,21,21,0,5.901472,0,ok,logs/seed_770979.log
703949,drt_only,GHEFT,0,0.0,0,1,0,2.0835,2.1457,4.2292,,,,,,,,,,,,,,,,,1774.7626754563778,46.0547,1,1,22,21,21,0,6.736884,0,ok,logs/seed_703949.log
314686,drt_only,GHEFT,0,0.0,0,1,0,2.0443,1.5306,3.5749,,,,,,,,,,,,,,,,,1422.499151604145,31.3449,1,1,22,20,20,0,5.442344,0,ok,logs/seed_314686.log
475760,drt_only,GHEFT,0,0.0,0,1,0,2.1342,2.3196,4.4538,,,,,,,,,,,,,,,,,628.3933297255516,17.7824,1,1,22,20,20,0,8.126321,0,ok,logs/seed_475760.log
595079,drt_only,GHEFT,0,0.0,0,1,0,2.244,2.0231,4.2671,,,,,,,,,,,,,,,,,577.2882967777776,17.2887,1,1,22,20,20,0,5.209561,0,ok,logs/seed_595079.log
27243,drt_only,GHEFT,0,0.0,0,1,0,2.0232,2.014,4.0372,,,,,,,,,,,,,,,,,1556.18974575817,38.2005,1,1,22,20,20,0,7.291656,0,ok,logs/seed_27243.log
143022,drt_only,GHEFT,0,0.0,0,1,0,2.2185,2.6273,4.8458,,,,,,,,,,,,,,,,,1089.204813082839,24.161,1,1,22,20,20,0,6.111196,0,ok,logs/seed_143022.log
958432,drt_only,GHEFT,0,0.0,0,1,0,2.0451,1.8282,3.8733,,,,,,,,,,,,,,,,,1140.31000983378,24.3613,1,1,22,22,22,0,5.649668,0,ok,logs/seed_958432.log
799339,drt_only,GHEFT,0,0.0,0,1,0,2.3369,2.312,4.6489,,,,,,,,,,,,,,,,,994.9445707570794,28.6917,1,1,22,20,20,0,6.608531,0,ok,logs/seed_799339.log
953842,drt_only,GHEFT,0,0.0,0,1,0,2.0538,2.0107,4.0645,,,,,,,,,,,,,,,,,1033.285579502183,27.7949,1,1,22,20,20,0,6.120976,0,ok,logs/seed_953842.log
937400,drt_only,GHEFT,0,0.0,0,1,0,2.2633,1.9958,4.2591,,,,,,,,,,,,,,,,,573.7690480605569,16.0818,1,1,22,21,21,0,5.731406,0,ok,logs/seed_937400.log
919932,drt_only,GHEFT,0,0.0,0,1,0,2.0689,2.2371,4.306,,,,,,,,,,,,,,,,,751.0087022794764,21.6653,1,1,22,20,20,0,6.342424,0,ok,logs/seed_919932.log
786261,drt_only,GHEFT,0,0.0,0,1,0,2.0196,2.5464,4.566,,,,,,,,,,,,,,,,,744.9098180000004,18.5377,1,1,22,20,20,0,6.258112,0,ok,logs/seed_786261.log
266747,drt_only,GHEFT,0,0.0,0,1,0,2.0528,1.8502,3.903,,,,,,,,,,,,,,,,,1088.7248044904552,34.2874,1,1,22,20,20,0,6.752769,0,ok,logs/seed_266747.log
394465,drt_only,GHEFT,0,0.0,0,1,0,1.8829,2.1032,3.9861,,,,,,,,,,,,,,,,,1023.6310789763595,25.2289,1,1,22,24,24,0,5.376619,0,ok,logs/seed_394465.log
725987,drt_only,GHEFT,0,0.0,0,1,0,1.9787,1.7147,3.6934,,,,,,,,,,,,,,,,,968.5889875328459,17.6638,1,1,22,21,21,0,7.089549,0,ok,logs/seed_725987.log
224478,drt_only,GHEFT,0,0.0,0,1,0,1.8917,1.9986,3.8903,,,,,,,,,,,,,,,,,777.8725137793593,16.0444,1,1,22,20,20,0,6.839325,0,ok,logs/seed_224478.log
408636,drt_only,GHEFT,0,0.0,0,1,0,2.0852,1.9565,4.0417,,,,,,,,,,,,,,,,,841.5283819842273,21.8369,1,1,22,20,20,0,6.277867,0,ok,logs/seed_408636.log
617269,drt_only,GHEFT,0,0.0,0,1,0,2.3654,1.8934,4.2588,,,,,,,,,,,,,,,,,999.1649317175397,29.3316,1,1,22,21,21,0,5.637099,0,ok,logs/seed_617269.log
650122,drt_only,GHEFT,0,0.0,0,1,0,2.0998,1.5784,3.6782,,,,,,,,,,,,,,,,,1102.9752135815604,29.1373,1,1,22,21,21,0,6.340464,0,ok,logs/seed_650122.log
522983,drt_only,GHEFT,0,0.0,0,1,0,2.2559,2.5066,4.7625,,,,,,,,,,,,,,,,,1459.1429906941587,32.774,1,1,22,21,21,0,5.827864,0,ok,logs/seed_522983.log
239950,drt_only,GHEFT,0,0.0,0,1,0,1.9443,2.1074,4.0517,,,,,,,,,,,,,,,,,758.2188874167848,20.7374,1,1,22,20,20,0,5.263913,0,ok,logs/seed_239950.log
258973,drt_only,GHEFT,0,0.0,0,1,0,1.731,1.5447,3.2757,,,,,,,,,,,,,,,,,1233.1965568275855,23.2,1,1,22,21,21,0,5.773804,0,ok,logs/seed_258973.log
824466,drt_only,GHEFT,0,0.0,0,1,0,2.1381,2.0396,4.1777,,,,,,,,,,,,,,,,,849.5627250909095,26.7293,1,1,22,21,21,0,4.949916,0,ok,logs/seed_824466.log
682056,drt_only,GHEFT,0,0.0,0,1,0,1.9376,2.2947,4.2323,,,,,,,,,,,,,,,,,1208.3312121846948,23.5054,1,1,22,24,24,0,7.520217,0,ok,logs/seed_682056.log
431617,drt_only,GHEFT,0,0.0,0,1,0,2.0557,1.7188,3.7745,,,,,,,,,,,,,,,,,1125.310628496368,21.5082,1,1,22,24,24,0,6.719277,0,ok,logs/seed_431617.log
777731,drt_only,GHEFT,0,0.0,0,1,0,2.1278,2.3947,4.5225,,,,,,,,,,,,,,,,,657.2500105397626,19.949,1,1,22,20,20,0,5.605672,0,ok,logs/seed_777731.log
65523,drt_only,GHEFT,0,0.0,0,1,0,2.2585,1.8937,4.1522,,,,,,,,,,,,,,,,,1131.894206822006,33.2826,1,1,22,21,21,0,5.075614,0,ok,logs/seed_65523.log
226267,drt_only,GHEFT,0,0.0,0,1,0,1.9865,2.0378,4.0243,,,,,,,,,,,,,,,,,2112.146653556376,49.5789,1,1,22,20,20,0,6.931287,0,ok,logs/seed_226267.log
20773,drt_only,GHEFT,0,0.0,0,1,0,2.1145,1.7169,3.8314,,,,,,,,,,,,,,,,,1774.4015978109346,42.4044,1,1,22,23,23,0,5.456413,0,ok,logs/seed_20773.log
75919,drt_only,GHEFT,0,0.0,0,1,0,1.8036,2.1523,3.9559,,,,,,,,,,,,,,,,,830.314953912751,19.8055,1,1,22,21,21,0,6.001449,0,ok,logs/seed_75919.log
796262,drt_only,GHEFT,0,0.0,0,1,0,1.9432,2.143,4.0862,,,,,,,,,,,,,,,,,1141.810534966424,26.3698,1,1,22,21,21,0,7.574823,0,ok,logs/seed_796262.log
557554,drt_only,GHEFT,0,0.0,0,1,0,2.3146,2.211,4.5256,,,,,,,,,,,,,,,,,896.1265389822164,24.7821,1,1,22,21,21,0,6.767185,0,ok,logs/seed_557554.log
818564,drt_only,GHEFT,0,0.0,0,1,0,2.1179,1.9916,4.1095,,,,,,,,,,,,,,,,,779.3437947676769,18.7131,1,1,22,21,21,0,6.25434,0,ok,logs/seed_818564.log
5641,drt_only,GHEFT,0,0.0,0,1,0,2.1284,1.7583,3.8867,,,,,,,,,,,,,,,,,882.2576924705878,24.1875,1,1,22,20,20,0,5.445037,0,ok,logs/seed_5641.log
80721,drt_only,GHEFT,0,0.0,0,1,0,2.1832,2.2264,4.4096,,,,,,,,,,,,,,,,,1024.7687570048145,19.8515,1,1,22,20,20,0,7.471431,0,ok,logs/seed_80721.log
14714,drt_only,GHEFT,0,0.0,0,1,0,2.029,1.9056,3.9346,,,,,,,,,,,,,,,,,2224.8516234031003,44.7697,1,1,22,22,22,0,8.720479,0,ok,logs/seed_14714.log
965327,drt_only,GHEFT,0,0.0,0,1,0,2.1452,2.3134,4.4586,,,,,,,,,,,,,,,,,1566.7239640885355,40.2575,1,1,22,21,21,0,5.536941,0,ok,logs/seed_965327.log
460722,drt_only,GHEFT,0,0.0,0,1,0,2.0797,1.9079,3.9876,,,,,,,,,,,,,,,,,1181.9383720621038,32.535,1,1,22,20,20,0,6.636632,0,ok,logs/seed_460722.log
724036,drt_only,GHEFT,0,0.0,0,1,0,2.0485,1.8747,3.9232,,,,,,,,,,,,,,,,,1174.3572888485612,21.0794,1,1,22,21,21,0,7.350249,0,ok,logs/seed_724036.log
901968,drt_only,GHEFT,0,0.0,0,1,0,2.2581,2.0322,4.2903,,,,,,,,,,,,,,,,,856.767433976332,25.6061,1,1,22,20,20,0,6.81515,0,ok,logs/seed_901968.log
287728,drt_only,GHEFT,0,0.0,0,1,0,2.2409,2.0083,4.2492,,,,,,,,,,,,,,,,,1567.4897010090808,43.337,1,1,22,23,23,0,7.168843,0,ok,logs/seed_287728.log
747287,drt_only,GHEFT,0,0.0,0,1,0,2.1841,2.1548,4.3389,,,,,,,,,,,,,,,,,1276.3149763888182,38.272,1,1,22,21,21,0,6.295775,0,ok,logs/seed_747287.log
867108,drt_only,GHEFT,0,0.0,0,1,0,2.1124,2.1741,4.2865,,,,,,,,,,,,,,,,,725.9108263213767,20.4344,1,1,22,20,20,0,6.878655,0,ok,logs/seed_867108.log
196697,drt_only,GHEFT,0,0.0,0,1,0,2.1839,2.4329,4.6168,,,,,,,,,,,,,,,,,1237.340579612649,30.7216,1,1,22,21,21,0,5.960782,0,ok,logs/seed_196697.log
635464,drt_only,GHEFT,0,0.0,0,1,0,2.0293,2.3085,4.3378,,,,,,,,,,,,,,,,,849.7928520515463,16.0767,1,1,22,20,20,0,7.658438,0,ok,logs/seed_635464.log
389228,drt_only,GHEFT,0,0.0,0,1,0,2.1866,1.9661,4.1527,,,,,,,,,,,,,,,,,859.8587216603219,17.8334,1,1,22,20,20,0,7.095312,0,ok,logs/seed_389228.log
813617,drt_only,GHEFT,0,0.0,0,1,0,2.1372,2.1014,4.2386,,,,,,,,,,,,,,,,,1378.2673704016618,37.0787,1,1,22,20,20,0,6.447846,0,ok,logs/seed_813617.log
232555,drt_only,GHEFT,0,0.0,0,1,0,2.0129,2.2211,4.234,,,,,,,,,,,,,,,,,1392.9133771986749,30.5076,1,1,22,20,20,0,7.310766,0,ok,logs/seed_232555.log
932496,drt_only,GHEFT,0,0.0,0,1,0,2.1899,2.5557,4.7456,,,,,,,,,,,,,,,,,928.3108003948339,23.2381,1,1,22,21,21,0,5.919423,0,ok,logs/seed_932496.log
544493,drt_only,GHEFT,0,0.0,0,1,0,2.4342,2.426,4.8602,,,,,,,,,,,,,,,,,856.9639569746842,17.6084,1,1,22,20,20,0,7.924696,0,ok,logs/seed_544493.log
174431,drt_only,GHEFT,0,0.0,0,1,0,2.3228,2.2707,4.5935,,,,,,,,,,,,,,,,,769.3970178919329,21.5142,1,1,22,20,20,0,6.520945,0,ok,logs/seed_174431.log
715533,drt_only,GHEFT,0,0.0,0,1,0,2.0669,1.8496,3.9165,,,,,,,,,,,,,,,,,1796.9837631448902,45.0565,1,1,22,24,24,0,5.631112,0,ok,logs/seed_715533.log
710115,drt_only,GHEFT,0,0.0,0,1,0,1.9865,2.0331,4.0196,,,,,,,,,,,,,,,,,820.5384389125481,15.5446,1,1,22,20,20,0,7.795488,0,ok,logs/seed_710115.log
69527,drt_only,GHEFT,0,0.0,0,1,0,2.2267,2.2122,4.4389,,,,,,,,,,,,,,,,,1041.8127656395175,28.7582,1,1,22,23,23,0,8.59375,0,ok,logs/seed_69527.log
584456,drt_only,GHEFT,0,0.0,0,1,0,2.1819,1.9234,4.1053,,,,,,,,,,,,,,,,,768.5361415989297,21.3421,1,1,22,20,20,0,5.566745,0,ok,logs/seed_584456.log
678197,drt_only,GHEFT,0,0.0,0,1,0,2.0128,2.0204,4.0332,,,,,,,,,,,,,,,,,763.9043029749586,20.376,1,1,22,20,20,0,5.538838,0,ok,logs/seed_678197.log
871381,drt_only,GHEFT,0,0.0,0,1,0,2.0941,1.8605,3.9546,,,,,,,,,,,,,,,,,735.889284666667,20.1246,1,1,22,20,20,0,6.531087,0,ok,logs/seed_871381.log
855755,drt_only,GHEFT,0,0.0,0,1,0,2.1412,2.4002,4.5414,,,,,,,,,,,,,,,,,800.8116916869647,20.5887,1,1,22,21,21,0,5.875912,0,ok,logs/seed_855755.log
137836,drt_only,GHEFT,0,0.0,0,1,0,2.0535,2.0261,4.0796,,,,,,,,,,,,,,,,,991.2640673812142,26.9987,1,1,22,22,22,0,5.857062,0,ok,logs/seed_137836.log
560927,drt_only,GHEFT,0,0.0,0,1,0,1.8391,2.0615,3.9006,,,,,,,,,,,,,,,,,1434.7114317557002,35.0844,1,1,22,21,21,0,5.807116,0,ok,logs/seed_560927.log
47925,drt_only,GHEFT,0,0.0,0,1,0,2.1414,2.4792,4.6206,,,,,,,,,,,,,,,,,859.2167968497214,21.8864,1,1,22,21,21,0,6.210606,0,ok,logs/seed_47925.log
667073,drt_only,GHEFT,0,0.0,0,1,0,1.9277,1.6107,3.5384,,,,,,,,,,,,,,,,,968.2797561151242,25.4933,1,1,22,20,20,0,3.957708,0,ok,logs/seed_667073.log
153349,drt_only,GHEFT,0,0.0,0,1,0,2.1513,1.923,4.0743,,,,,,,,,,,,,,,,,798.2969585405401,16.4128,1,1,22,21,21,0,4.310154,0,ok,logs/seed_153349.log
263035,drt_only,GHEFT,0,0.0,0,1,0,1.9751,2.0018,3.9769,,,,,,,,,,,,,,,,,762.0833751428572,19.6751,1,1,22,21,21,0,4.921026,0,ok,logs/seed_263035.log
782665,drt_only,GHEFT,0,0.0,0,1,0,1.8974,2.0492,3.9466,,,,,,,,,,,,,,,,,828.6946598604648,16.9426,1,1,22,21,21,0,3.916873,0,ok,logs/seed_782665.log
372049,drt_only,GHEFT,0,0.0,0,1,0,2.1321,1.7708,3.9029,,,,,,,,,,,,,,,,,709.836092996509,15.3497,1,1,22,20,20,0,4.415541,0,ok,logs/seed_372049.log
15262,drt_only,GHEFT,0,0.0,0,1,0,2.3727,2.6666,5.0393,,,,,,,,,,,,,,,,,1035.5156593444603,30.9416,1,1,22,20,20,0,4.572596,0,ok,logs/seed_15262.log
745342,drt_only,GHEFT,0,0.0,0,1,0,2.3167,1.8331,4.1498,,,,,,,,,,,,,,,,,1515.3646476534648,38.0866,1,1,22,21,21,0,5.318446,0,ok,logs/seed_745342.log
437809,drt_only,GHEFT,0,0.0,0,1,0,2.299,2.0227,4.3217,,,,,,,,,,,,,,,,,1246.8240705454546,35.5258,1,1,22,21,21,0,3.771561,0,ok,logs/seed_437809.log
987435,drt_only,GHEFT,0,0.0,0,1,0,2.3688,1.8615,4.2303,,,,,,,,,,,,,,,,,776.9363763541149,26.0465,1,1,22,20,20,0,4.028836,0,ok,logs/seed_987435.log
146585,drt_only,GHEFT,0,0.0,0,1,0,2.0669,2.0833,4.1502,,,,,,,,,,,,,,,,,1215.410159405229,28.2603,1,1,22,22,22,0,6.445306,0,ok,logs/seed_146585.log
368863,drt_only,GHEFT,0,0.0,0,1,0,2.0506,1.9829,4.0335,,,,,,,,,,,,,,,,,827.0493646790121,17.5931,1,1,22,20,20,0,5.92183,0,ok,logs/seed_368863.log
572806,drt_only,GHEFT,0,0.0,0,1,0,2.1826,2.136,4.3186,,,,,,,,,,,,,,,,,1204.783407566038,33.2193,1,1,22,21,21,0,5.368309,0,ok,logs/seed_572806.log
198288,drt_only,GHEFT,0,0.0,0,1,0,2.2845,2.0446,4.3291,,,,,,,,,,,,,,,,,977.8498376335541,28.0662,1,1,22,21,21,0,4.720198,0,ok,logs/seed_198288.log
110116,drt_only,GHEFT,0,0.0,0,1,0,2.0191,1.7121,3.7312,,,,,,,,,,,,,,,,,1390.2736773165825,31.3072,1,1,22,23,23,0,4.246436,0,ok,logs/seed_110116.log
149047,drt_only,GHEFT,0,0.0,0,1,0,2.3111,2.0138,4.3249,,,,,,,,,,,,,,,,,930.4238034403818,29.7478,1,1,22,20,20,0,5.163924,0,ok,logs/seed_149047.log
864824,drt_only,GHEFT,0,0.0,0,1,0,2.0062,2.283,4.2892,,,,,,,,,,,,,,,,,1257.5052672027482,35.9219,1,1,22,21,21,0,4.601471,0,ok,logs/seed_864824.log
801768,drt_only,GHEFT,0,0.0,0,1,0,2.1563,1.7071,3.8634,,,,,,,,,,,,,,,,,1026.981198744589,28.5924,1,1,22,23,23,0,5.186488,0,ok,logs/seed_801768.log
262875,drt_only,GHEFT,0,0.0,0,1,0,2.1424,1.8884,4.0308,,,,,,,,,,,,,,,,,805.789118433747,20.8587,1,1,22,23,23,0,4.190966,0,ok,logs/seed_262875.log
524794,drt_only,GHEFT,0,0.0,0,1,0,1.8744,1.5713,3.4457,,,,,,,,,,,,,,,,,2354.3603252104112,46.8006,1,1,22,25,25,0,7.134748,0,ok,logs/seed_524794.log
824487,drt_only,GHEFT,0,0.0,0,1,0,1.9719,2.2077,4.1796,,,,,,,,,,,,,,,,,876.5714456678772,19.4141,1,1,22,21,21,0,3.751823,0,ok,logs/seed_824487.log
927335,drt_only,GHEFT,0,0.0,0,1,0,2.095,1.9778,4.0728,,,,,,,,,,,,,,,,,801.1710890564966,17.4872,1,1,22,20,20,0,4.860867,0,ok,logs/seed_927335.log
982015,drt_only,GHEFT,0,0.0,0,1,0,2.2223,2.0168,4.2391,,,,,,,,,,,,,,,,,1154.770006527081,36.3615,1,1,22,20,20,0,4.411882,0,ok,logs/seed_982015.log
205178,drt_only,GHEFT,0,0.0,0,1,0,2.0645,2.0896,4.1541,,,,,,,,,,,,,,,,,2180.644294082839,81.0097,1,1,22,23,23,0,4.240372,0,ok,logs/seed_205178.log
888604,drt_only,GHEFT,0,0.0,0,1,0,2.0659,2.1317,4.1976,,,,,,,,,,,,,,,,,766.7941189305023,15.7455,1,1,22,20,20,0,4.602613,0,ok,logs/seed_888604.log
546566,drt_only,GHEFT,0,0.0,0,1,0,2.2437,1.6101,3.8538,,,,,,,,,,,,,,,,,932.4303120000002,19.3822,1,1,22,21,21,0,4.172635,0,ok,logs/seed_546566.log
939943,drt_only,GHEFT,0,0.0,0,1,0,2.2496,2.0839,4.3335,,,,,,,,,,,,,,,,,662.5908318648183,18.9415,1,1,22,20,20,0,4.496919,0,ok,logs/seed_939943.log
461796,drt_only,GHEFT,0,0.0,0,1,0,2.141,2.2484,4.3894,,,,,,,,,,,,,,,,,766.3645335279507,17.2408,1,1,22,20,20,0,4.497736,0,ok,logs/seed_461796.log
683805,drt_only,GHEFT,0,0.0,0,1,0,2.1913,1.887,4.0783,,,,,,,,,,,,,,,,,1624.1751734468075,40.2844,1,1,22,20,20,0,5.108392,0,ok,logs/seed_683805.log
273298,drt_only,GHEFT,0,0.0,0,1,0,1.9237,1.5787,3.5024,,,,,,,,,,,,,,,,,1620.2046988372085,40.4788,1,1,22,23,23,0,4.448102,0,ok,logs/seed_273298.log
870064,drt_only,GHEFT,0,0.0,0,1,0,2.4804,2.4922,4.9726,,,,,,,,,,,,,,,,,1203.0375022385315,34.0426,1,1,22,21,21,0,4.245301,0,ok,logs/seed_870064.log
739336,drt_only,GHEFT,0,0.0,0,1,0,1.9202,1.9545,3.8747,,,,,,,,,,,,,,,,,846.2027726862121,18.0779,1,1,22,20,20,0,4.639193,0,ok,logs/seed_739336.log
374908,drt_only,GHEFT,0,0.0,0,1,0,2.1656,2.5053,4.6709,,,,,,,,,,,,,,,,,685.4976806617369,21.5217,1,1,22,20,20,0,4.612565,0,ok,logs/seed_374908.log
489107,drt_only,GHEFT,0,0.0,0,1,0,1.9834,1.8209,3.8043,,,,,,,,,,,,,,,,,1136.5289123614775,23.959,1,1,22,20,20,0,5.361466,0,ok,logs/seed_489107.log
676170,drt_only,GHEFT,0,0.0,0,1,0,2.013,1.9759,3.9889,,,,,,,,,,,,,,,,,1392.8121647109826,31.5288,1,1,22,20,20,0,5.083411,0,ok,logs/seed_676170.log
946643,drt_only,GHEFT,0,0.0,0,1,0,2.3129,2.5337,4.8466,,,,,,,,,,,,,,,,,868.6410630704221,24.0105,1,1,22,20,20,0,4.47012,0,ok,logs/seed_946643.log
245576,drt_only,GHEFT,0,0.0,0,1,0,2.1454,2.2455,4.3909,,,,,,,,,,,,,,,,,821.0958384373396,25.5576,1,1,22,20,20,0,3.997665,0,ok,logs/seed_245576.log
61677,drt_only,GHEFT,0,0.0,0,1,0,2.1809,1.9945,4.1754,,,,,,,,,,,,,,,,,685.9734864410015,15.1256,1,1,22,20,20,0,5.892842,0,ok,logs/seed_61677.log
985204,drt_only,GHEFT,0,0.0,0,1,0,2.0168,2.3736,4.3904,,,,,,,,,,,,,,,,,679.1704925191634,19.9039,1,1,22,20,20,0,4.732156,0,ok,logs/seed_985204.log
957734,drt_only,GHEFT,0,0.0,0,1,0,2.2748,2.2644,4.5392,,,,,,,,,,,,,,,,,945.3456958181824,30.3959,1,1,22,21,21,0,4.7834,0,ok,logs/seed_957734.log
586973,drt_only,GHEFT,0,0.0,0,1,0,1.9518,1.7903,3.7421,,,,,,,,,,,,,,,,,999.8538091464169,27.0353,1,1,22,20,20,0,5.320187,0,ok,logs/seed_586973.log
81222,drt_only,GHEFT,0,0.0,0,1,0,1.9801,2.0679,4.048,,,,,,,,,,,,,,,,,871.8153753327025,27.0214,1,1,22,20,20,0,3.988715,0,ok,logs/seed_81222.log
985268,drt_only,GHEFT,0,0.0,0,1,0,2.2948,2.3974,4.6922,,,,,,,,,,,,,,,,,868.6017424556123,24.3114,1,1,22,20,20,0,3.845545,0,ok,logs/seed_985268.log
240715,drt_only,GHEFT,0,0.0,0,1,0,2.3192,2.1196,4.4388,,,,,,,,,,,,,,,,,748.2923375109717,20.5824,1,1,22,20,20,0,4.465192,0,ok,logs/seed_240715.log
336806,drt_only,GHEFT,0,0.0,0,1,0,2.1969,2.4368,4.6337,,,,,,,,,,,,,,,,,789.7993190000001,23.8968,1,1,22,20,20,0,5.657952,0,ok,logs/seed_336806.log
431396,drt_only,GHEFT,0,0.0,0,1,0,2.3333,2.1219,4.4552,,,,,,,,,,,,,,,,,1996.0819166217236,53.9962,1,1,22,21,21,0,3.848541,0,ok,logs/seed_431396.log
850253,drt_only,GHEFT,0,0.0,0,1,0,2.1903,2.164,4.3543,,,,,,,,,,,,,,,,,1268.8031277160949,36.3558,1,1,22,20,20,0,4.159989,0,ok,logs/seed_850253.log
342204,drt_only,GHEFT,0,0.0,0,1,0,2.2818,2.178,4.4598,,,,,,,,,,,,,,,,,993.9610005318855,33.3522,1,1,22,20,20,0,4.387929,0,ok,logs/seed_342204.log
810991,drt_only,GHEFT,0,0.0,0,1,0,1.9129,1.6473,3.5602,,,,,,,,,,,,,,,,,923.791757506174,24.5778,1,1,22,20,20,0,5.02236,0,ok,logs/seed_810991.log
895124,drt_only,GHEFT,0,0.0,0,1,0,1.9626,2.1958,4.1584,,,,,,,,,,,,,,,,,978.105001685222,28.0724,1,1,22,20,20,0,4.618541,0,ok,logs/seed_895124.log
437866,drt_only,GHEFT,0,0.0,0,1,0,2.3261,2.2708,4.5969,,,,,,,,,,,,,,,,,697.7724317404576,17.0419,1,1,22,20,20,0,5.088551,0,ok,logs/seed_437866.log
246441,drt_only,GHEFT,0,0.0,0,1,0,1.961,1.5136,3.4746,,,,,,,,,,,,,,,,,969.440942618632,23.6006,1,1,22,20,20,0,6.397945,0,ok,logs/seed_246441.log
834777,drt_only,GHEFT,0,0.0,0,1,0,2.1828,2.3737,4.5565,,,,,,,,,,,,,,,,,910.5278286069359,23.7616,1,1,22,20,20,0,4.336334,0,ok,logs/seed_834777.log
159109,drt_only,GHEFT,0,0.0,0,1,0,1.9967,1.8057,3.8024,,,,,,,,,,,,,,,,,1708.88562081032,43.6442,1,1,22,20,20,0,4.057162,0,ok,logs/seed_159109.log
469145,drt_only,GHEFT,0,0.0,0,1,0,2.1218,1.8077,3.9295,,,,,,,,,,,,,,,,,845.3250132477073,25.046,1,1,22,20,20,0,3.204817,0,ok,logs/seed_469145.log
359039,drt_only,GHEFT,0,0.0,0,1,0,2.0788,1.7859,3.8647,,,,,,,,,,,,,,,,,2090.6852278430038,51.317,1,1,22,20,20,0,4.334177,0,ok,logs/seed_359039.log
441554,drt_only,GHEFT,0,0.0,0,1,0,2.3354,2.3837,4.7191,,,,,,,,,,,,,,,,,1011.1290221876053,19.5119,1,1,22,20,20,0,4.245665,0,ok,logs/seed_441554.log
981230,drt_only,GHEFT,0,0.0,0,1,0,2.2254,2.2286,4.454,,,,,,,,,,,,,,,,,2235.928127516776,61.0779,1,1,22,24,24,0,4.353172,0,ok,logs/seed_981230.log
386385,drt_only,GHEFT,0,0.0,0,1,0,2.2203,2.3926,4.6129,,,,,,,,,,,,,,,,,744.182108417165,19.2375,1,1,22,20,20,0,4.199958,0,ok,logs/seed_386385.log
667900,drt_only,GHEFT,0,0.0,0,1,0,1.9569,2.2493,4.2062,,,,,,,,,,,,,,,,,1119.7214785633792,31.8719,1,1,22,20,20,0,4.411045,0,ok,logs/seed_667900.log
361299,drt_only,GHEFT,0,0.0,0,1,0,2.1531,2.4044,4.5575,,,,,,,,,,,,,,,,,870.6700039649112,23.5845,1,1,22,21,21,0,3.673791,0,ok,logs/seed_361299.log
270600,drt_only,GHEFT,0,0.0,0,1,0,2.1239,1.7639,3.8878,,,,,,,,,,,,,,,,,742.2515364070078,22.2077,1,1,22,20,20,0,4.127732,0,ok,logs/seed_270600.log
399493,drt_only,GHEFT,0,0.0,0,1,0,1.9483,1.8123,3.7606,,,,,,,,,,,,,,,,,1241.138163788644,29.5468,1,1,22,21,21,0,4.616479,0,ok,logs/seed_399493.log
344401,drt_only,GHEFT,0,0.0,0,1,0,2.4468,2.159,4.6058,,,,,,,,,,,,,,,,,1041.9872954766515,26.8865,1,1,22,22,22,0,4.303311,0,ok,logs/seed_344401.log
440653,drt_only,GHEFT,0,0.0,0,1,0,2.0181,1.8012,3.8193,,,,,,,,,,,,,,,,,1049.5735356046512,20.39,1,1,22,20,20,0,4.334557,0,ok,logs/seed_440653.log
422829,drt_only,GHEFT,0,0.0,0,1,0,1.8813,2.4044,4.2857,,,,,,,,,,,,,,,,,1596.1880920956162,39.8287,1,1,22,22,22,0,4.041993,0,ok,logs/seed_422829.log
194493,drt_only,GHEFT,0,0.0,0,1,0,2.1359,2.1276,4.2635,,,,,,,,,,,,,,,,,864.7600239430885,19.4234,1,1,22,21,21,0,4.498238,0,ok,logs/seed_194493.log
79088,drt_only,GHEFT,0,0.0,0,1,0,1.9861,2.0353,4.0214,,,,,,,,,,,,,,,,,1211.1028224649688,25.6055,1,1,22,20,20,0,3.675354,0,ok,logs/seed_79088.log
144274,drt_only,GHEFT,0,0.0,0,1,0,1.7619,1.7021,3.464,,,,,,,,,,,,,,,,,1335.4113429319382,34.8218,1,1,22,24,24,0,4.493043,0,ok,logs/seed_144274.log
568701,drt_only,GHEFT,0,0.0,0,1,0,2.4059,2.5408,4.9467,,,,,,,,,,,,,,,,,533.4281282331763,18.5271,1,1,22,20,20,0,4.282696,0,ok,logs/seed_568701.log
643829,drt_only,GHEFT,0,0.0,0,1,0,2.0561,1.9869,4.043,,,,,,,,,,,,,,,,,1926.2508302839517,53.2136,1,1,22,22,22,0,4.165344,0,ok,logs/seed_643829.log
271983,drt_only,GHEFT,0,0.0,0,1,0,2.0606,1.8095,3.8701,,,,,,,,,,,,,,,,,708.7458414367819,19.5618,1,1,22,21,21,0,3.883773,0,ok,logs/seed_271983.log
197314,drt_only,GHEFT,0,0.0,0,1,0,2.0084,1.8023,3.8107,,,,,,,,,,,,,,,,,908.4772513333327,23.8533,1,1,22,20,20,0,3.655648,0,ok,logs/seed_197314.log
994686,drt_only,GHEFT,0,0.0,0,1,0,2.2946,2.6667,4.9613,,,,,,,,,,,,,,,,,762.3539781320071,20.5939,1,1,22,20,20,0,4.96324,0,ok,logs/seed_994686.log
282842,drt_only,GHEFT,0,0.0,0,1,0,2.219,2.384,4.603,,,,,,,,,,,,,,,,,866.4853200719754,23.0451,1,1,22,20,20,0,3.829174,0,ok,logs/seed_282842.log
137602,drt_only,GHEFT,0,0.0,0,1,0,2.1502,1.8926,4.0428,,,,,,,,,,,,,,,,,1154.1687052879574,25.0414,1,1,22,20,20,0,4.1615,0,ok,logs/seed_137602.log
472131,drt_only,GHEFT,0,0.0,0,1,0,1.9983,1.7099,3.7082,,,,,,,,,,,,,,,,,2068.782158457375,49.8657,1,1,22,28,28,0,4.038169,0,ok,logs/seed_472131.log
327054,drt_only,GHEFT,0,0.0,0,1,0,2.2373,2.1314,4.3687,,,,,,,,,,,,,,,,,721.5049473030297,19.1514,1,1,22,20,20,0,3.541213,0,ok,logs/seed_327054.log
416581,drt_only,GHEFT,0,0.0,0,1,0,2.0973,2.0776,4.1749,,,,,,,,,,,,,,,,,1568.4607346652233,39.0334,1,1,22,20,20,0,4.366147,0,ok,logs/seed_416581.log
223716,drt_only,GHEFT,0,0.0,0,1,0,2.0887,2.5333,4.622,,,,,,,,,,,,,,,,,1791.37722045809,46.6269,1,1,22,21,21,0,4.711038,0,ok,logs/seed_223716.log
116436,drt_only,GHEFT,0,0.0,0,1,0,2.1926,2.3427,4.5353,,,,,,,,,,,,,,,,,747.567553146342,20.9087,1,1,22,20,20,0,4.171742,0,ok,logs/seed_116436.log
650936,drt_only,GHEFT,0,0.0,0,1,0,2.0121,2.5333,4.5454,,,,,,,,,,,,,,,,,1311.8371746855403,38.996,1,1,22,21,21,0,4.124069,0,ok,logs/seed_650936.log
516657,drt_only,GHEFT,0,0.0,0,1,0,2.1319,2.0617,4.1936,,,,,,,,,,,,,,,,,1130.223445708661,27.9983,1,1,22,22,22,0,3.579969,0,ok,logs/seed_516657.log
687865,drt_only,GHEFT,0,0.0,0,1,0,1.9999,2.3375,4.3374,,,,,,,,,,,,,,,,,1397.7181054169882,43.0004,1,1,22,20,20,0,2.86256,0,ok,logs/seed_687865.log
715106,drt_only,GHEFT,0,0.0,0,1,0,2.1581,1.9633,4.1214,,,,,,,,,,,,,,,,,870.580646777778,20.5362,1,1,22,20,20,0,4.420248,0,ok,logs/seed_715106.log
293374,drt_only,GHEFT,0,0.0,0,1,0,2.1537,2.1122,4.2659,,,,,,,,,,,,,,,,,932.3183772131435,23.857,1,1,22,20,20,0,3.785519,0,ok,logs/seed_293374.log
658834,drt_only,GHEFT,0,0.0,0,1,0,2.3165,2.6897,5.0062,,,,,,,,,,,,,,,,,747.4327957142846,22.3657,1,1,22,21,21,0,3.550228,0,ok,logs/seed_658834.log
23329,drt_only,GHEFT,0,0.0,0,1,0,2.1729,1.7525,3.9254,,,,,,,,,,,,,,,,,1234.5162211452514,39.7968,1,1,22,20,20,0,3.582325,0,ok,logs/seed_23329.log
661707,drt_only,GHEFT,0,0.0,0,1,0,2.2767,2.0426,4.3193,,,,,,,,,,,,,,,,,1033.365672223881,22.7393,1,1,22,20,20,0,4.013322,0,ok,logs/seed_661707.log
579773,drt_only,GHEFT,0,0.0,0,1,0,2.2798,2.4131,4.6929,,,,,,,,,,,,,,,,,1000.7482877469878,25.2638,1,1,22,21,21,0,3.448166,0,ok,logs/seed_579773.log
688431,drt_only,GHEFT,0,0.0,0,1,0,2.0827,1.8967,3.9794,,,,,,,,,,,,,,,,,1042.496855485275,23.4009,1,1,22,21,21,0,4.306538,0,ok,logs/seed_688431.log
735633,drt_only,GHEFT,0,0.0,0,1,0,2.1186,2.0992,4.2178,,,,,,,,,,,,,,,,,868.8327302502901,20.0244,1,1,22,21,21,0,3.589207,0,ok,logs/seed_735633.log
208263,drt_only,GHEFT,0,0.0,0,1,0,2.0949,1.9121,4.007,,,,,,,,,,,,,,,,,2169.9188868832725,51.7162,1,1,22,23,23,0,3.726567,0,ok,logs/seed_208263.log
733953,drt_only,GHEFT,0,0.0,0,1,0,2.18,1.9264,4.1064,,,,,,,,,,,,,,,,,826.2172599906686,20.6926,1,1,22,20,20,0,3.269665,0,ok,logs/seed_733953.log
241442,drt_only,GHEFT,0,0.0,0,1,0,2.0545,2.3878,4.4423,,,,,,,,,,,,,,,,,2065.5077398718363,64.2142,1,1,22,22,22,0,3.632594,0,ok,logs/seed_241442.log
665452,drt_only,GHEFT,0,0.0,0,1,0,2.2166,1.9428,4.1594,,,,,,,,,,,,,,,,,839.1096944741241,21.4996,1,1,22,21,21,0,4.069233,0,ok,logs/seed_665452.log
631051,drt_only,GHEFT,0,0.0,0,1,0,2.0666,2.0898,4.1564,,,,,,,,,,,,,,,,,699.6560189999999,24.2503,1,1,22,20,20,0,3.697024,0,ok,logs/seed_631051.log
497919,drt_only,GHEFT,0,0.0,0,1,0,1.9583,2.0698,4.0281,,,,,,,,,,,,,,,,,1334.1913787449655,32.7215,1,1,22,20,20,0,3.393213,0,ok,logs/seed_497919.log
960027,drt_only,GHEFT,0,0.0,0,1,0,2.3046,2.0885,4.3931,,,,,,,,,,,,,,,,,754.0789921552793,23.8406,1,1,22,22,22,0,3.455502,0,ok,logs/seed_960027.log
305476,drt_only,GHEFT,0,0.0,0,1,0,2.4251,2.5367,4.9618,,,,,,,,,,,,,,,,,796.5632035765469,16.9971,1,1,22,21,21,0,4.388641,0,ok,logs/seed_305476.log
365837,drt_only,GHEFT,0,0.0,0,1,0,1.9887,1.8944,3.8831,,,,,,,,,,,,,,,,,874.4338744329339,21.2295,1,1,22,20,20,0,3.446783,0,ok,logs/seed_365837.log
514986,drt_only,GHEFT,0,0.0,0,1,0,1.9238,2.428,4.3518,,,,,,,,,,,,,,,,,1309.13990403984,22.9118,1,1,22,20,20,0,2.969804,0,ok,logs/seed_514986.log
291361,drt_only,GHEFT,0,0.0,0,1,0,2.4943,2.0376,4.5319,,,,,,,,,,,,,,,,,689.1486900077124,17.1786,1,1,22,20,20,0,3.557496,0,ok,logs/seed_291361.log
831040,drt_only,GHEFT,0,0.0,0,1,0,2.1315,1.8507,3.9822,,,,,,,,,,,,,,,,,1464.7677056790908,33.9388,1,1,22,21,21,0,3.501696,0,ok,logs/seed_831040.log
900613,drt_only,GHEFT,0,0.0,0,1,0,2.0235,1.9782,4.0017,,,,,,,,,,,,,,,,,859.4365958500945,22.5638,1,1,22,20,20,0,2.964853,0,ok,logs/seed_900613.log
738426,drt_only,GHEFT,0,0.0,0,1,0,2.1282,2.2726,4.4008,,,,,,,,,,,,,,,,,820.3829567459748,20.4389,1,1,22,20,20,0,3.151027,0,ok,logs/seed_738426.log
924607,drt_only,GHEFT,0,0.0,0,1,0,2.194,2.568,4.762,,,,,,,,,,,,,,,,,632.7113108783595,16.264,1,1,22,20,20,0,3.333868,0,ok,logs/seed_924607.log
461861,drt_only,GHEFT,0,0.0,0,1,0,1.9248,2.0187,3.9435,,,,,,,,,,,,,,,,,1009.9503504116745,32.454,1,1,22,20,20,0,3.104406,0,ok,logs/seed_461861.log
854725,drt_only,GHEFT,0,0.0,0,1,0,2.1824,2.1457,4.3281,,,,,,,,,,,,,,,,,2203.7573007142846,61.4953,1,1,22,20,20,0,2.955804,0,ok,logs/seed_854725.log
808927,drt_only,GHEFT,0,0.0,0,1,0,2.254,2.8025,5.0565,,,,,,,,,,,,,,,,,1484.1802438804773,41.9975,1,1,22,20,20,0,3.23699,0,ok,logs/seed_808927.log
826006,drt_only,GHEFT,0,0.0,0,1,0,2.054,2.2127,4.2667,,,,,,,,,,,,,,,,,879.6229201894935,20.371,1,1,22,20,20,0,3.529186,0,ok,logs/seed_826006.log
522333,drt_only,GHEFT,0,0.0,0,1,0,2.1106,2.5875,4.6981,,,,,,,,,,,,,,,,,1189.7457880306501,32.3101,1,1,22,20,20,0,3.063861,0,ok,logs/seed_522333.log
245912,drt_only,GHEFT,0,0.0,0,1,0,2.2672,2.4112,4.6784,,,,,,,,,,,,,,,,,640.8001853947806,14.0723,1,1,22,20,20,0,3.707486,0,ok,logs/seed_245912.log
758389,drt_only,GHEFT,0,0.0,0,1,0,2.239,2.1473,4.3863,,,,,,,,,,,,,,,,,1306.5797494090245,40.1266,1,1,22,20,20,0,3.116961,0,ok,logs/seed_758389.log
631363,drt_only,GHEFT,0,0.0,0,1,0,2.1486,2.1771,4.3257,,,,,,,,,,,,,,,,,791.2243259337752,21.3544,1,1,22,20,20,0,2.971346,0,ok,logs/seed_631363.log
766985,drt_only,GHEFT,0,0.0,0,1,0,2.179,1.8109,3.9899,,,,,,,,,,,,,,,,,999.8387527256771,25.8022,1,1,22,20,20,0,2.976906,0,ok,logs/seed_766985.log
582309,drt_only,GHEFT,0,0.0,0,1,0,2.2076,1.7429,3.9505,,,,,,,,,,,,,,,,,786.5878515092353,24.0607,1,1,22,21,21,0,2.527084,0,ok,logs/seed_582309.log
846927,drt_only,GHEFT,0,0.0,0,1,0,2.0604,2.2097,4.2701,,,,,,,,,,,,,,,,,958.6985651698114,27.4239,1,1,22,20,20,0,2.973827,0,ok,logs/seed_846927.log
763059,drt_only,GHEFT,0,0.0,0,1,0,2.3274,2.4091,4.7365,,,,,,,,,,,,,,,,,878.4428401508814,21.1754,1,1,22,20,20,0,2.208897,0,ok,logs/seed_763059.log
861602,drt_only,GHEFT,0,0.0,0,1,0,2.4557,2.3295,4.7852,,,,,,,,,,,,,,,,,692.3073003308689,21.2236,1,1,22,20,20,0,2.484422,0,ok,logs/seed_861602.log
631173,drt_only,GHEFT,0,0.0,0,1,0,2.1834,1.8654,4.0488,,,,,,,,,,,,,,,,,1067.064411779676,26.2078,1,1,22,21,21,0,2.87948,0,ok,logs/seed_631173.log
53408,drt_only,GHEFT,0,0.0,0,1,0,2.1774,2.1563,4.3337,,,,,,,,,,,,,,,,,813.4573630536348,20.9481,1,1,22,20,20,0,2.762476,0,ok,logs/seed_53408.log
328439,drt_only,GHEFT,0,0.0,0,1,0,2.0181,1.9252,3.9433,,,,,,,,,,,,,,,,,1056.3083916756752,30.234,1,1,22,20,20,0,2.328897,0,ok,logs/seed_328439.log
1087,drt_only,GHEFT,0,0.0,0,1,0,2.0007,2.1778,4.1785,,,,,,,,,,,,,,,,,934.2316138677684,22.4834,1,1,22,20,20,0,2.51924,0,ok,logs/seed_1087.log
577361,drt_only,GHEFT,0,0.0,0,1,0,2.3062,2.3086,4.6148,,,,,,,,,,,,,,,,,605.6058117536231,14.8035,1,1,22,20,20,0,2.712484,0,ok,logs/seed_577361.log
72146,drt_only,GHEFT,0,0.0,0,1,0,2.1392,2.0969,4.2361,,,,,,,,,,,,,,,,,1051.195549776204,31.8086,1,1,22,20,20,0,2.276207,0,ok,logs/seed_72146.log
479068,drt_only,GHEFT,0,0.0,0,1,0,1.7844,1.9749,3.7593,,,,,,,,,,,,,,,,,1587.86951125777,51.7151,1,1,22,20,20,0,2.081937,0,ok,logs/seed_479068.log
267093,drt_only,GHEFT,0,0.0,0,1,0,1.6635,1.8243,3.4878,,,,,,,,,,,,,,,,,1339.5382603420599,33.2948,1,1,22,20,20,0,2.532172,0,ok,logs/seed_267093.log
174052,drt_only,GHEFT,0,0.0,0,1,0,1.9393,1.9618,3.9011,,,,,,,,,,,,,,,,,1126.2576717102477,30.5039,1,1,22,20,20,0,3.397195,0,ok,logs/seed_174052.log
224195,drt_only,GHEFT,0,0.0,0,1,0,1.7991,1.6591,3.4582,,,,,,,,,,,,,,,,,995.1642617761191,27.6144,1,1,22,20,20,0,2.371207,0,ok,logs/seed_224195.log
203906,drt_only,GHEFT,0,0.0,0,1,0,2.2553,2.4257,4.681,,,,,,,,,,,,,,,,,769.1780131240314,20.3995,1,1,22,20,20,0,2.39293,0,ok,logs/seed_203906.log
223610,drt_only,GHEFT,0,0.0,0,1,0,1.9938,2.3137,4.3075,,,,,,,,,,,,,,,,,1167.2709849300193,34.5694,1,1,22,20,20,0,2.236336,0,ok,logs/seed_223610.log
765827,drt_only,GHEFT,0,0.0,0,1,0,2.0927,2.1998,4.2925,,,,,,,,,,,,,,,,,1290.2848262874434,31.5225,1,1,22,21,21,0,2.546472,0,ok,logs/seed_765827.log
597825,drt_only,GHEFT,0,0.0,0,1,0,2.1923,2.2026,4.3949,,,,,,,,,,,,,,,,,666.3004943363229,16.0498,1,1,22,20,20,0,2.85222,0,ok,logs/seed_597825.log
743325,drt_only,GHEFT,0,0.0,0,1,0,2.1398,2.434,4.5738,,,,,,,,,,,,,,,,,1036.720926051693,34.7689,1,1,22,21,21,0,2.585611,0,ok,logs/seed_743325.log
459404,drt_only,GHEFT,0,0.0,0,1,0,1.74,1.7564,3.4964,,,,,,,,,,,,,,,,,1166.8658183519549,27.6935,1,1,22,21,21,0,2.765315,0,ok,logs/seed_459404.log
644891,drt_only,GHEFT,0,0.0,0,1,0,2.1928,2.2096,4.4024,,,,,,,,,,,,,,,,,2080.2716246504865,47.2383,1,1,22,21,21,0,2.748117,0,ok,logs/seed_644891.log
112316,drt_only,GHEFT,0,0.0,0,1,0,2.1252,1.894,4.0192,,,,,,,,,,,,,,,,,753.1475527826085,19.4207,1,1,22,20,20,0,2.918983,0,ok,logs/seed_112316.log
708240,drt_only,GHEFT,0,0.0,0,1,0,2.0722,2.1816,4.2538,,,,,,,,,,,,,,,,,825.2662571044482,19.4112,1,1,22,20,20,0,2.287306,0,ok,logs/seed_708240.log
988612,drt_only,GHEFT,0,0.0,0,1,0,2.1403,1.7387,3.879,,,,,,,,,,,,,,,,,916.2159603273547,25.8875,1,1,22,21,21,0,2.130313,0,ok,logs/seed_988612.log
737269,drt_only,GHEFT,0,0.0,0,1,0,2.2777,2.2374,4.5151,,,,,,,,,,,,,,,,,877.324367181103,20.925,1,1,22,20,20,0,2.318747,0,ok,logs/seed_737269.log
670045,drt_only,GHEFT,0,0.0,0,1,0,2.1688,1.9848,4.1536,,,,,,,,,,,,,,,,,794.4232285207385,21.7853,1,1,22,21,21,0,2.39349,0,ok,logs/seed_670045.log
697981,drt_only,GHEFT,0,0.0,0,1,0,1.9667,2.0944,4.0611,,,,,,,,,,,,,,,,,641.4845147473856,19.4742,1,1,22,20,20,0,2.350488,0,ok,logs/seed_697981.log
940926,drt_only,GHEFT,0,0.0,0,1,0,2.5212,2.5711,5.0923,,,,,,,,,,,,,,,,,1454.1683206994808,44.0338,1,1,22,20,20,0,2.89846,0,ok,logs/seed_940926.log
245466,drt_only,GHEFT,0,0.0,0,1,0,2.3869,2.3285,4.7154,,,,,,,,,,,,,,,,,739.469443646782,15.9691,1,1,22,20,20,0,3.528854,0,ok,logs/seed_245466.log
863385,drt_only,GHEFT,0,0.0,0,1,0,2.1678,1.8109,3.9787,,,,,,,,,,,,,,,,,1077.263986447307,25.3269,1,1,22,20,20,0,2.662679,0,ok,logs/seed_863385.log
502084,drt_only,GHEFT,0,0.0,0,1,0,2.1139,2.4102,4.5241,,,,,,,,,,,,,,,,,841.2903785903168,19.3209,1,1,22,20,20,0,2.959526,0,ok,logs/seed_502084.log
268333,drt_only,GHEFT,0,0.0,0,1,0,2.2308,1.7764,4.0072,,,,,,,,,,,,,,,,,1352.3046827165365,46.0411,1,1,22,20,20,0,2.689433,0,ok,logs/seed_268333.log
889172,drt_only,GHEFT,0,0.0,0,1,0,2.0704,1.7352,3.8056,,,,,,,,,,,,,,,,,863.8690232202161,23.3027,1,1,22,21,21,0,2.879519,0,ok,logs/seed_889172.log
768859,drt_only,GHEFT,0,0.0,0,1,0,2.0589,2.2864,4.3453,,,,,,,,,,,,,,,,,1281.1566313846151,39.1474,1,1,22,20,20,0,2.552102,0,ok,logs/seed_768859.log
108511,drt_only,GHEFT,0,0.0,0,1,0,2.1291,2.2748,4.4039,,,,,,,,,,,,,,,,,992.6593584567706,30.424,1,1,22,20,20,0,3.169586,0,ok,logs/seed_108511.log
828273,drt_only,GHEFT,0,0.0,0,1,0,2.0569,1.884,3.9409,,,,,,,,,,,,,,,,,1321.8047325066314,34.1299,1,1,22,23,23,0,2.6781,0,ok,logs/seed_828273.log
932667,drt_only,GHEFT,0,0.0,0,1,0,1.9809,1.9453,3.9262,,,,,,,,,,,,,,,,,1129.6344091580497,36.4792,1,1,22,25,25,0,2.573561,0,ok,logs/seed_932667.log
245421,drt_only,GHEFT,0,0.0,0,1,0,2.0402,1.9274,3.9676,,,,,,,,,,,,,,,,,1157.6180669041908,31.9744,1,1,22,20,20,0,2.757386,0,ok,logs/seed_245421.log
678641,drt_only,GHEFT,0,0.0,0,1,0,2.3417,2.035,4.3767,,,,,,,,,,,,,,,,,1252.666023819974,28.7182,1,1,22,22,22,0,3.118463,0,ok,logs/seed_678641.log
935125,drt_only,GHEFT,0,0.0,0,1,0,2.2764,2.3721,4.6485,,,,,,,,,,,,,,,,,938.419490604938,22.5402,1,1,22,20,20,0,3.190632,0,ok,logs/seed_935125.log
605287,drt_only,GHEFT,0,0.0,0,1,0,2.2218,2.3733,4.5951,,,,,,,,,,,,,,,,,675.2320387547172,17.1678,1,1,22,20,20,0,3.162371,0,ok,logs/seed_605287.log
241117,drt_only,GHEFT,0,0.0,0,1,0,2.4009,1.8699,4.2708,,,,,,,,,,,,,,,,,926.9287302737948,19.9236,1,1,22,20,20,0,2.761353,0,ok,logs/seed_241117.log
137693,drt_only,GHEFT,0,0.0,0,1,0,1.8017,2.0643,3.866,,,,,,,,,,,,,,,,,1816.578971763817,54.9277,1,1,22,22,22,0,2.635724,0,ok,logs/seed_137693.log
519815,drt_only,GHEFT,0,0.0,0,1,0,2.2637,2.1681,4.4318,,,,,,,,,,,,,,,,,804.2196772476489,21.1002,1,1,22,20,20,0,2.504562,0,ok,logs/seed_519815.log
825689,drt_only,GHEFT,0,0.0,0,1,0,2.1495,1.8828,4.0323,,,,,,,,,,,,,,,,,965.8116338393974,23.1723,1,1,22,21,21,0,2.785894,0,ok,logs/seed_825689.log
266300,drt_only,GHEFT,0,0.0,0,1,0,2.2846,1.9583,4.2429,,,,,,,,,,,,,,,,,1114.9995457521375,31.2818,1,1,22,22,22,0,2.557518,0,ok,logs/seed_266300.log
353884,drt_only,GHEFT,0,0.0,0,1,0,2.1647,2.2965,4.4612,,,,,,,,,,,,,,,,,956.5004644545452,21.024,1,1,22,20,20,0,2.454731,0,ok,logs/seed_353884.log
141574,drt_only,GHEFT,0,0.0,0,1,0,2.1085,1.6042,3.7127,,,,,,,,,,,,,,,,,1526.4697342660552,33.9183,1,1,22,22,22,0,2.759785,0,ok,logs/seed_141574.log
211351,drt_only,GHEFT,0,0.0,0,1,0,2.2145,2.1181,4.3326,,,,,,,,,,,,,,,,,754.9733068734181,18.0578,1,1,22,20,20,0,2.24309,0,ok,logs/seed_211351.log
64745,drt_only,GHEFT,0,0.0,0,1,0,1.8205,1.6345,3.455,,,,,,,,,,,,,,,,,815.4198155808252,16.5584,1,1,22,24,24,0,2.390791,0,ok,logs/seed_64745.log
827551,drt_only,GHEFT,0,0.0,0,1,0,2.2918,2.4335,4.7253,,,,,,,,,,,,,,,,,763.7414814812242,17.1261,1,1,22,21,21,0,2.637638,0,ok,logs/seed_827551.log
236634,drt_only,GHEFT,0,0.0,0,1,0,2.1684,2.0999,4.2683,,,,,,,,,,,,,,,,,2018.966231915661,56.8476,1,1,22,20,20,0,2.607816,0,ok,logs/seed_236634.log
554061,drt_only,GHEFT,0,0.0,0,1,0,2.0984,2.1231,4.2215,,,,,,,,,,,,,,,,,1438.3106571052624,33.3645,1,1,22,20,20,0,2.390561,0,ok,logs/seed_554061.log
473253,drt_only,GHEFT,0,0.0,0,1,0,1.8971,1.65,3.5471,,,,,,,,,,,,,,,,,1906.612145363637,49.7071,1,1,22,21,21,0,2.276642,0,ok,logs/seed_473253.log
397414,drt_only,GHEFT,0,0.0,0,1,0,2.2382,2.6187,4.8569,,,,,,,,,,,,,,,,,925.8210213231937,26.1115,1,1,22,20,20,0,3.094544,0,ok,logs/seed_397414.log
237902,drt_only,GHEFT,0,0.0,0,1,0,2.1305,1.8639,3.9944,,,,,,,,,,,,,,,,,1317.0096732542827,36.3196,1,1,22,22,22,0,2.596945,0,ok,logs/seed_237902.log
57519,drt_only,GHEFT,0,0.0,0,1,0,1.9428,1.8513,3.7941,,,,,,,,,,,,,,,,,822.3259042752417,25.3989,1,1,22,20,20,0,2.60804,0,ok,logs/seed_57519.log
505780,drt_only,GHEFT,0,0.0,0,1,0,2.349,1.9777,4.3267,,,,,,,,,,,,,,,,,1446.213465299754,35.2893,1,1,22,23,23,0,2.426356,0,ok,logs/seed_505780.log
353215,drt_only,GHEFT,0,0.0,0,1,0,1.7207,1.7442,3.4649,,,,,,,,,,,,,,,,,1236.6050044894896,30.8356,1,1,22,20,20,0,2.858641,0,ok,logs/seed_353215.log
60194,drt_only,GHEFT,0,0.0,0,1,0,2.184,2.0766,4.2606,,,,,,,,,,,,,,,,,2319.9306739293756,76.6694,1,1,22,24,24,0,2.507098,0,ok,logs/seed_60194.log
21327,drt_only,GHEFT,0,0.0,0,1,0,2.1387,1.8212,3.9599,,,,,,,,,,,,,,,,,1196.9145716265066,25.142,1,1,22,21,21,0,2.733396,0,ok,logs/seed_21327.log
