repo_bw,seed,HEFT,DHEFT,NHEFT,time_sec
100,6347,20737.757600000034,903.8575000000003,119.80306095354844,2.802093982696533
100,7536,18436.0663,805.0731000000002,115.27780339999997,3.317620038986206
100,4078,19097.87500000003,833.2451000000001,98.30520100000003,2.7833330631256104
100,4726,20714.121599999944,907.8535999999997,129.70250100000004,3.0554981231689453
100,5978,22508.71370000003,897.3910000000004,104.3274380866666,3.8746471405029297
100,8836,21318.733100000005,949.6718000000002,100.08890099999999,4.18739914894104
100,3380,21151.89050000003,927.0745000000001,115.17950400000001,3.8193531036376953
100,3669,18609.668199999982,866.7624000000004,115.12310099999998,2.8355801105499268
100,7882,20549.858800000038,889.9260999999999,113.89820200000003,3.1585190296173096
100,2503,19154.424700000036,836.2003000000001,130.82718300000002,2.3299801349639893
100,5802,20569.14179999999,907.7615999999997,111.74324703311255,3.062631845474243
100,6455,19622.585600000002,886.8528999999995,109.08715142000001,3.5966930389404297
100,5608,21574.641499999998,942.6744000000002,122.03229611999997,3.247110366821289
100,8258,20480.291899999993,870.9655,139.79270200000005,3.317357063293457
100,7486,19560.34640000001,880.6716000000002,109.57177064833753,3.1053340435028076
100,1839,19861.53580000001,863.2284,88.34400844537655,3.040019989013672
100,3282,20094.9131,838.9139999999996,94.33100209,3.532771110534668
100,3216,19179.474800000004,855.5496999999997,110.15240099999998,3.4050869941711426
100,9034,18066.123599999963,818.0876999999996,108.11253276923077,2.453965902328491
100,7143,17825.991799999967,790.5864000000001,96.64870099999999,2.8190910816192627
100,2446,20152.001499999988,900.3996000000009,103.2023463849,3.010667085647583
100,5924,19737.37310000002,858.9259999999998,116.79260299999996,3.4408822059631348
100,8881,18844.95879999999,776.4301000000004,89.24483494614901,3.701902151107788
100,6634,18147.003099999973,776.7036999999998,105.37178308108108,3.3373377323150635
100,3097,19008.883299999998,808.8228000000004,118.33743814759998,2.833724021911621
100,1211,16842.704799999996,750.9822999999998,85.58214493143095,3.5437731742858887
100,1921,20458.320899999966,856.3489000000001,103.55477345000003,3.933964967727661
100,2740,20531.157499999998,886.6515999999997,100.28844646999997,4.8202290534973145
100,3306,19384.69250000002,852.4885000000002,103.42310200000001,3.7224910259246826
100,4366,20701.400699999973,854.5928000000002,97.01560100000003,4.542354106903076
100,5455,22354.794699999977,931.2030000000004,134.11290100000002,4.570621967315674
100,9095,19188.816699999992,812.5794000000005,98.92790099999999,3.982125997543335
100,8562,21381.530700000054,947.9183000000002,113.79152496618138,3.777677059173584
100,9815,16912.48149999998,766.1387000000002,97.95020635999997,3.657918930053711
100,1466,21007.049000000025,896.7783,104.77240100000003,4.206337928771973
100,8480,21422.424000000014,868.1656999999996,125.44370099999996,4.530087947845459
100,3792,21096.519499999955,932.2871000000002,95.91787837999998,4.742865800857544
100,4697,18613.284200000002,826.5638999999999,98.93034324513617,4.102957725524902
100,1565,19021.904800000015,870.6081000000003,105.56315549999998,5.418395042419434
100,5891,21568.63390000001,927.6127,144.70882202145683,4.922327041625977
100,8308,19573.358500000053,850.4378000000002,133.85160199999999,5.364739179611206
100,4257,20714.188799999974,886.8181999999999,112.71776743999997,7.0228400230407715
100,5733,18571.183000000005,831.6412999999993,120.331801,6.055423974990845
100,2946,20267.708700000036,874.9711999999996,82.71082399999995,5.458546876907349
100,1292,18482.694999999978,834.1082000000002,74.30262615949998,6.216099977493286
100,5439,19062.388800000008,865.6395,119.0662123170732,7.225744247436523
100,1714,17089.544000000038,777.1837,91.88440399999995,7.0901219844818115
100,9200,18382.657699999956,837.0400000000001,116.21590099999997,5.918647050857544
100,5804,19931.000999999946,872.7682999999996,118.08794710324989,6.8963000774383545
100,3154,17851.38109999995,777.6857000000003,134.629202,5.3991100788116455
100,2195,18599.469800000006,826.0161999999997,112.65621451903007,6.0215208530426025
100,3042,21675.415699999943,958.5381,92.08930631654674,7.170295000076294
100,9808,19959.45679999998,824.3350000000003,121.99745005999996,8.039330005645752
100,5407,19340.34869999997,812.8881000000008,95.61200099999996,5.998821973800659
100,3782,21135.90240000001,917.1489999999998,109.167126,7.201941967010498
100,5410,17477.31740000003,777.8501000000001,96.97513699999998,6.749505996704102
100,8428,20202.429700000004,898.3580000000005,118.97740504231837,6.643068075180054
100,7236,20850.11779999998,913.0789000000002,99.68920200000002,5.527307033538818
100,2085,16842.87039999999,830.3241000000002,107.64680362999997,4.952818870544434
100,2139,18081.58560000004,853.8257,96.08030100000003,5.8958420753479
100,6801,18840.6452,811.6028999999997,108.28520099999999,7.511429071426392
100,6820,20636.520000000026,914.1674,113.96030499999999,7.555736064910889
100,3830,22673.91940000003,954.1862999999998,107.98813503141359,5.728698015213013
100,7975,19459.922799999964,866.6708999999998,77.61190386999999,5.499566078186035
100,3469,21193.593200000003,919.7897,92.23274926912364,6.76553201675415
100,1454,17613.86449999997,789.2749000000002,91.50281084931504,6.914507150650024
100,2573,18291.215499999995,807.1790999999997,74.93079413188386,5.255078077316284
100,3931,19525.216999999997,922.0926000000002,93.19820600000001,6.321928977966309
100,5445,19717.853099999993,831.0908,102.23480271,5.7258148193359375
100,5745,18543.958200000015,828.0188000000004,125.74274869000003,7.006192922592163
100,7167,21101.18899999988,875.0832,133.16973172640002,9.246561050415039
100,7597,21438.01450000001,910.4747999999994,103.82195209964146,9.09848403930664
100,7005,20895.670899999972,890.2409000000002,142.060301,7.705848217010498
100,3239,19270.639999999992,890.2882999999997,105.28500100000002,6.317551851272583
100,4331,19373.9152,861.785899999999,92.66823700000002,6.712225914001465
100,5960,19034.254799999988,802.8822000000002,88.05803780246913,8.811671018600464
100,1284,19473.05290000004,851.4222000000003,150.064158,8.091101884841919
100,2402,21876.00549999998,923.7934999999999,115.04310278,8.653748989105225
100,8146,19823.25780000005,841.0238999999993,108.73327907,9.312054634094238
100,1786,20914.553200000057,920.5223000000003,107.394601,6.501070022583008
100,8911,20182.834800000022,879.1600999999998,85.88800099999997,8.084459781646729
100,7510,19748.586000000036,889.1251999999998,134.80630200000002,6.063421010971069
100,6556,21018.84689999998,886.6015,124.14098743279996,7.238504886627197
100,5726,19150.742000000017,800.6679,91.499801,8.04922103881836
100,2935,20110.64490000004,814.7072999999998,82.89197369915496,8.906621217727661
100,7223,22011.225200000034,968.9609999999997,115.44270099999999,6.361736297607422
100,1405,20098.19519999998,854.3007000000002,122.090802,6.587860345840454
100,6792,19889.41599999998,859.3792000000007,99.29401077919998,6.319786071777344
100,7527,20778.01389999995,914.0387000000009,108.12503523031529,6.127032041549683
100,3965,19480.645399999987,871.3785000000004,88.86200700000002,6.5427820682525635
100,9686,18861.681200000014,812.8069999999998,91.62390500000001,6.440338850021362
100,2054,19540.844399999976,835.7509999999999,128.95517282987865,7.355647325515747
100,7502,19488.085800000023,832.8279000000003,92.11393779689598,7.44698429107666
100,5872,19166.010300000034,892.1825,97.431591,7.283876180648804
100,1751,20370.64510000003,856.1684999999999,113.40766459999999,6.978221893310547
100,5095,20340.235899999978,867.6215000000002,112.43889625287355,5.782875061035156
100,8465,21223.899199999993,890.9033000000003,111.30623260234069,7.323755979537964
100,8504,21965.7193,947.2192000000005,109.05360100000001,6.71065616607666
100,8819,22053.615899999964,934.0212999999999,115.44598124169637,5.931785821914673
100,4921,19460.82170000004,845.7169000000006,121.54085511992652,6.5516908168792725
300,6347,6912.5971999999865,304.0975,71.93110792079207,5.300762176513672
300,7536,6145.372200000008,269.8188999999999,68.03958718518518,6.626321792602539
300,4078,6365.986499999991,282.6517,56.673351315068494,4.704054117202759
300,4726,6904.739099999997,307.2547000000001,77.58010199999998,5.770431041717529
300,5978,7502.953199999987,306.73390000000006,70.09376966666666,8.141566038131714
300,8836,7106.264200000018,319.53170000000006,57.34106823666669,7.07009482383728
300,3380,7050.659199999999,311.78069999999997,64.56928658149779,6.209705352783203
300,3669,6203.2581,292.0292,58.63632033333334,5.056384086608887
300,7882,6849.979599999988,299.99450000000036,66.29043533333336,5.993405103683472
300,2503,6384.824300000002,280.3735999999999,81.22908398757767,4.695199012756348
300,5802,6856.4191000000055,306.4742999999999,68.53306146619106,5.15791392326355
300,6455,6540.899000000012,298.72700000000003,58.17352533936652,5.589874982833862
300,5608,7191.590799999999,318.5084,69.50708973690075,5.505929946899414
300,8258,6826.789700000002,295.62270000000024,71.50556966666669,5.634645938873291
300,7486,6520.133199999999,295.63119999999986,67.92722677662807,5.096580982208252
300,1839,6620.533499999987,289.63499999999993,51.910111044959635,5.120357990264893
300,3282,6698.339500000004,280.95420000000007,56.68568680506783,5.811766147613525
300,3216,6393.195999999995,289.4647999999998,59.476103,7.078547239303589
300,9034,6022.082899999992,273.9609999999999,62.758035333333346,4.104793071746826
300,7143,5942.016299999996,269.0382999999998,48.10499187375772,5.091901063919067
300,2446,6717.375699999976,302.7748999999998,54.93026966666666,4.9761669635772705
300,5924,6579.150399999984,288.1395,70.73066966666664,4.722592830657959
300,8881,6281.669699999989,262.71950000000015,54.75102820087338,5.593538999557495
300,6634,6049.0644,263.5280000000001,65.198203,5.4560770988464355
300,3097,6336.322999999977,272.2627000000001,71.58990299999996,4.558729887008667
300,1211,5614.259299999994,253.93000000000006,48.29533237254899,5.710881948471069
300,1921,6819.491799999984,291.1532000000001,60.943671798657746,5.830040216445923
300,2740,6843.753400000002,296.9317,56.30446866666665,7.278421878814697
300,3306,6461.596800000002,288.07929999999976,62.780460778625965,4.827064752578735
300,4366,6900.500300000004,288.0649000000001,66.85448526395938,6.317086935043335
300,5455,7451.633400000005,312.97820000000013,74.95270199999999,6.55241584777832
300,9095,6396.310600000014,276.11459999999994,58.04430200000002,5.3909759521484375
300,8562,7127.205300000017,323.56019999999967,63.94549570899469,5.736153841018677
300,9815,5637.519800000007,259.6496000000001,58.9021577667934,5.638132095336914
300,1466,7002.381399999987,302.49670000000003,61.6308191818182,4.947865724563599
300,8480,7140.8515,296.87470000000013,88.7297363333333,5.532042026519775
300,3792,7032.203700000015,317.4697999999988,58.271669194059264,6.055127859115601
300,4697,6204.453200000003,279.82400000000007,60.93129317481481,5.020846843719482
300,1565,6340.680699999999,293.9315999999998,57.942986435830434,5.579228162765503
300,5891,7189.619199999992,315.58469999999977,103.16060627807487,5.038948059082031
300,8308,6524.4910999999975,291.7694999999998,69.261903,4.956817865371704
300,4257,6904.75210000002,297.4516999999998,69.1149124166667,6.203108787536621
300,5733,6190.420300000003,279.2620000000001,77.08936062068965,5.233189105987549
300,2946,6755.92799999999,295.54449999999974,59.32750200000002,5.712337017059326
300,1292,6160.917400000002,279.8680000000001,46.10216899444443,6.230868816375732
300,5439,6354.146700000006,290.8194,57.517498864111516,7.222520112991333
300,1714,5696.554300000008,262.0037000000001,57.900902,4.774505853652954
300,9200,6127.592300000008,281.0200000000001,76.38720622580647,5.5133302211761475
300,5804,6643.705900000013,296.0558000000005,79.31046866666665,5.4076268672943115
300,3154,5950.50079999999,264.71659999999997,82.96557166666663,5.185535907745361
300,2195,6199.863200000007,281.1138999999994,78.2528710607735,4.86749792098999
300,3042,7225.171799999999,322.32489999999996,49.09470099999997,4.9534711837768555
300,9808,6653.187199999972,280.60069999999996,68.70264337664348,5.466210126876831
300,5407,6446.83570000001,274.7279,64.04007308433734,4.977625846862793
300,3782,7045.3216,307.40229999999997,63.254073918542346,4.828984975814819
300,5410,5825.814100000003,265.88800000000003,73.85352599999999,4.765729904174805
300,8428,6734.167300000011,304.43119999999936,57.29226866666668,4.218048095703125
300,7236,6950.064699999991,306.8984,58.460535333333354,4.26835298538208
300,2085,5614.321400000014,283.1994999999997,69.72854925738397,3.200778007507324
300,2139,6027.242100000002,288.8271000000001,54.98715335135134,4.64417576789856
300,6801,6280.230599999999,273.1162,63.89616966666667,4.638779878616333
300,6820,6878.868199999998,308.86940000000016,61.9826875739645,5.251745700836182
300,3830,7558.008600000021,318.1306999999998,70.16486663108805,4.067376136779785
300,7975,6486.66540000001,291.47130000000004,54.15605601459855,3.6550912857055664
300,3469,7064.56480000001,311.7642999999999,62.848503,4.344155788421631
300,1454,5871.309000000003,264.6354999999999,52.36112735424356,4.723116874694824
300,2573,6097.099500000012,270.7580000000002,50.658615,4.093065023422241
300,3931,6508.431600000007,310.72600000000017,52.89894172094685,4.002482891082764
300,5445,6572.6528000000135,282.6874999999999,59.61679279771175,4.020277976989746
300,5745,6181.366699999999,282.67750000000007,76.36160300000002,4.42638087272644
300,7167,7033.753800000003,294.95050000000026,83.669703,5.653743028640747
300,7597,7146.051299999981,307.11610000000024,67.80870838297871,4.276998281478882
300,7005,6965.254600000015,301.7289,71.31663533333332,4.389762878417969
300,3239,6423.581800000004,299.32550000000015,59.09353633333333,4.042666912078857
300,4331,6458.04280000002,294.21509999999984,61.78344632989691,4.656697034835815
300,5960,6344.8099999999995,272.2844999999998,52.9877277489712,5.0824010372161865
300,1284,6491.060200000005,286.9221,91.86050300000002,5.2763941287994385
300,2402,7292.043799999993,315.1102000000004,71.16885764853555,5.1910400390625
300,8146,6607.78430000001,283.2838999999999,60.41050200000001,5.485193967819214
300,1786,6971.539199999981,309.6228999999997,62.45931341868513,4.433770179748535
300,8911,6727.630800000021,297.4125,52.45723274603173,5.707630157470703
300,7510,6582.913999999984,299.76599999999985,84.7420336192,4.265549182891846
300,6556,7006.316399999996,301.65340000000003,78.2407219003436,4.888868093490601
300,5726,6383.623900000001,273.22819999999996,62.916685333333334,5.714050054550171
300,2935,6703.578100000023,273.2473,43.09476077329769,6.149167060852051
300,7223,7337.099200000003,326.89310000000006,76.14015460094454,4.870882034301758
300,1405,6699.427199999997,290.1224999999997,70.72553633333332,5.509155035018921
300,6792,6629.834900000001,292.7181000000003,70.70681311111112,4.442198038101196
300,7527,6926.0313,310.60160000000025,60.688754984508726,4.099020004272461
300,3965,6493.5753999999915,293.80749999999966,56.479074727272724,4.503866910934448
300,9686,6287.269300000007,275.4084999999997,52.74460901754386,4.584675073623657
300,2054,6513.648499999985,281.2312999999999,87.6455406138614,5.419417858123779
300,7502,6496.079200000011,281.51339999999993,58.22630100000001,5.401632070541382
300,5872,6388.703299999994,302.87109999999973,60.0772408512166,5.891607999801636
300,1751,6790.232300000001,288.2974,52.64176766666665,5.791932821273804
300,5095,6780.0972999999985,291.2349000000001,66.17826866666664,5.384134769439697
300,8465,7074.663399999994,302.3615000000003,76.42512642372884,5.239988327026367
300,8504,7321.936499999994,319.386,56.53088811111112,5.383922100067139
300,8819,7351.231099999997,314.8357000000002,59.80936866666667,5.0035200119018555
300,4921,6486.968000000016,284.4556999999998,81.70253633333334,5.25536584854126
600,6347,4547.769299999991,204.21639999999974,60.37214728682171,4.431549787521362
600,7536,5009.830899999997,225.26279999999994,65.91053778260871,5.229832887649536
600,4078,3759.4630000000056,169.93200000000002,49.24097079661016,4.108254909515381
600,4726,3452.4224000000004,153.78370000000004,49.69801620118343,5.007436990737915
600,5978,3751.5035999999977,158.91839999999996,59.584271666666666,6.581902027130127
600,8836,3753.3279999999972,172.41370000000015,43.94697336311571,5.549969911575317
600,3380,4059.9057000000025,183.29080000000002,59.484854846153866,5.437613248825073
600,3669,3101.658700000002,151.04360000000008,45.097204000000005,4.543405055999756
600,7882,3524.890700000008,159.86949999999996,54.52849712551636,4.8452959060668945
600,2503,4849.2410999999975,215.07310000000004,72.81948624590163,3.7808451652526855
600,5802,4294.229700000004,193.8302999999999,54.262600187641574,5.3737571239471436
600,6455,3270.488500000006,152.38840000000002,53.22784794594596,5.042355060577393
600,5608,3805.0962999999997,170.89069999999998,56.658881864141726,5.326371192932129
600,8258,3413.443099999998,149.7947999999999,57.266672666666665,5.712455987930298
600,7486,3260.086399999999,149.44979999999998,46.45007472727273,5.289755821228027
600,1839,3310.288100000004,146.22469999999993,39.36681551351354,4.806588172912598
600,3282,3349.2081999999914,143.69150000000008,47.307942740740735,5.40158486366272
600,3216,3196.654900000002,149.32499999999987,49.48334621503133,5.508898019790649
600,9034,4573.746700000005,208.83260000000004,54.330479319587624,4.156293869018555
600,7143,2971.056900000001,141.8356,34.40896866666667,4.774180173873901
600,2446,4419.3528000000015,201.25369999999995,51.232730182879386,4.5102550983428955
600,5924,3289.5858000000017,145.44250000000002,48.644770666666645,4.772888898849487
600,8881,5025.347099999997,211.33969999999997,50.30678571428573,5.3630759716033936
600,6634,3086.291800000001,135.34890000000001,49.481408401360554,5.097165107727051
600,3097,4788.160499999999,206.68369999999987,60.82588626634654,4.58837103843689
600,1211,3034.762900000001,138.81379999999993,39.74983357328991,5.741926908493042
600,1921,3409.8007999999977,149.34529999999998,54.21392560732983,5.280580043792725
600,2740,3421.912000000008,153.28090000000012,44.17463407547171,7.238471269607544
600,3306,5035.0156999999845,225.64419999999996,63.40648902290078,5.557926893234253
600,4366,3450.2685000000006,146.7497000000002,47.03660399999998,6.281980276107788
600,5455,3725.8447000000024,160.4439000000001,47.880804,6.039776802062988
600,9095,3876.5842000000052,170.64930000000004,50.389656535353566,5.1632819175720215
600,8562,3599.6187999999956,167.0316000000002,52.07420100000001,5.336884021759033
600,9815,2818.783399999997,132.4232,42.73836993011175,4.953042984008789
600,1466,5304.863499999992,231.73009999999996,57.55470503030301,5.48429012298584
600,8480,6155.951099999999,255.3271,76.33629894438826,5.406715154647827
600,3792,3767.280300000004,174.95759999999999,46.42655908238006,5.391500949859619
600,4697,3505.3583999999996,161.27710000000005,49.67310814312617,4.870065212249756
600,1565,3331.4071000000044,158.4931,46.94615039336493,5.297008037567139
600,5891,5247.911999999999,232.61520000000004,96.94443656790123,4.960747957229614
600,8308,3262.280100000005,149.49699999999999,43.620077987206834,4.681638240814209
600,4257,4572.7287,199.79349999999997,58.539781710144936,5.622302055358887
600,5733,4192.211000000002,193.68420000000012,64.00051248509484,4.387574911117554
600,2946,3377.9959999999955,153.04490000000007,47.30883586004056,4.521939039230347
600,1292,3080.4997999999987,143.6524000000001,33.69228308108108,4.888088941574097
600,5439,4162.120000000001,191.69849999999997,52.37527475603551,5.062773942947388
600,1714,4293.908700000002,200.5668999999999,56.787098092048865,3.681161880493164
600,9200,3063.854800000002,144.62930000000006,57.14967166666664,3.4285943508148193
600,5804,3321.878999999993,151.59759999999994,67.1348261461988,4.1122519969940186
600,3154,2975.343500000002,141.21990000000002,52.70161467850098,3.1630442142486572
600,2195,4999.9029000000055,228.0663,72.21780615053763,3.347062826156616
600,3042,3905.5810999999994,181.45319999999995,41.75926563636362,3.881162166595459
600,9808,3360.214299999996,145.13119999999992,47.486677410774405,4.095831871032715
600,5407,3223.4647000000045,139.77009999999999,50.446571666666664,3.4859750270843506
600,3782,3721.1635000000056,165.26720000000006,55.54774605144695,3.907351016998291
600,5410,4045.71910000001,186.89569999999995,65.10724103703703,4.234297037124634
600,8428,3367.1265000000035,154.57489999999996,40.863206389830516,3.29306697845459
600,7236,3475.0532999999928,155.95819999999995,39.60264149903662,3.7164058685302734
600,2085,4432.369399999997,225.26619999999994,66.57020832911392,2.632676839828491
600,2139,3112.2036999999877,151.85130000000018,39.992709766990274,3.80253005027771
600,6801,4584.132800000007,200.72909999999996,57.472894891891876,4.0080907344818115
600,6820,3439.491199999998,156.63859999999997,41.74025071794872,4.3678882122039795
600,3830,4743.5606000000025,202.36059999999998,61.284864011173205,3.568203926086426
600,7975,3349.4133000000033,152.4038999999999,46.27700368846817,3.25201416015625
600,3469,3532.3141999999957,157.54110000000009,48.22966966666665,3.6444528102874756
600,1454,3474.164199999997,157.54729999999998,46.48236286956522,3.724155902862549
600,2573,4293.744200000004,192.0711,47.461395696468664,3.2107858657836914
600,3931,3671.909100000001,180.9485000000001,37.65474458555133,3.623562812805176
600,5445,3286.353500000004,148.0021999999998,44.963626999999995,3.2461960315704346
600,5745,3823.545900000004,177.72710000000004,65.09539172845955,3.389333724975586
600,7167,3570.4522999999895,150.988,64.43897584662578,4.7917633056640625
600,7597,3573.0512999999964,157.39009999999996,51.201989324306304,3.701767921447754
600,7005,3482.6911000000064,156.62550000000002,53.89873134331338,3.514928102493286
600,3239,3211.8497999999977,154.9628,48.85914929851942,3.2546780109405518
600,4331,3548.418899999993,165.5537,47.96223666042153,3.610874891281128
600,5960,3998.8522000000116,173.99059999999983,47.115781492600426,3.765655994415283
600,1284,3773.9604999999956,173.80299999999994,66.05034475968992,3.7756540775299072
600,2402,3646.090800000002,163.3253,58.24600423371647,4.043039083480835
600,8146,3303.9781000000025,149.65610000000007,42.34559127838828,4.523015260696411
600,1786,4819.065099999997,215.68819999999997,61.5582068859935,3.4255528450012207
600,8911,3363.832600000001,149.53979999999996,42.03159276545842,4.6297407150268555
600,7510,4088.791500000004,187.94910000000013,75.08857367676768,3.1006240844726562
600,6556,3503.177599999993,154.71159999999998,56.8385638815427,3.5228970050811768
600,5726,3191.8369000000002,140.21460000000016,50.22987982955712,3.9597020149230957
600,2935,3351.8385999999996,139.40759999999997,35.00964627363184,4.992087125778198
600,7223,4241.154799999999,194.66530000000006,65.48705921791472,3.730454921722412
600,1405,3349.726399999999,149.4654,46.39078820689655,3.8839051723480225
600,6792,5509.561199999992,244.53579999999988,64.87915958585857,3.3950278759002686
600,7527,3463.0412999999994,157.28249999999986,51.10911069565219,3.0065548419952393
600,3965,3268.622699999996,151.33459999999994,45.00198655033558,3.1786417961120605
600,9686,3937.766499999994,174.5979000000001,50.84821528571428,3.2997188568115234
600,2054,3256.844799999993,141.83869999999996,68.01190794059409,3.838953971862793
600,7502,3443.194299999991,153.1531,49.79598135013665,3.979717969894409
600,5872,3657.6827999999955,174.4548999999999,55.43116419931271,3.8628530502319336
600,1751,3395.140699999996,146.82969999999997,40.054369666666645,4.010557174682617
600,5095,3390.0594999999907,147.13809999999984,40.42320199999999,3.543121814727783
600,8465,3537.3534000000027,154.42330000000007,64.81877774418606,3.822319984436035
600,8504,3704.2352999999935,164.61130000000006,41.05060637268128,3.8138391971588135
600,8819,3681.7192,161.3803,42.22566966666667,3.722010850906372
600,4921,4062.8482000000026,186.14470000000009,71.45740644827589,3.735513925552368
900,6347,4547.769299999991,204.21639999999974,60.37214728682171,3.326101064682007
900,7536,5009.830899999997,225.26279999999994,65.91053778260871,4.209474086761475
900,4078,3759.4630000000056,169.93200000000002,49.24097079661016,3.6364521980285645
900,4726,3024.052300000007,137.37130000000008,53.601211111111105,3.848223924636841
900,5978,3613.0132999999937,153.44189999999998,58.710595388429745,4.690125942230225
900,8836,3753.3279999999972,172.41370000000015,43.94697336311571,4.465201139450073
900,3380,4059.9057000000025,183.29080000000002,59.484854846153866,4.001603126525879
900,3669,2352.7329999999974,115.24589999999998,43.93340591803278,3.213529109954834
900,7882,3524.890700000008,159.86949999999996,54.52849712551636,3.832603931427002
900,2503,4849.2410999999975,215.07310000000004,72.81948624590163,3.350461006164551
900,5802,4294.229700000004,193.8302999999999,54.262600187641574,3.6535937786102295
900,6455,3042.3205000000003,142.12220000000002,54.66356856589149,3.6370596885681152
900,5608,3805.0962999999997,170.89069999999998,56.658881864141726,3.8237690925598145
900,8258,2585.9610000000016,114.68100000000004,51.34633126262626,4.00791335105896
900,7486,2650.474900000001,122.11470000000006,47.01999036585366,3.8707897663116455
900,1839,3074.5715999999916,136.01359999999994,40.14962281981982,3.4658658504486084
900,3282,2791.0194000000006,120.44319999999998,45.73357694332725,4.171144962310791
900,3216,2946.2310999999972,138.20109999999985,50.196245371315946,4.206418991088867
900,9034,4573.746700000005,208.83260000000004,54.330479319587624,3.315201997756958
900,7143,2798.489500000009,134.2463,37.36604385714286,3.2767369747161865
900,2446,4419.3528000000015,201.25369999999995,51.232730182879386,3.845651865005493
900,5924,2945.908700000004,130.53420000000003,47.187708477611935,3.678231954574585
900,8881,5025.347099999997,211.33969999999997,50.30678571428573,3.8802170753479004
900,6634,3086.291800000001,135.34890000000001,49.481408401360554,3.604282855987549
900,3097,4788.160499999999,206.68369999999987,60.82588626634654,3.384303092956543
900,1211,3034.762900000001,138.81379999999993,39.74983357328991,4.071962118148804
900,1921,3191.705000000008,140.30469999999997,54.57922560732984,3.7830429077148438
900,2740,3285.0405000000083,147.38380000000012,42.92483407547171,4.570645809173584
900,3306,5035.0156999999845,225.64419999999996,63.40648902290078,3.7799060344696045
900,4366,2923.9660000000044,125.21009999999997,44.299143984732844,4.266074895858765
900,5455,3548.42069999999,153.10110000000012,48.21961002179176,4.648507118225098
900,9095,3876.5842000000052,170.64930000000004,50.389656535353566,3.6717469692230225
900,8562,3599.6187999999956,167.0316000000002,52.07420100000001,3.4755752086639404
900,9815,2405.8004999999994,113.80209999999997,42.79248198859315,3.5158040523529053
900,1466,5304.863499999992,231.73009999999996,57.55470503030301,4.2582268714904785
900,8480,6155.951099999999,255.3271,76.33629894438826,4.061126947402954
900,3792,3767.280300000004,174.95759999999999,46.42655908238006,4.038172960281372
900,4697,3505.3583999999996,161.27710000000005,49.67310814312617,3.490860939025879
900,1565,3331.4071000000044,158.4931,46.94615039336493,3.820584297180176
900,5891,5247.911999999999,232.61520000000004,96.94443656790123,3.68727970123291
900,8308,2663.130600000003,122.70080000000003,40.927350762589924,3.8434863090515137
900,4257,4572.7287,199.79349999999997,58.539781710144936,4.818699836730957
900,5733,4192.211000000002,193.68420000000012,64.00051248509484,3.8214879035949707
900,2946,2499.1445999999955,115.35699999999993,43.49776392601727,3.6845901012420654
900,1292,2783.6319000000026,130.62669999999997,33.21900447933884,4.68807578086853
900,5439,4162.120000000001,191.69849999999997,52.37527475603551,4.415611028671265
900,1714,4293.908700000002,200.5668999999999,56.787098092048865,3.748131036758423
900,9200,2772.7212999999992,131.41440000000006,56.855654545454534,3.632233142852783
900,5804,2734.0683000000063,126.034,67.86074039094649,4.02755880355835
900,3154,2721.3658,130.24200000000008,53.17527673170732,3.469292163848877
900,2195,4999.9029000000055,228.0663,72.21780615053763,3.8659729957580566
900,3042,3905.5810999999994,181.45319999999995,41.75926563636362,4.017297744750977
900,9808,3360.214299999996,145.13119999999992,47.486677410774405,3.9789462089538574
900,5407,2200.3674000000065,101.03649999999999,48.83037982438846,2.9885129928588867
900,3782,3721.1635000000056,165.26720000000006,55.54774605144695,3.780050039291382
900,5410,4045.71910000001,186.89569999999995,65.10724103703703,3.773737907409668
900,8428,2809.8484999999955,129.99990000000003,38.92561528571428,3.3756520748138428
900,7236,2555.1918999999994,115.803,39.30550563727591,3.7210259437561035
900,2085,4432.369399999997,225.26619999999994,66.57020832911392,2.6309871673583984
900,2139,3112.2036999999877,151.85130000000018,39.992709766990274,3.925320863723755
900,6801,4584.132800000007,200.72909999999996,57.472894891891876,3.8147709369659424
900,6820,2803.945700000004,128.6513,43.52935071794872,4.3019468784332275
900,3830,4743.5606000000025,202.36059999999998,61.284864011173205,3.5863959789276123
900,7975,3349.4133000000033,152.4038999999999,46.27700368846817,3.2100489139556885
900,3469,2665.912400000004,120.05820000000004,43.93099582389939,3.6932308673858643
900,1454,3474.164199999997,157.54729999999998,46.48236286956522,3.6407909393310547
900,2573,4293.744200000004,192.0711,47.461395696468664,3.312077760696411
900,3931,3671.909100000001,180.9485000000001,37.65474458555133,3.647216796875
900,5445,2781.130099999998,126.79099999999995,41.41812457968969,3.303907871246338
900,5745,3823.545900000004,177.72710000000004,65.09539172845955,3.8374147415161133
900,7167,3570.4522999999895,150.988,64.43897584662578,5.063930988311768
900,7597,2487.0656000000013,111.5601,47.89386684586764,3.8623480796813965
900,7005,3465.3652000000116,155.89100000000002,52.704778461028184,3.7574591636657715
900,3239,2192.4208999999964,108.1208,44.31972957337884,3.373554229736328
900,4331,3548.418899999993,165.5537,47.96223666042153,3.6853749752044678
900,5960,3998.8522000000116,173.99059999999983,47.115781492600426,4.089867115020752
900,1284,3773.9604999999956,173.80299999999994,66.05034475968992,3.8777451515197754
900,2402,3402.261499999999,153.05040000000002,55.803238214618965,4.161123037338257
900,8146,2836.043300000004,129.90760000000006,45.586906501094106,4.4713709354400635
900,1786,4819.065099999997,215.68819999999997,61.5582068859935,3.536609649658203
900,8911,2929.327499999997,130.6812999999999,42.15395612737577,4.4454591274261475
900,7510,4088.791500000004,187.94910000000013,75.08857367676768,3.5232880115509033
900,6556,3304.8884000000016,146.2895,57.20503037465566,3.864497184753418
900,5726,3149.841199999997,138.46500000000017,49.8641082631579,4.514457702636719
900,2935,2692.2678000000033,113.11159999999997,33.89017941935485,5.4453959465026855
900,7223,4241.154799999999,194.66530000000006,65.48705921791472,4.572448015213013
900,1405,3077.8546999999967,137.9585,49.55732961870505,4.447720766067505
900,6792,5509.561199999992,244.53579999999988,64.87915958585857,4.402395009994507
900,7527,3162.5976000000014,144.18019999999984,53.4937237391304,3.810710906982422
900,3965,3268.622699999996,151.33459999999994,45.00198655033558,4.094454050064087
900,9686,3937.766499999994,174.5979000000001,50.84821528571428,3.962327718734741
900,2054,3010.9581999999973,131.3585,65.36385207087825,4.386481285095215
900,7502,3443.194299999991,153.1531,49.79598135013665,4.463392019271851
900,5872,3657.6827999999955,174.4548999999999,55.43116419931271,4.826343059539795
900,1751,2794.3553000000047,125.5373,38.392508801097385,4.512673854827881
900,5095,2992.0509999999977,134.192,40.969851058823515,4.322141885757446
900,8465,2613.817699999994,115.79889999999996,59.582442860465115,4.3050010204315186
900,8504,3704.2352999999935,164.61130000000006,41.05060637268128,4.633380174636841
900,8819,3093.131400000003,136.7108,41.46538941374474,4.0768609046936035
900,4921,4062.8482000000026,186.14470000000009,71.45740644827589,4.670765161514282
